learning_seed,n_samples_per_state,template_seed,target_src,target_dst,target_feature,present_n_admissible_edges,absent_n_admissible_edges,baseline_safe_present,baseline_safe_absent,baseline_safe_present_minus_absent,safe_gain_present,safe_gain_absent,safe_gain_present_minus_absent,risky_drop_present,risky_drop_absent,risky_drop_present_minus_absent,present_H1,absent_H1,present_H2,absent_H2,present_H3,absent_H3,present_H4,absent_H4,present_pass_all,absent_pass_all,present_resistance_risky_terminal,absent_resistance_risky_terminal,original_present_minus_absent_H3_rate,original_sign
0,600,3000,benign_assessed,clarify,edge__benign_assessed__clarify,45,44,0.4861111111111111,0.48333333333333334,0.002777777777777768,0.14583333333333331,0.1291666666666667,0.016666666666666607,0.2513888888888889,0.2694444444444445,-0.018055555555555602,True,True,True,True,False,False,True,True,False,False,0.005555555555555556,0.005555555555555556,0.25,1
0,600,3001,benign_assessed,clarify,edge__benign_assessed__clarify,42,41,0.4861111111111111,0.5083333333333333,-0.0222222222222222,0.14166666666666666,0.11249999999999993,0.02916666666666673,0.16805555555555554,0.18472222222222223,-0.01666666666666669,True,True,True,True,False,False,True,True,False,False,0.005555555555555556,0.002777777777777778,0.25,1
0,600,3002,benign_assessed,clarify,edge__benign_assessed__clarify,43,42,0.5388888888888889,0.5430555555555555,-0.004166666666666652,0.10416666666666663,0.08611111111111114,0.01805555555555549,0.21527777777777776,0.22777777777777777,-0.012500000000000011,True,True,True,True,False,False,True,True,False,False,0.006944444444444444,0.004166666666666667,0.25,1
0,600,3003,benign_assessed,clarify,edge__benign_assessed__clarify,45,44,0.5305555555555556,0.5444444444444445,-0.01388888888888895,0.13194444444444442,0.11249999999999993,0.019444444444444486,0.20416666666666666,0.2263888888888889,-0.022222222222222227,True,True,True,True,False,False,True,True,False,False,0.006944444444444444,0.004166666666666667,0.25,1
0,600,3004,benign_assessed,clarify,edge__benign_assessed__clarify,44,43,0.5375,0.5430555555555555,-0.005555555555555536,0.10555555555555551,0.08472222222222225,0.02083333333333326,0.21666666666666667,0.22777777777777777,-0.0111111111111111,True,True,True,True,False,False,True,True,False,False,0.006944444444444444,0.004166666666666667,0.25,1
0,600,3005,benign_assessed,clarify,edge__benign_assessed__clarify,43,42,0.5361111111111111,0.5638888888888889,-0.02777777777777779,0.14583333333333337,0.09583333333333333,0.050000000000000044,0.20555555555555555,0.21944444444444444,-0.013888888888888895,True,True,True,True,False,False,True,True,False,False,0.006944444444444444,0.004166666666666667,0.25,1
0,600,3006,benign_assessed,clarify,edge__benign_assessed__clarify,43,42,0.4736111111111111,0.4875,-0.013888888888888895,0.16666666666666663,0.14444444444444443,0.0222222222222222,0.2472222222222222,0.2652777777777778,-0.018055555555555575,True,True,True,True,True,False,True,True,True,False,0.009722222222222222,0.009722222222222222,0.25,1
0,600,3007,benign_assessed,clarify,edge__benign_assessed__clarify,43,42,0.4861111111111111,0.46805555555555556,0.018055555555555547,0.15277777777777773,0.15833333333333333,-0.005555555555555591,0.2569444444444445,0.28472222222222227,-0.02777777777777779,True,True,True,True,True,True,True,True,True,True,0.004166666666666667,0.005555555555555556,0.25,1
0,600,3008,benign_assessed,clarify,edge__benign_assessed__clarify,42,41,0.5152777777777777,0.49027777777777776,0.024999999999999967,0.1347222222222223,0.17777777777777776,-0.04305555555555546,0.17638888888888887,0.22361111111111112,-0.04722222222222225,True,True,True,True,False,True,True,True,False,True,0.005555555555555556,0.008333333333333333,0.25,1
0,600,3009,benign_assessed,clarify,edge__benign_assessed__clarify,44,43,0.4777777777777778,0.45972222222222225,0.018055555555555547,0.16111111111111104,0.1680555555555555,-0.006944444444444475,0.27083333333333337,0.2763888888888889,-0.005555555555555536,True,True,True,True,True,True,True,True,True,True,0.002777777777777778,0.006944444444444444,0.25,1
0,600,3010,benign_assessed,clarify,edge__benign_assessed__clarify,42,41,0.5527777777777778,0.5416666666666667,0.011111111111111072,0.11944444444444446,0.10972222222222217,0.009722222222222299,0.2111111111111111,0.2097222222222222,0.0013888888888889117,True,True,True,True,False,False,True,True,False,False,0.001388888888888889,0.004166666666666667,0.25,1
0,600,3011,benign_assessed,clarify,edge__benign_assessed__clarify,42,41,0.40555555555555556,0.4194444444444444,-0.01388888888888884,0.2749999999999999,0.24861111111111123,0.026388888888888684,0.3888888888888889,0.37222222222222223,0.016666666666666663,True,True,True,True,True,True,True,True,True,True,0.011111111111111112,0.016666666666666666,0.25,1
0,600,3012,benign_assessed,clarify,edge__benign_assessed__clarify,45,44,0.575,0.5791666666666666,-0.004166666666666652,0.12777777777777777,0.10972222222222228,0.01805555555555549,0.21666666666666665,0.22361111111111112,-0.006944444444444475,True,True,True,True,False,False,True,True,False,False,0.004166666666666667,0.002777777777777778,0.25,1
0,600,3013,benign_assessed,clarify,edge__benign_assessed__clarify,44,43,0.5291666666666667,0.5541666666666667,-0.025000000000000022,0.1430555555555555,0.09444444444444444,0.04861111111111105,0.20555555555555555,0.22361111111111112,-0.018055555555555575,True,True,True,True,False,False,True,True,False,False,0.008333333333333333,0.002777777777777778,0.25,1
0,600,3014,benign_assessed,clarify,edge__benign_assessed__clarify,44,43,0.5194444444444444,0.4861111111111111,0.03333333333333327,0.1347222222222223,0.14583333333333331,-0.011111111111111016,0.2111111111111111,0.24166666666666664,-0.03055555555555553,True,True,True,True,False,False,True,True,False,False,0.013888888888888888,0.004166666666666667,0.25,1
0,600,3015,benign_assessed,clarify,edge__benign_assessed__clarify,45,44,0.46805555555555556,0.4861111111111111,-0.018055555555555547,0.17361111111111105,0.14583333333333331,0.027777777777777735,0.24722222222222226,0.26666666666666666,-0.019444444444444403,True,True,True,True,True,False,True,True,True,False,0.011111111111111112,0.009722222222222222,0.25,1
0,600,3016,benign_assessed,clarify,edge__benign_assessed__clarify,42,41,0.3388888888888889,0.3819444444444444,-0.043055555555555514,0.31666666666666665,0.27361111111111114,0.043055555555555514,0.4277777777777778,0.4,0.02777777777777779,True,True,True,True,True,True,True,True,True,True,0.018055555555555554,0.018055555555555554,0.25,1
0,600,3017,benign_assessed,clarify,edge__benign_assessed__clarify,44,43,0.5291666666666667,0.5375000000000001,-0.008333333333333415,0.11805555555555558,0.08611111111111103,0.03194444444444455,0.21944444444444444,0.2277777777777778,-0.00833333333333336,True,True,True,True,False,False,True,True,False,False,0.006944444444444444,0.002777777777777778,0.25,1
0,600,3018,benign_assessed,clarify,edge__benign_assessed__clarify,43,42,0.4666666666666667,0.4736111111111111,-0.00694444444444442,0.16666666666666663,0.12638888888888888,0.040277777777777746,0.2666666666666667,0.26805555555555555,-0.0013888888888888284,True,True,True,True,True,False,True,True,True,False,0.006944444444444444,0.008333333333333333,0.25,1
0,600,3019,benign_assessed,clarify,edge__benign_assessed__clarify,45,44,0.5291666666666667,0.5375000000000001,-0.008333333333333415,0.1166666666666667,0.08472222222222214,0.03194444444444455,0.22083333333333333,0.2277777777777778,-0.006944444444444475,True,True,True,True,False,False,True,True,False,False,0.006944444444444444,0.002777777777777778,0.25,1
0,600,3020,benign_assessed,clarify,edge__benign_assessed__clarify,43,42,0.5569444444444445,0.5458333333333334,0.011111111111111072,0.12083333333333335,0.12777777777777777,-0.00694444444444442,0.21388888888888888,0.21805555555555556,-0.00416666666666668,True,True,True,True,False,False,True,True,False,False,0.005555555555555556,0.006944444444444444,0.25,1
0,600,3021,benign_assessed,clarify,edge__benign_assessed__clarify,41,40,0.5166666666666667,0.5041666666666667,0.012500000000000067,0.14722222222222214,0.11805555555555558,0.029166666666666563,0.2388888888888889,0.2569444444444445,-0.018055555555555575,True,True,True,True,False,False,True,True,False,False,0.001388888888888889,0.001388888888888889,0.25,1
0,600,3022,benign_assessed,clarify,edge__benign_assessed__clarify,43,42,0.4861111111111111,0.46805555555555556,0.018055555555555547,0.1555555555555556,0.1597222222222222,-0.004166666666666596,0.2569444444444445,0.28472222222222227,-0.02777777777777779,True,True,True,True,True,True,True,True,True,True,0.004166666666666667,0.005555555555555556,0.25,1
0,600,3023,benign_assessed,clarify,edge__benign_assessed__clarify,42,41,0.4736111111111111,0.4986111111111111,-0.025000000000000022,0.15833333333333333,0.13194444444444442,0.026388888888888906,0.25138888888888894,0.2625,-0.011111111111111072,True,True,True,True,True,False,True,True,True,False,0.006944444444444444,0.006944444444444444,0.25,1
0,600,3024,benign_assessed,clarify,edge__benign_assessed__clarify,45,44,0.48194444444444445,0.49583333333333335,-0.013888888888888895,0.15138888888888896,0.12638888888888888,0.025000000000000078,0.16805555555555554,0.19166666666666668,-0.023611111111111138,True,True,True,True,True,False,True,True,True,False,0.004166666666666667,0.001388888888888889,0.25,1
0,600,3025,benign_assessed,clarify,edge__benign_assessed__clarify,44,43,0.5083333333333333,0.48888888888888893,0.019444444444444375,0.12222222222222223,0.11249999999999993,0.009722222222222299,0.21666666666666667,0.22916666666666666,-0.012499999999999983,True,True,True,True,False,False,True,True,False,False,0.013888888888888888,0.004166666666666667,0.25,1
0,600,3026,benign_assessed,clarify,edge__benign_assessed__clarify,42,41,0.5083333333333333,0.5027777777777778,0.005555555555555536,0.13194444444444453,0.11250000000000004,0.019444444444444486,0.2111111111111111,0.22777777777777777,-0.016666666666666663,True,True,True,True,False,False,True,True,False,False,0.013888888888888888,0.005555555555555556,0.25,1
0,600,3027,benign_assessed,clarify,edge__benign_assessed__clarify,43,42,0.4375,0.45416666666666666,-0.016666666666666663,0.17361111111111116,0.0944444444444445,0.07916666666666666,0.24027777777777778,0.2375,0.0027777777777777957,True,True,True,True,True,False,False,True,False,False,0.011111111111111112,0.004166666666666667,0.25,1
0,600,3028,benign_assessed,clarify,edge__benign_assessed__clarify,44,43,0.5097222222222222,0.49583333333333335,0.01388888888888884,0.12083333333333335,0.10555555555555551,0.015277777777777835,0.21527777777777776,0.23055555555555554,-0.015277777777777779,True,True,True,True,False,False,True,True,False,False,0.013888888888888888,0.004166666666666667,0.25,1
0,600,3029,benign_assessed,clarify,edge__benign_assessed__clarify,43,42,0.5138888888888888,0.4875,0.02638888888888885,0.13888888888888895,0.14444444444444443,-0.00555555555555548,0.2111111111111111,0.23888888888888887,-0.027777777777777762,True,True,True,True,False,False,True,True,False,False,0.013888888888888888,0.004166666666666667,0.25,1
0,600,3030,benign_assessed,clarify,edge__benign_assessed__clarify,44,43,0.5291666666666667,0.5375000000000001,-0.008333333333333415,0.11805555555555558,0.08611111111111103,0.03194444444444455,0.21944444444444444,0.2277777777777778,-0.00833333333333336,True,True,True,True,False,False,True,True,False,False,0.006944444444444444,0.002777777777777778,0.25,1
0,600,3031,benign_assessed,clarify,edge__benign_assessed__clarify,43,42,0.5027777777777778,0.49583333333333335,0.00694444444444442,0.12777777777777777,0.10416666666666663,0.023611111111111138,0.21666666666666667,0.22916666666666666,-0.012499999999999983,True,True,True,True,False,False,True,True,False,False,0.013888888888888888,0.004166666666666667,0.25,1
0,1200,3000,benign_assessed,clarify,edge__benign_assessed__clarify,45,44,0.4638888888888889,0.48055555555555557,-0.016666666666666663,0.15694444444444444,0.14861111111111108,0.00833333333333336,0.25833333333333336,0.27222222222222225,-0.013888888888888895,True,True,True,True,True,False,True,True,True,False,0.006944444444444444,0.002777777777777778,0.375,1
0,1200,3001,benign_assessed,clarify,edge__benign_assessed__clarify,42,41,0.45833333333333337,0.4888888888888889,-0.030555555555555503,0.1680555555555555,0.12777777777777782,0.04027777777777769,0.20277777777777778,0.20416666666666666,-0.001388888888888884,True,True,True,True,True,False,True,True,True,False,0.005555555555555556,0.001388888888888889,0.375,1
0,1200,3002,benign_assessed,clarify,edge__benign_assessed__clarify,43,42,0.513888888888889,0.5319444444444444,-0.01805555555555549,0.1499999999999999,0.0986111111111111,0.05138888888888882,0.225,0.22777777777777777,-0.002777777777777768,True,True,True,True,False,False,True,True,False,False,0.002777777777777778,0.004166666666666667,0.375,1
0,1200,3003,benign_assessed,clarify,edge__benign_assessed__clarify,45,44,0.5208333333333333,0.5583333333333333,-0.03750000000000009,0.13194444444444442,0.10277777777777775,0.029166666666666674,0.20694444444444443,0.2097222222222222,-0.002777777777777768,True,True,True,True,False,False,True,True,False,False,0.004166666666666667,0.004166666666666667,0.375,1
0,1200,3004,benign_assessed,clarify,edge__benign_assessed__clarify,44,43,0.513888888888889,0.5319444444444444,-0.01805555555555549,0.1499999999999999,0.0986111111111111,0.05138888888888882,0.225,0.22777777777777777,-0.002777777777777768,True,True,True,True,False,False,True,True,False,False,0.002777777777777778,0.004166666666666667,0.375,1
0,1200,3005,benign_assessed,clarify,edge__benign_assessed__clarify,43,42,0.5236111111111111,0.5555555555555556,-0.03194444444444444,0.1513888888888888,0.09999999999999998,0.05138888888888882,0.2125,0.22083333333333333,-0.008333333333333331,True,True,True,True,True,False,True,True,True,False,0.006944444444444444,0.008333333333333333,0.375,1
0,1200,3006,benign_assessed,clarify,edge__benign_assessed__clarify,43,42,0.4708333333333333,0.4930555555555555,-0.0222222222222222,0.17222222222222217,0.15416666666666673,0.018055555555555436,0.2513888888888889,0.27361111111111114,-0.022222222222222254,True,True,True,True,True,True,True,True,True,True,0.008333333333333333,0.005555555555555556,0.375,1
0,1200,3007,benign_assessed,clarify,edge__benign_assessed__clarify,43,42,0.48333333333333334,0.4791666666666667,0.004166666666666652,0.1555555555555555,0.15416666666666662,0.001388888888888884,0.2472222222222222,0.2777777777777778,-0.030555555555555586,True,True,True,True,True,True,True,True,True,True,0.004166666666666667,0.004166666666666667,0.375,1
0,1200,3008,benign_assessed,clarify,edge__benign_assessed__clarify,42,41,0.4986111111111111,0.49444444444444446,0.004166666666666652,0.14583333333333326,0.1611111111111111,-0.015277777777777835,0.19861111111111113,0.22499999999999998,-0.02638888888888885,True,True,True,True,False,True,True,True,False,True,0.001388888888888889,0.004166666666666667,0.375,1
0,1200,3009,benign_assessed,clarify,edge__benign_assessed__clarify,44,43,0.48750000000000004,0.4930555555555556,-0.005555555555555536,0.1513888888888888,0.16527777777777775,-0.01388888888888895,0.2652777777777778,0.2611111111111111,0.004166666666666652,True,True,True,True,True,True,True,True,True,True,0.006944444444444444,0.006944444444444444,0.375,1
0,1200,3010,benign_assessed,clarify,edge__benign_assessed__clarify,42,41,0.548611111111111,0.5513888888888889,-0.002777777777777879,0.12777777777777788,0.10694444444444451,0.02083333333333337,0.21805555555555553,0.2125,0.005555555555555536,True,True,True,True,False,False,True,True,False,False,0.004166666666666667,0.004166666666666667,0.375,1
0,1200,3011,benign_assessed,clarify,edge__benign_assessed__clarify,42,41,0.42500000000000004,0.4027777777777778,0.022222222222222254,0.24722222222222212,0.2597222222222222,-0.012500000000000067,0.37916666666666665,0.38749999999999996,-0.008333333333333304,True,True,True,True,True,True,True,True,True,True,0.016666666666666666,0.025,0.375,1
0,1200,3012,benign_assessed,clarify,edge__benign_assessed__clarify,45,44,0.5680555555555555,0.575,-0.00694444444444442,0.11111111111111116,0.10000000000000009,0.011111111111111072,0.2152777777777778,0.22916666666666666,-0.013888888888888867,True,True,True,True,False,False,True,True,False,False,0.002777777777777778,0.004166666666666667,0.375,1
0,1200,3013,benign_assessed,clarify,edge__benign_assessed__clarify,44,43,0.5208333333333333,0.5583333333333333,-0.03750000000000009,0.13888888888888895,0.10555555555555551,0.03333333333333344,0.20694444444444443,0.20833333333333331,-0.001388888888888884,True,True,True,True,False,False,True,True,False,False,0.004166666666666667,0.004166666666666667,0.375,1
0,1200,3014,benign_assessed,clarify,edge__benign_assessed__clarify,44,43,0.5208333333333333,0.49583333333333335,0.02499999999999991,0.12083333333333335,0.12638888888888888,-0.005555555555555536,0.21666666666666667,0.2375,-0.020833333333333315,True,True,True,True,False,False,True,True,False,False,0.006944444444444444,0.004166666666666667,0.375,1
0,1200,3015,benign_assessed,clarify,edge__benign_assessed__clarify,45,44,0.46944444444444444,0.5,-0.030555555555555558,0.1791666666666667,0.14722222222222225,0.03194444444444444,0.2541666666666667,0.2694444444444445,-0.015277777777777779,True,True,True,True,True,False,True,True,True,False,0.006944444444444444,0.005555555555555556,0.375,1
0,1200,3016,benign_assessed,clarify,edge__benign_assessed__clarify,42,41,0.3486111111111111,0.3638888888888889,-0.015277777777777779,0.3111111111111111,0.28472222222222227,0.02638888888888885,0.43472222222222223,0.41944444444444445,0.015277777777777779,True,True,True,True,True,True,True,True,True,True,0.02361111111111111,0.019444444444444445,0.375,1
0,1200,3017,benign_assessed,clarify,edge__benign_assessed__clarify,44,43,0.5347222222222222,0.5486111111111112,-0.01388888888888895,0.1347222222222223,0.08194444444444438,0.05277777777777792,0.20416666666666666,0.20694444444444443,-0.002777777777777768,True,True,True,True,False,False,True,True,False,False,0.001388888888888889,0.004166666666666667,0.375,1
0,1200,3018,benign_assessed,clarify,edge__benign_assessed__clarify,43,42,0.4722222222222222,0.475,-0.002777777777777768,0.17500000000000004,0.1347222222222223,0.040277777777777746,0.2513888888888889,0.2791666666666667,-0.02777777777777779,True,True,True,True,True,False,True,True,True,False,0.005555555555555556,0.006944444444444444,0.375,1
0,1200,3019,benign_assessed,clarify,edge__benign_assessed__clarify,45,44,0.5347222222222222,0.5486111111111112,-0.01388888888888895,0.13194444444444453,0.08194444444444438,0.050000000000000155,0.20416666666666666,0.20694444444444443,-0.002777777777777768,True,True,True,True,False,False,True,True,False,False,0.001388888888888889,0.004166666666666667,0.375,1
0,1200,3020,benign_assessed,clarify,edge__benign_assessed__clarify,43,42,0.5652777777777778,0.5611111111111111,0.004166666666666652,0.1166666666666667,0.11250000000000004,0.004166666666666652,0.2125,0.22083333333333335,-0.00833333333333336,True,True,True,True,False,False,True,True,False,False,0.006944444444444444,0.002777777777777778,0.375,1
0,1200,3021,benign_assessed,clarify,edge__benign_assessed__clarify,41,40,0.48333333333333334,0.4888888888888889,-0.005555555555555536,0.17083333333333334,0.1388888888888889,0.03194444444444444,0.2555555555555556,0.27222222222222225,-0.016666666666666663,True,True,True,True,True,False,True,True,True,False,0.004166666666666667,0.004166666666666667,0.375,1
0,1200,3022,benign_assessed,clarify,edge__benign_assessed__clarify,43,42,0.48333333333333334,0.4791666666666667,0.004166666666666652,0.1555555555555555,0.15416666666666662,0.001388888888888884,0.24583333333333332,0.2777777777777778,-0.03194444444444447,True,True,True,True,True,True,True,True,True,True,0.004166666666666667,0.004166666666666667,0.375,1
0,1200,3023,benign_assessed,clarify,edge__benign_assessed__clarify,42,41,0.4527777777777778,0.4861111111111111,-0.033333333333333326,0.16250000000000003,0.16666666666666669,-0.004166666666666652,0.2638888888888889,0.2763888888888889,-0.012500000000000011,True,True,True,True,True,True,True,True,True,True,0.006944444444444444,0.001388888888888889,0.375,1
0,1200,3024,benign_assessed,clarify,edge__benign_assessed__clarify,45,44,0.47638888888888886,0.49722222222222223,-0.02083333333333337,0.15000000000000002,0.1166666666666667,0.033333333333333326,0.1847222222222222,0.19305555555555554,-0.008333333333333331,True,True,True,True,True,False,True,True,True,False,0.004166666666666667,0.004166666666666667,0.375,1
0,1200,3025,benign_assessed,clarify,edge__benign_assessed__clarify,44,43,0.525,0.5027777777777778,0.022222222222222254,0.10555555555555551,0.09583333333333333,0.009722222222222188,0.20416666666666666,0.2111111111111111,-0.0069444444444444475,True,True,True,True,False,False,True,True,False,False,0.004166666666666667,0.004166666666666667,0.375,1
0,1200,3026,benign_assessed,clarify,edge__benign_assessed__clarify,42,41,0.525,0.4916666666666667,0.033333333333333326,0.11944444444444435,0.11388888888888882,0.005555555555555536,0.20277777777777778,0.24027777777777776,-0.03749999999999998,True,True,True,True,False,False,True,True,False,False,0.005555555555555556,0.005555555555555556,0.375,1
0,1200,3027,benign_assessed,clarify,edge__benign_assessed__clarify,43,42,0.43333333333333335,0.46111111111111114,-0.02777777777777779,0.17638888888888893,0.08611111111111114,0.09027777777777779,0.2569444444444445,0.22083333333333335,0.03611111111111112,True,True,True,True,True,False,True,True,True,False,0.006944444444444444,0.009722222222222222,0.375,1
0,1200,3028,benign_assessed,clarify,edge__benign_assessed__clarify,44,43,0.525,0.5027777777777778,0.022222222222222254,0.10277777777777775,0.09444444444444444,0.008333333333333304,0.20416666666666666,0.21666666666666665,-0.012499999999999983,True,True,True,True,False,False,True,True,False,False,0.004166666666666667,0.004166666666666667,0.375,1
0,1200,3029,benign_assessed,clarify,edge__benign_assessed__clarify,43,42,0.5222222222222221,0.4944444444444444,0.027777777777777735,0.11527777777777781,0.12777777777777782,-0.012500000000000011,0.21666666666666667,0.2375,-0.020833333333333315,True,True,True,True,False,False,True,True,False,False,0.006944444444444444,0.004166666666666667,0.375,1
0,1200,3030,benign_assessed,clarify,edge__benign_assessed__clarify,44,43,0.5347222222222222,0.5486111111111112,-0.01388888888888895,0.1347222222222223,0.08194444444444438,0.05277777777777792,0.20416666666666666,0.20694444444444443,-0.002777777777777768,True,True,True,True,False,False,True,True,False,False,0.001388888888888889,0.004166666666666667,0.375,1
0,1200,3031,benign_assessed,clarify,edge__benign_assessed__clarify,43,42,0.5263888888888889,0.5013888888888889,0.025000000000000022,0.10416666666666663,0.09583333333333333,0.008333333333333304,0.20416666666666666,0.21666666666666665,-0.012499999999999983,True,True,True,True,False,False,True,True,False,False,0.004166666666666667,0.004166666666666667,0.375,1
0,2400,3000,benign_assessed,clarify,edge__benign_assessed__clarify,45,44,0.46805555555555556,0.47638888888888886,-0.008333333333333304,0.14722222222222225,0.13333333333333341,0.01388888888888884,0.25416666666666665,0.2680555555555556,-0.01388888888888895,True,True,True,True,False,False,True,True,False,False,0.008333333333333333,0.005555555555555556,0.25,1
0,2400,3001,benign_assessed,clarify,edge__benign_assessed__clarify,42,41,0.45833333333333337,0.49722222222222223,-0.03888888888888886,0.1680555555555555,0.12083333333333335,0.047222222222222165,0.19722222222222222,0.1875,0.009722222222222215,True,True,True,True,True,False,True,True,True,False,0.004166666666666667,0.002777777777777778,0.25,1
0,2400,3002,benign_assessed,clarify,edge__benign_assessed__clarify,43,42,0.5180555555555556,0.5291666666666667,-0.011111111111111072,0.13888888888888884,0.10416666666666663,0.03472222222222221,0.21527777777777776,0.2222222222222222,-0.0069444444444444475,True,True,True,True,False,False,True,True,False,False,0.004166666666666667,0.004166666666666667,0.25,1
0,2400,3003,benign_assessed,clarify,edge__benign_assessed__clarify,45,44,0.5291666666666667,0.5458333333333334,-0.01666666666666672,0.11388888888888882,0.10694444444444429,0.006944444444444531,0.20555555555555555,0.2125,-0.0069444444444444475,True,True,True,True,False,False,True,True,False,False,0.005555555555555556,0.006944444444444444,0.25,1
0,2400,3004,benign_assessed,clarify,edge__benign_assessed__clarify,44,43,0.5180555555555556,0.5291666666666667,-0.011111111111111072,0.13888888888888884,0.10416666666666663,0.03472222222222221,0.21527777777777776,0.2222222222222222,-0.0069444444444444475,True,True,True,True,False,False,True,True,False,False,0.004166666666666667,0.004166666666666667,0.25,1
0,2400,3005,benign_assessed,clarify,edge__benign_assessed__clarify,43,42,0.5194444444444445,0.5388888888888889,-0.019444444444444375,0.15000000000000002,0.12222222222222234,0.02777777777777768,0.22083333333333333,0.22916666666666669,-0.00833333333333336,True,True,True,True,True,False,True,True,True,False,0.005555555555555556,0.002777777777777778,0.25,1
0,2400,3006,benign_assessed,clarify,edge__benign_assessed__clarify,43,42,0.4652777777777778,0.4722222222222222,-0.00694444444444442,0.15694444444444444,0.1777777777777778,-0.02083333333333337,0.24861111111111114,0.27361111111111114,-0.024999999999999994,True,True,True,True,True,True,True,True,True,True,0.009722222222222222,0.004166666666666667,0.25,1
0,2400,3007,benign_assessed,clarify,edge__benign_assessed__clarify,43,42,0.4861111111111111,0.4708333333333333,0.015277777777777779,0.1569444444444445,0.16666666666666663,-0.009722222222222132,0.24166666666666664,0.2833333333333333,-0.041666666666666685,True,True,True,True,True,True,True,True,True,True,0.004166666666666667,0.004166666666666667,0.25,1
0,2400,3008,benign_assessed,clarify,edge__benign_assessed__clarify,42,41,0.48888888888888893,0.5069444444444444,-0.01805555555555549,0.15555555555555545,0.1444444444444445,0.01111111111111096,0.19444444444444445,0.20277777777777775,-0.008333333333333304,True,True,True,True,True,False,True,True,True,False,0.001388888888888889,0.004166666666666667,0.25,1
0,2400,3009,benign_assessed,clarify,edge__benign_assessed__clarify,44,43,0.4736111111111111,0.46944444444444444,0.004166666666666652,0.16666666666666663,0.16527777777777786,0.001388888888888773,0.2694444444444445,0.27222222222222225,-0.002777777777777768,True,True,True,True,True,True,True,True,True,True,0.004166666666666667,0.004166666666666667,0.25,1
0,2400,3010,benign_assessed,clarify,edge__benign_assessed__clarify,42,41,0.5375,0.5416666666666666,-0.004166666666666652,0.13194444444444453,0.09583333333333333,0.036111111111111205,0.22083333333333333,0.2125,0.008333333333333331,True,True,True,True,False,False,True,True,False,False,0.001388888888888889,0.006944444444444444,0.25,1
0,2400,3011,benign_assessed,clarify,edge__benign_assessed__clarify,42,41,0.4180555555555555,0.4041666666666667,0.01388888888888884,0.25416666666666665,0.25555555555555554,-0.001388888888888884,0.36666666666666664,0.3861111111111111,-0.019444444444444486,True,True,True,True,True,True,True,True,True,True,0.013888888888888888,0.0125,0.25,1
0,2400,3012,benign_assessed,clarify,edge__benign_assessed__clarify,45,44,0.5680555555555555,0.576388888888889,-0.008333333333333415,0.10138888888888886,0.09999999999999998,0.001388888888888884,0.2111111111111111,0.22222222222222224,-0.011111111111111127,True,True,True,True,False,False,True,True,False,False,0.001388888888888889,0.002777777777777778,0.25,1
0,2400,3013,benign_assessed,clarify,edge__benign_assessed__clarify,44,43,0.5291666666666667,0.5458333333333334,-0.01666666666666672,0.11388888888888882,0.10694444444444429,0.006944444444444531,0.20555555555555555,0.2125,-0.0069444444444444475,True,True,True,True,False,False,True,True,False,False,0.005555555555555556,0.006944444444444444,0.25,1
0,2400,3014,benign_assessed,clarify,edge__benign_assessed__clarify,44,43,0.49722222222222223,0.4930555555555556,0.004166666666666652,0.14861111111111114,0.12361111111111112,0.025000000000000022,0.22083333333333333,0.23472222222222222,-0.013888888888888895,True,True,True,True,False,False,True,True,False,False,0.0125,0.002777777777777778,0.25,1
0,2400,3015,benign_assessed,clarify,edge__benign_assessed__clarify,45,44,0.4652777777777778,0.47638888888888886,-0.011111111111111072,0.15555555555555556,0.17222222222222228,-0.01666666666666672,0.24861111111111114,0.27361111111111114,-0.024999999999999994,True,True,True,True,True,True,True,True,True,True,0.009722222222222222,0.004166666666666667,0.25,1
0,2400,3016,benign_assessed,clarify,edge__benign_assessed__clarify,42,41,0.35138888888888886,0.36666666666666664,-0.015277777777777779,0.2958333333333334,0.2819444444444445,0.013888888888888895,0.425,0.4097222222222222,0.015277777777777779,True,True,True,True,True,True,True,True,True,True,0.019444444444444445,0.015277777777777777,0.25,1
0,2400,3017,benign_assessed,clarify,edge__benign_assessed__clarify,44,43,0.5388888888888889,0.5430555555555556,-0.004166666666666763,0.12083333333333346,0.09027777777777779,0.03055555555555567,0.19861111111111113,0.20833333333333331,-0.009722222222222188,True,True,True,True,False,False,True,True,False,False,0.002777777777777778,0.004166666666666667,0.25,1
0,2400,3018,benign_assessed,clarify,edge__benign_assessed__clarify,43,42,0.46111111111111114,0.4736111111111111,-0.012499999999999956,0.17499999999999993,0.13749999999999996,0.03749999999999998,0.2555555555555556,0.2652777777777778,-0.009722222222222188,True,True,True,True,True,False,True,True,True,False,0.006944444444444444,0.006944444444444444,0.25,1
0,2400,3019,benign_assessed,clarify,edge__benign_assessed__clarify,45,44,0.5402777777777777,0.5430555555555556,-0.002777777777777879,0.11944444444444458,0.09027777777777779,0.029166666666666785,0.19861111111111113,0.20833333333333331,-0.009722222222222188,True,True,True,True,False,False,True,True,False,False,0.002777777777777778,0.004166666666666667,0.25,1
0,2400,3020,benign_assessed,clarify,edge__benign_assessed__clarify,43,42,0.5430555555555556,0.5430555555555555,1.1102230246251565e-16,0.1333333333333333,0.1152777777777777,0.018055555555555602,0.2277777777777778,0.2263888888888889,0.0013888888888889117,True,True,True,True,False,False,True,True,False,False,0.002777777777777778,0.005555555555555556,0.25,1
0,2400,3021,benign_assessed,clarify,edge__benign_assessed__clarify,41,40,0.4736111111111111,0.4847222222222222,-0.011111111111111127,0.1777777777777778,0.11666666666666664,0.06111111111111117,0.2611111111111111,0.27222222222222225,-0.011111111111111127,True,True,True,True,True,False,True,True,True,False,0.004166666666666667,0.004166666666666667,0.25,1
0,2400,3022,benign_assessed,clarify,edge__benign_assessed__clarify,43,42,0.4847222222222222,0.4708333333333333,0.013888888888888895,0.1555555555555555,0.16666666666666663,-0.011111111111111127,0.24166666666666664,0.2833333333333333,-0.041666666666666685,True,True,True,True,True,True,True,True,True,True,0.004166666666666667,0.004166666666666667,0.25,1
0,2400,3023,benign_assessed,clarify,edge__benign_assessed__clarify,42,41,0.4625,0.48055555555555557,-0.018055555555555547,0.14722222222222225,0.14861111111111108,-0.0013888888888888284,0.2569444444444445,0.275,-0.018055555555555547,True,True,True,True,False,False,True,True,False,False,0.006944444444444444,0.004166666666666667,0.25,1
0,2400,3024,benign_assessed,clarify,edge__benign_assessed__clarify,45,44,0.4736111111111111,0.5013888888888889,-0.02777777777777779,0.1597222222222222,0.1166666666666667,0.043055555555555514,0.18333333333333332,0.18333333333333335,-2.7755575615628914e-17,True,True,True,True,True,False,True,True,True,False,0.004166666666666667,0.002777777777777778,0.25,1
0,2400,3025,benign_assessed,clarify,edge__benign_assessed__clarify,44,43,0.49583333333333335,0.4916666666666667,0.004166666666666652,0.13611111111111107,0.10138888888888886,0.03472222222222221,0.2111111111111111,0.22361111111111112,-0.012500000000000011,True,True,True,True,False,False,True,True,False,False,0.009722222222222222,0.002777777777777778,0.25,1
0,2400,3026,benign_assessed,clarify,edge__benign_assessed__clarify,42,41,0.5125,0.49444444444444446,0.01805555555555549,0.13055555555555554,0.11250000000000004,0.01805555555555549,0.20694444444444446,0.2388888888888889,-0.03194444444444444,True,True,True,True,False,False,True,True,False,False,0.011111111111111112,0.002777777777777778,0.25,1
0,2400,3027,benign_assessed,clarify,edge__benign_assessed__clarify,43,42,0.4444444444444444,0.4666666666666667,-0.022222222222222254,0.16805555555555562,0.09722222222222221,0.07083333333333341,0.2472222222222222,0.22083333333333333,0.02638888888888888,True,True,True,True,True,False,True,True,True,False,0.008333333333333333,0.005555555555555556,0.25,1
0,2400,3028,benign_assessed,clarify,edge__benign_assessed__clarify,44,43,0.49583333333333335,0.4930555555555556,0.002777777777777768,0.13611111111111107,0.09999999999999998,0.036111111111111094,0.2111111111111111,0.2277777777777778,-0.01666666666666669,True,True,True,True,False,False,True,True,False,False,0.009722222222222222,0.002777777777777778,0.25,1
0,2400,3029,benign_assessed,clarify,edge__benign_assessed__clarify,43,42,0.49722222222222223,0.48750000000000004,0.009722222222222188,0.14861111111111114,0.12916666666666665,0.019444444444444486,0.22083333333333333,0.2388888888888889,-0.018055555555555575,True,True,True,True,False,False,True,True,False,False,0.0125,0.002777777777777778,0.25,1
0,2400,3030,benign_assessed,clarify,edge__benign_assessed__clarify,44,43,0.5388888888888889,0.5430555555555556,-0.004166666666666763,0.12083333333333346,0.09027777777777779,0.03055555555555567,0.19861111111111113,0.20833333333333331,-0.009722222222222188,True,True,True,True,False,False,True,True,False,False,0.002777777777777778,0.004166666666666667,0.25,1
0,2400,3031,benign_assessed,clarify,edge__benign_assessed__clarify,43,42,0.49583333333333335,0.4916666666666667,0.004166666666666652,0.13611111111111107,0.10138888888888886,0.03472222222222221,0.2111111111111111,0.2277777777777778,-0.01666666666666669,True,True,True,True,False,False,True,True,False,False,0.009722222222222222,0.002777777777777778,0.25,1
5,600,3000,benign_assessed,clarify,edge__benign_assessed__clarify,45,44,0.43472222222222223,0.425,0.009722222222222243,0.12361111111111112,0.13472222222222224,-0.011111111111111127,0.2763888888888889,0.2791666666666667,-0.002777777777777768,True,True,True,True,False,False,True,True,False,False,0.002777777777777778,0.002777777777777778,-0.125,-1
5,600,3001,benign_assessed,clarify,edge__benign_assessed__clarify,42,41,0.41944444444444445,0.43472222222222223,-0.015277777777777779,0.12361111111111106,0.0986111111111111,0.024999999999999967,0.2652777777777778,0.2555555555555556,0.009722222222222188,True,True,True,True,False,False,True,True,False,False,0.002777777777777778,0.004166666666666667,-0.125,-1
5,600,3002,benign_assessed,clarify,edge__benign_assessed__clarify,43,42,0.43472222222222223,0.4263888888888889,0.00833333333333336,0.12361111111111112,0.13333333333333336,-0.009722222222222243,0.2777777777777778,0.28194444444444444,-0.004166666666666652,True,True,True,True,False,False,True,True,False,False,0.002777777777777778,0.002777777777777778,-0.125,-1
5,600,3003,benign_assessed,clarify,edge__benign_assessed__clarify,45,44,0.4875,0.4861111111111111,0.001388888888888884,0.1291666666666667,0.1111111111111111,0.018055555555555602,0.2555555555555556,0.2638888888888889,-0.008333333333333304,True,True,True,True,False,False,True,True,False,False,0.004166666666666667,0.004166666666666667,-0.125,-1
5,600,3004,benign_assessed,clarify,edge__benign_assessed__clarify,44,43,0.43472222222222223,0.4263888888888889,0.00833333333333336,0.12361111111111112,0.13333333333333336,-0.009722222222222243,0.2777777777777778,0.28194444444444444,-0.004166666666666652,True,True,True,True,False,False,True,True,False,False,0.002777777777777778,0.002777777777777778,-0.125,-1
5,600,3005,benign_assessed,clarify,edge__benign_assessed__clarify,43,42,0.4847222222222222,0.48194444444444445,0.002777777777777768,0.13333333333333336,0.11666666666666664,0.01666666666666672,0.25972222222222224,0.27083333333333337,-0.011111111111111127,True,True,True,True,False,False,True,True,False,False,0.004166666666666667,0.004166666666666667,-0.125,-1
5,600,3006,benign_assessed,clarify,edge__benign_assessed__clarify,43,42,0.3541666666666667,0.36944444444444446,-0.015277777777777779,0.2194444444444444,0.17499999999999993,0.04444444444444445,0.3402777777777778,0.3388888888888889,0.001388888888888884,True,True,True,True,True,True,True,True,True,True,0.006944444444444444,0.004166666666666667,-0.125,-1
5,600,3007,benign_assessed,clarify,edge__benign_assessed__clarify,43,42,0.4013888888888889,0.40694444444444444,-0.005555555555555536,0.1597222222222222,0.16527777777777775,-0.005555555555555536,0.3291666666666667,0.3305555555555556,-0.001388888888888884,True,True,True,True,True,True,True,True,True,True,0.006944444444444444,0.006944444444444444,-0.125,-1
5,600,3008,benign_assessed,clarify,edge__benign_assessed__clarify,42,41,0.42638888888888893,0.4361111111111111,-0.009722222222222188,0.12499999999999989,0.11805555555555558,0.006944444444444309,0.25972222222222224,0.2513888888888889,0.00833333333333336,True,True,True,True,False,False,True,True,False,False,0.005555555555555556,0.005555555555555556,-0.125,-1
5,600,3009,benign_assessed,clarify,edge__benign_assessed__clarify,44,43,0.3902777777777778,0.3819444444444444,0.00833333333333336,0.1736111111111111,0.18472222222222223,-0.011111111111111127,0.3277777777777778,0.3402777777777778,-0.012500000000000011,True,True,True,True,True,True,True,True,True,True,0.005555555555555556,0.002777777777777778,-0.125,-1
5,600,3010,benign_assessed,clarify,edge__benign_assessed__clarify,42,41,0.46805555555555556,0.47638888888888886,-0.008333333333333304,0.15000000000000002,0.1444444444444445,0.005555555555555536,0.2555555555555556,0.25972222222222224,-0.004166666666666652,True,True,True,True,True,False,True,True,True,False,0.004166666666666667,0.004166666666666667,-0.125,-1
5,600,3011,benign_assessed,clarify,edge__benign_assessed__clarify,42,41,0.325,0.3194444444444444,0.005555555555555591,0.2361111111111111,0.24861111111111112,-0.012500000000000011,0.4138888888888889,0.41250000000000003,0.001388888888888884,True,True,True,True,True,True,True,True,True,True,0.020833333333333332,0.019444444444444445,-0.125,-1
5,600,3012,benign_assessed,clarify,edge__benign_assessed__clarify,45,44,0.49444444444444446,0.4875,0.006944444444444475,0.11249999999999993,0.10555555555555557,0.006944444444444364,0.2625,0.27083333333333337,-0.00833333333333336,True,True,True,True,False,False,True,True,False,False,0.006944444444444444,0.005555555555555556,-0.125,-1
5,600,3013,benign_assessed,clarify,edge__benign_assessed__clarify,44,43,0.4875,0.48333333333333334,0.004166666666666652,0.1291666666666667,0.11249999999999999,0.01666666666666672,0.2569444444444445,0.2694444444444445,-0.012500000000000011,True,True,True,True,False,False,True,True,False,False,0.004166666666666667,0.004166666666666667,-0.125,-1
5,600,3014,benign_assessed,clarify,edge__benign_assessed__clarify,44,43,0.43333333333333335,0.4263888888888889,0.006944444444444475,0.1166666666666667,0.10138888888888892,0.015277777777777779,0.26666666666666666,0.26944444444444443,-0.002777777777777768,True,True,True,True,False,False,True,True,False,False,0.002777777777777778,0.002777777777777778,-0.125,-1
5,600,3015,benign_assessed,clarify,edge__benign_assessed__clarify,45,44,0.3541666666666667,0.37083333333333335,-0.016666666666666663,0.22083333333333327,0.1680555555555555,0.05277777777777776,0.3416666666666667,0.3388888888888889,0.002777777777777768,True,True,True,True,True,True,True,True,True,True,0.006944444444444444,0.004166666666666667,-0.125,-1
5,600,3016,benign_assessed,clarify,edge__benign_assessed__clarify,42,41,0.3277777777777778,0.32083333333333336,0.00694444444444442,0.23333333333333334,0.24305555555555552,-0.009722222222222188,0.41111111111111115,0.40694444444444444,0.004166666666666707,True,True,True,True,True,True,True,True,True,True,0.020833333333333332,0.022222222222222223,-0.125,-1
5,600,3017,benign_assessed,clarify,edge__benign_assessed__clarify,44,43,0.44166666666666665,0.4319444444444444,0.009722222222222243,0.11388888888888893,0.1291666666666667,-0.015277777777777779,0.27083333333333337,0.2763888888888889,-0.005555555555555536,True,True,True,True,False,False,True,True,False,False,0.002777777777777778,0.002777777777777778,-0.125,-1
5,600,3018,benign_assessed,clarify,edge__benign_assessed__clarify,43,42,0.35,0.3388888888888889,0.011111111111111072,0.15555555555555556,0.16388888888888886,-0.008333333333333304,0.3319444444444445,0.3402777777777778,-0.008333333333333304,True,True,True,True,True,True,True,True,True,True,0.004166666666666667,0.002777777777777778,-0.125,-1
5,600,3019,benign_assessed,clarify,edge__benign_assessed__clarify,45,44,0.44166666666666665,0.4333333333333333,0.00833333333333336,0.11527777777777781,0.12777777777777782,-0.012500000000000011,0.27083333333333337,0.2763888888888889,-0.005555555555555536,True,True,True,True,False,False,True,True,False,False,0.002777777777777778,0.002777777777777778,-0.125,-1
5,600,3020,benign_assessed,clarify,edge__benign_assessed__clarify,43,42,0.4388888888888889,0.42916666666666664,0.009722222222222243,0.1958333333333333,0.20416666666666666,-0.00833333333333336,0.325,0.3388888888888889,-0.013888888888888895,True,True,True,True,True,True,True,True,True,True,0.006944444444444444,0.005555555555555556,-0.125,-1
5,600,3021,benign_assessed,clarify,edge__benign_assessed__clarify,41,40,0.4722222222222222,0.4791666666666667,-0.006944444444444475,0.1430555555555556,0.12361111111111106,0.019444444444444542,0.2527777777777778,0.25972222222222224,-0.00694444444444442,True,True,True,True,False,False,True,True,False,False,0.005555555555555556,0.004166666666666667,-0.125,-1
5,600,3022,benign_assessed,clarify,edge__benign_assessed__clarify,43,42,0.4013888888888889,0.4,0.001388888888888884,0.1597222222222222,0.17222222222222217,-0.012499999999999956,0.3291666666666667,0.3375,-0.008333333333333304,True,True,True,True,True,True,True,True,True,True,0.006944444444444444,0.006944444444444444,-0.125,-1
5,600,3023,benign_assessed,clarify,edge__benign_assessed__clarify,42,41,0.4861111111111111,0.4777777777777778,0.008333333333333304,0.13333333333333336,0.10833333333333334,0.025000000000000022,0.25833333333333336,0.27361111111111114,-0.015277777777777779,True,True,True,True,False,False,True,True,False,False,0.002777777777777778,0.002777777777777778,-0.125,-1
5,600,3024,benign_assessed,clarify,edge__benign_assessed__clarify,45,44,0.42777777777777776,0.4361111111111111,-0.00833333333333336,0.10416666666666669,0.10555555555555551,-0.0013888888888888284,0.25277777777777777,0.24999999999999997,0.0027777777777777957,True,True,True,True,False,False,True,True,False,False,0.004166666666666667,0.004166666666666667,-0.125,-1
5,600,3025,benign_assessed,clarify,edge__benign_assessed__clarify,44,43,0.4347222222222222,0.42083333333333334,0.01388888888888884,0.10694444444444445,0.12777777777777782,-0.02083333333333337,0.2625,0.27222222222222225,-0.009722222222222243,True,True,True,True,False,False,True,True,False,False,0.002777777777777778,0.001388888888888889,-0.125,-1
5,600,3026,benign_assessed,clarify,edge__benign_assessed__clarify,42,41,0.3847222222222222,0.3902777777777778,-0.005555555555555591,0.1597222222222222,0.15416666666666662,0.005555555555555591,0.33333333333333337,0.3388888888888889,-0.005555555555555536,True,True,True,True,True,True,True,True,True,True,0.006944444444444444,0.004166666666666667,-0.125,-1
5,600,3027,benign_assessed,clarify,edge__benign_assessed__clarify,43,42,0.375,0.3763888888888889,-0.001388888888888884,0.11388888888888887,0.09166666666666667,0.0222222222222222,0.24999999999999997,0.2611111111111111,-0.011111111111111155,True,True,True,True,False,False,True,True,False,False,0.004166666666666667,0.004166666666666667,-0.125,-1
5,600,3028,benign_assessed,clarify,edge__benign_assessed__clarify,44,43,0.4347222222222222,0.42083333333333334,0.01388888888888884,0.10694444444444445,0.12777777777777782,-0.02083333333333337,0.2625,0.27222222222222225,-0.009722222222222243,True,True,True,True,False,False,True,True,False,False,0.002777777777777778,0.001388888888888889,-0.125,-1
5,600,3029,benign_assessed,clarify,edge__benign_assessed__clarify,43,42,0.43333333333333335,0.4263888888888889,0.006944444444444475,0.1152777777777777,0.10138888888888892,0.013888888888888784,0.26805555555555555,0.26944444444444443,-0.001388888888888884,True,True,True,True,False,False,True,True,False,False,0.002777777777777778,0.002777777777777778,-0.125,-1
5,600,3030,benign_assessed,clarify,edge__benign_assessed__clarify,44,43,0.44166666666666665,0.4319444444444444,0.009722222222222243,0.11388888888888893,0.1291666666666667,-0.015277777777777779,0.27083333333333337,0.2763888888888889,-0.005555555555555536,True,True,True,True,False,False,True,True,False,False,0.002777777777777778,0.002777777777777778,-0.125,-1
5,600,3031,benign_assessed,clarify,edge__benign_assessed__clarify,43,42,0.4347222222222222,0.42083333333333334,0.01388888888888884,0.10694444444444445,0.12222222222222218,-0.015277777777777724,0.2625,0.27083333333333337,-0.00833333333333336,True,True,True,True,False,False,True,True,False,False,0.002777777777777778,0.002777777777777778,-0.125,-1
5,1200,3000,benign_assessed,clarify,edge__benign_assessed__clarify,45,44,0.44027777777777777,0.42916666666666664,0.011111111111111127,0.12361111111111112,0.13194444444444448,-0.00833333333333336,0.26666666666666666,0.27361111111111114,-0.006944444444444475,True,True,True,True,False,False,True,True,False,False,0.002777777777777778,0.002777777777777778,-0.125,-1
5,1200,3001,benign_assessed,clarify,edge__benign_assessed__clarify,42,41,0.42777777777777776,0.42777777777777776,0.0,0.1111111111111111,0.1027777777777778,0.008333333333333304,0.25833333333333336,0.25972222222222224,-0.001388888888888884,True,True,True,True,False,False,True,True,False,False,0.004166666666666667,0.002777777777777778,-0.125,-1
5,1200,3002,benign_assessed,clarify,edge__benign_assessed__clarify,43,42,0.43333333333333335,0.425,0.00833333333333336,0.1333333333333333,0.13333333333333336,-5.551115123125783e-17,0.27222222222222225,0.2777777777777778,-0.005555555555555536,True,True,True,True,False,False,True,True,False,False,0.002777777777777778,0.002777777777777778,-0.125,-1
5,1200,3003,benign_assessed,clarify,edge__benign_assessed__clarify,45,44,0.4888888888888889,0.47916666666666663,0.009722222222222243,0.1375,0.12083333333333335,0.016666666666666663,0.25833333333333336,0.2652777777777778,-0.00694444444444442,True,True,True,True,False,False,True,True,False,False,0.002777777777777778,0.004166666666666667,-0.125,-1
5,1200,3004,benign_assessed,clarify,edge__benign_assessed__clarify,44,43,0.43333333333333335,0.425,0.00833333333333336,0.1333333333333333,0.13333333333333336,-5.551115123125783e-17,0.27222222222222225,0.2777777777777778,-0.005555555555555536,True,True,True,True,False,False,True,True,False,False,0.002777777777777778,0.002777777777777778,-0.125,-1
5,1200,3005,benign_assessed,clarify,edge__benign_assessed__clarify,43,42,0.4875,0.47777777777777775,0.009722222222222243,0.13611111111111113,0.12361111111111112,0.012500000000000011,0.25972222222222224,0.26666666666666666,-0.00694444444444442,True,True,True,True,False,False,True,True,False,False,0.002777777777777778,0.004166666666666667,-0.125,-1
5,1200,3006,benign_assessed,clarify,edge__benign_assessed__clarify,43,42,0.3902777777777778,0.3986111111111111,-0.008333333333333304,0.18611111111111106,0.1652777777777778,0.02083333333333326,0.3180555555555556,0.32083333333333336,-0.002777777777777768,True,True,True,True,True,True,True,True,True,True,0.005555555555555556,0.006944444444444444,-0.125,-1
5,1200,3007,benign_assessed,clarify,edge__benign_assessed__clarify,43,42,0.4083333333333333,0.4041666666666667,0.004166666666666652,0.1680555555555555,0.1680555555555555,0.0,0.33472222222222225,0.3416666666666667,-0.00694444444444442,True,True,True,True,True,True,True,True,True,True,0.005555555555555556,0.005555555555555556,-0.125,-1
5,1200,3008,benign_assessed,clarify,edge__benign_assessed__clarify,42,41,0.4180555555555555,0.425,-0.006944444444444475,0.12083333333333335,0.13194444444444448,-0.011111111111111127,0.2638888888888889,0.2625,0.001388888888888884,True,True,True,True,False,False,True,True,False,False,0.004166666666666667,0.004166666666666667,-0.125,-1
5,1200,3009,benign_assessed,clarify,edge__benign_assessed__clarify,44,43,0.3888888888888889,0.3875,0.001388888888888884,0.21527777777777773,0.21111111111111108,0.004166666666666652,0.33611111111111114,0.34305555555555556,-0.00694444444444442,True,True,True,True,True,True,True,True,True,True,0.006944444444444444,0.004166666666666667,-0.125,-1
5,1200,3010,benign_assessed,clarify,edge__benign_assessed__clarify,42,41,0.4583333333333333,0.4666666666666667,-0.00833333333333336,0.18750000000000006,0.17222222222222217,0.01527777777777789,0.27361111111111114,0.2763888888888889,-0.002777777777777768,True,True,True,True,True,True,True,True,True,True,0.002777777777777778,0.002777777777777778,-0.125,-1
5,1200,3011,benign_assessed,clarify,edge__benign_assessed__clarify,42,41,0.3194444444444444,0.32361111111111107,-0.004166666666666652,0.25277777777777777,0.2611111111111112,-0.008333333333333415,0.4041666666666667,0.4083333333333333,-0.004166666666666652,True,True,True,True,True,True,True,True,True,True,0.020833333333333332,0.013888888888888888,-0.125,-1
5,1200,3012,benign_assessed,clarify,edge__benign_assessed__clarify,45,44,0.4986111111111111,0.4875,0.011111111111111127,0.10138888888888886,0.1027777777777778,-0.0013888888888889395,0.2625,0.27222222222222225,-0.009722222222222243,True,True,True,True,False,False,True,True,False,False,0.005555555555555556,0.005555555555555556,-0.125,-1
5,1200,3013,benign_assessed,clarify,edge__benign_assessed__clarify,44,43,0.4888888888888889,0.47777777777777775,0.011111111111111127,0.1375,0.12222222222222223,0.015277777777777779,0.25833333333333336,0.26666666666666666,-0.008333333333333304,True,True,True,True,False,False,True,True,False,False,0.002777777777777778,0.004166666666666667,-0.125,-1
5,1200,3014,benign_assessed,clarify,edge__benign_assessed__clarify,44,43,0.42777777777777776,0.4097222222222222,0.018055555555555547,0.11944444444444441,0.13611111111111107,-0.016666666666666663,0.27361111111111114,0.2833333333333333,-0.009722222222222188,True,True,True,True,False,False,True,True,False,False,0.002777777777777778,0.001388888888888889,-0.125,-1
5,1200,3015,benign_assessed,clarify,edge__benign_assessed__clarify,45,44,0.3902777777777778,0.3986111111111111,-0.008333333333333304,0.18611111111111106,0.1652777777777778,0.02083333333333326,0.3180555555555556,0.32083333333333336,-0.002777777777777768,True,True,True,True,True,True,True,True,True,True,0.005555555555555556,0.006944444444444444,-0.125,-1
5,1200,3016,benign_assessed,clarify,edge__benign_assessed__clarify,42,41,0.3111111111111111,0.31527777777777777,-0.004166666666666652,0.2597222222222222,0.26527777777777783,-0.005555555555555647,0.41250000000000003,0.41388888888888886,-0.0013888888888888284,True,True,True,True,True,True,True,True,True,True,0.020833333333333332,0.013888888888888888,-0.125,-1
5,1200,3017,benign_assessed,clarify,edge__benign_assessed__clarify,44,43,0.44166666666666665,0.4305555555555555,0.011111111111111127,0.12638888888888888,0.1305555555555556,-0.004166666666666707,0.2652777777777778,0.27361111111111114,-0.00833333333333336,True,True,True,True,False,False,True,True,False,False,0.004166666666666667,0.002777777777777778,-0.125,-1
5,1200,3018,benign_assessed,clarify,edge__benign_assessed__clarify,43,42,0.3708333333333333,0.3694444444444444,0.001388888888888884,0.15972222222222227,0.1569444444444445,0.002777777777777768,0.3180555555555556,0.3194444444444445,-0.001388888888888884,True,True,True,True,True,True,True,True,True,True,0.006944444444444444,0.005555555555555556,-0.125,-1
5,1200,3019,benign_assessed,clarify,edge__benign_assessed__clarify,45,44,0.4444444444444444,0.4305555555555555,0.013888888888888895,0.12361111111111112,0.1305555555555556,-0.006944444444444475,0.2638888888888889,0.27361111111111114,-0.009722222222222243,True,True,True,True,False,False,True,True,False,False,0.004166666666666667,0.002777777777777778,-0.125,-1
5,1200,3020,benign_assessed,clarify,edge__benign_assessed__clarify,43,42,0.41666666666666663,0.41944444444444445,-0.0027777777777778234,0.2319444444444445,0.22500000000000003,0.006944444444444475,0.3527777777777778,0.35694444444444445,-0.004166666666666652,True,True,True,True,True,True,True,True,True,True,0.005555555555555556,0.005555555555555556,-0.125,-1
5,1200,3021,benign_assessed,clarify,edge__benign_assessed__clarify,41,40,0.4597222222222222,0.4708333333333333,-0.011111111111111127,0.18888888888888894,0.15694444444444444,0.0319444444444445,0.27361111111111114,0.27361111111111114,0.0,True,True,True,True,True,True,True,True,True,True,0.002777777777777778,0.002777777777777778,-0.125,-1
5,1200,3022,benign_assessed,clarify,edge__benign_assessed__clarify,43,42,0.4083333333333333,0.4041666666666667,0.004166666666666652,0.1680555555555555,0.1680555555555555,0.0,0.33472222222222225,0.3416666666666667,-0.00694444444444442,True,True,True,True,True,True,True,True,True,True,0.005555555555555556,0.005555555555555556,-0.125,-1
5,1200,3023,benign_assessed,clarify,edge__benign_assessed__clarify,42,41,0.4875,0.475,0.012500000000000011,0.1375,0.125,0.012500000000000011,0.25972222222222224,0.26944444444444443,-0.009722222222222188,True,True,True,True,False,False,True,True,False,False,0.001388888888888889,0.002777777777777778,-0.125,-1
5,1200,3024,benign_assessed,clarify,edge__benign_assessed__clarify,45,44,0.43333333333333335,0.42777777777777776,0.005555555555555591,0.1069444444444444,0.10972222222222222,-0.0027777777777778234,0.2513888888888889,0.25972222222222224,-0.00833333333333336,True,True,True,True,False,False,True,True,False,False,0.004166666666666667,0.002777777777777778,-0.125,-1
5,1200,3025,benign_assessed,clarify,edge__benign_assessed__clarify,44,43,0.4319444444444444,0.4083333333333333,0.023611111111111083,0.10694444444444445,0.13888888888888884,-0.031944444444444386,0.26666666666666666,0.2833333333333333,-0.016666666666666663,True,True,True,True,False,False,True,True,False,False,0.004166666666666667,0.001388888888888889,-0.125,-1
5,1200,3026,benign_assessed,clarify,edge__benign_assessed__clarify,42,41,0.39166666666666666,0.3819444444444444,0.009722222222222243,0.15833333333333338,0.1597222222222222,-0.0013888888888888284,0.3263888888888889,0.3527777777777778,-0.026388888888888906,True,True,True,True,True,True,True,True,True,True,0.006944444444444444,0.002777777777777778,-0.125,-1
5,1200,3027,benign_assessed,clarify,edge__benign_assessed__clarify,43,42,0.36666666666666664,0.3638888888888889,0.002777777777777768,0.1291666666666667,0.10833333333333334,0.02083333333333337,0.26944444444444443,0.27361111111111114,-0.004166666666666707,True,True,True,True,False,False,True,True,False,False,0.002777777777777778,0.004166666666666667,-0.125,-1
5,1200,3028,benign_assessed,clarify,edge__benign_assessed__clarify,44,43,0.4319444444444444,0.4083333333333333,0.023611111111111083,0.10694444444444445,0.13888888888888884,-0.031944444444444386,0.26666666666666666,0.2833333333333333,-0.016666666666666663,True,True,True,True,False,False,True,True,False,False,0.004166666666666667,0.001388888888888889,-0.125,-1
5,1200,3029,benign_assessed,clarify,edge__benign_assessed__clarify,43,42,0.4236111111111111,0.4097222222222222,0.013888888888888895,0.12361111111111106,0.13611111111111107,-0.012500000000000011,0.27222222222222225,0.2833333333333333,-0.011111111111111072,True,True,True,True,False,False,True,True,False,False,0.002777777777777778,0.001388888888888889,-0.125,-1
5,1200,3030,benign_assessed,clarify,edge__benign_assessed__clarify,44,43,0.44166666666666665,0.4305555555555555,0.011111111111111127,0.12638888888888888,0.1305555555555556,-0.004166666666666707,0.2652777777777778,0.27361111111111114,-0.00833333333333336,True,True,True,True,False,False,True,True,False,False,0.004166666666666667,0.002777777777777778,-0.125,-1
5,1200,3031,benign_assessed,clarify,edge__benign_assessed__clarify,43,42,0.4305555555555555,0.4083333333333333,0.0222222222222222,0.10833333333333334,0.13888888888888884,-0.030555555555555503,0.2638888888888889,0.2833333333333333,-0.01944444444444443,True,True,True,True,False,False,True,True,False,False,0.004166666666666667,0.001388888888888889,-0.125,-1
5,2400,3000,benign_assessed,clarify,edge__benign_assessed__clarify,45,44,0.44166666666666665,0.42083333333333334,0.020833333333333315,0.12638888888888888,0.14861111111111108,-0.0222222222222222,0.2569444444444445,0.27083333333333337,-0.013888888888888895,True,True,True,True,False,False,True,True,False,False,0.004166666666666667,0.002777777777777778,-0.0625,-1
5,2400,3001,benign_assessed,clarify,edge__benign_assessed__clarify,42,41,0.4125,0.40694444444444444,0.005555555555555536,0.12083333333333335,0.125,-0.004166666666666652,0.2652777777777778,0.26666666666666666,-0.001388888888888884,True,True,True,True,False,False,True,True,False,False,0.001388888888888889,0.002777777777777778,-0.0625,-1
5,2400,3002,benign_assessed,clarify,edge__benign_assessed__clarify,43,42,0.4361111111111111,0.41527777777777775,0.02083333333333337,0.11805555555555558,0.14583333333333337,-0.02777777777777779,0.2625,0.275,-0.012500000000000011,True,True,True,True,False,False,True,True,False,False,0.004166666666666667,0.004166666666666667,-0.0625,-1
5,2400,3003,benign_assessed,clarify,edge__benign_assessed__clarify,45,44,0.4708333333333333,0.475,-0.004166666666666652,0.11388888888888893,0.10694444444444451,0.00694444444444442,0.2541666666666667,0.2472222222222222,0.006944444444444503,True,True,True,True,False,False,True,True,False,False,0.005555555555555556,0.005555555555555556,-0.0625,-1
5,2400,3004,benign_assessed,clarify,edge__benign_assessed__clarify,44,43,0.4361111111111111,0.41527777777777775,0.02083333333333337,0.11805555555555558,0.14583333333333337,-0.02777777777777779,0.2625,0.275,-0.012500000000000011,True,True,True,True,False,False,True,True,False,False,0.004166666666666667,0.004166666666666667,-0.0625,-1
5,2400,3005,benign_assessed,clarify,edge__benign_assessed__clarify,43,42,0.4652777777777778,0.46805555555555556,-0.002777777777777768,0.1166666666666667,0.11527777777777781,0.001388888888888884,0.2611111111111111,0.2569444444444445,0.004166666666666652,True,True,True,True,False,False,True,True,False,False,0.005555555555555556,0.005555555555555556,-0.0625,-1
5,2400,3006,benign_assessed,clarify,edge__benign_assessed__clarify,43,42,0.39305555555555555,0.4083333333333333,-0.015277777777777779,0.16111111111111115,0.13194444444444442,0.02916666666666673,0.3125,0.3055555555555556,0.00694444444444442,True,True,True,True,True,False,True,True,True,False,0.005555555555555556,0.005555555555555556,-0.0625,-1
5,2400,3007,benign_assessed,clarify,edge__benign_assessed__clarify,43,42,0.39444444444444443,0.4041666666666667,-0.009722222222222243,0.1736111111111111,0.17500000000000004,-0.0013888888888889395,0.33611111111111114,0.3375,-0.001388888888888884,True,True,True,True,True,True,True,True,True,True,0.005555555555555556,0.005555555555555556,-0.0625,-1
5,2400,3008,benign_assessed,clarify,edge__benign_assessed__clarify,42,41,0.4097222222222222,0.40555555555555556,0.004166666666666652,0.12777777777777777,0.14444444444444438,-0.016666666666666607,0.2638888888888889,0.2611111111111111,0.002777777777777768,True,True,True,True,False,False,True,True,False,False,0.004166666666666667,0.004166666666666667,-0.0625,-1
5,2400,3009,benign_assessed,clarify,edge__benign_assessed__clarify,44,43,0.3819444444444444,0.37916666666666665,0.002777777777777768,0.20138888888888895,0.2069444444444445,-0.005555555555555536,0.3180555555555556,0.33055555555555555,-0.012499999999999956,True,True,True,True,True,True,True,True,True,True,0.005555555555555556,0.004166666666666667,-0.0625,-1
5,2400,3010,benign_assessed,clarify,edge__benign_assessed__clarify,42,41,0.43333333333333335,0.44027777777777777,-0.00694444444444442,0.20694444444444438,0.18194444444444446,0.02499999999999991,0.27083333333333337,0.27083333333333337,0.0,True,True,True,True,True,True,True,True,True,True,0.004166666666666667,0.005555555555555556,-0.0625,-1
5,2400,3011,benign_assessed,clarify,edge__benign_assessed__clarify,42,41,0.30694444444444446,0.3,0.006944444444444475,0.23472222222222217,0.24861111111111117,-0.013888888888889006,0.39722222222222225,0.4111111111111111,-0.01388888888888884,True,True,True,True,True,True,True,True,True,True,0.019444444444444445,0.013888888888888888,-0.0625,-1
5,2400,3012,benign_assessed,clarify,edge__benign_assessed__clarify,45,44,0.49027777777777776,0.4861111111111111,0.004166666666666652,0.1208333333333334,0.10694444444444445,0.01388888888888895,0.27083333333333337,0.2791666666666667,-0.008333333333333304,True,True,True,True,False,False,True,True,False,False,0.004166666666666667,0.004166666666666667,-0.0625,-1
5,2400,3013,benign_assessed,clarify,edge__benign_assessed__clarify,44,43,0.4666666666666667,0.4708333333333333,-0.004166666666666652,0.1166666666666667,0.11111111111111116,0.005555555555555536,0.25972222222222224,0.2527777777777778,0.00694444444444442,True,True,True,True,False,False,True,True,False,False,0.005555555555555556,0.005555555555555556,-0.0625,-1
5,2400,3014,benign_assessed,clarify,edge__benign_assessed__clarify,44,43,0.41388888888888886,0.4125,0.001388888888888884,0.1333333333333333,0.125,0.008333333333333304,0.27361111111111114,0.2708333333333333,0.0027777777777778234,True,True,True,True,False,False,True,True,False,False,0.002777777777777778,0.001388888888888889,-0.0625,-1
5,2400,3015,benign_assessed,clarify,edge__benign_assessed__clarify,45,44,0.39305555555555555,0.4097222222222222,-0.016666666666666663,0.16111111111111115,0.13611111111111107,0.025000000000000078,0.3125,0.3041666666666667,0.008333333333333304,True,True,True,True,True,False,True,True,True,False,0.005555555555555556,0.005555555555555556,-0.0625,-1
5,2400,3016,benign_assessed,clarify,edge__benign_assessed__clarify,42,41,0.30694444444444446,0.2986111111111111,0.00833333333333336,0.23472222222222217,0.24861111111111117,-0.013888888888889006,0.39722222222222225,0.4111111111111111,-0.01388888888888884,True,True,True,True,True,True,True,True,True,True,0.019444444444444445,0.013888888888888888,-0.0625,-1
5,2400,3017,benign_assessed,clarify,edge__benign_assessed__clarify,44,43,0.4444444444444444,0.425,0.01944444444444443,0.12222222222222223,0.1388888888888889,-0.016666666666666663,0.2541666666666667,0.26805555555555555,-0.01388888888888884,True,True,True,True,False,False,True,True,False,False,0.005555555555555556,0.002777777777777778,-0.0625,-1
5,2400,3018,benign_assessed,clarify,edge__benign_assessed__clarify,43,42,0.3819444444444444,0.3680555555555555,0.013888888888888895,0.12083333333333335,0.14305555555555555,-0.0222222222222222,0.3041666666666667,0.3125,-0.008333333333333304,True,True,True,True,False,False,True,True,False,False,0.005555555555555556,0.002777777777777778,-0.0625,-1
5,2400,3019,benign_assessed,clarify,edge__benign_assessed__clarify,45,44,0.4444444444444444,0.425,0.01944444444444443,0.12222222222222223,0.1388888888888889,-0.016666666666666663,0.2541666666666667,0.26805555555555555,-0.01388888888888884,True,True,True,True,False,False,True,True,False,False,0.005555555555555556,0.002777777777777778,-0.0625,-1
5,2400,3020,benign_assessed,clarify,edge__benign_assessed__clarify,43,42,0.40555555555555556,0.4125,-0.00694444444444442,0.23333333333333328,0.22499999999999998,0.008333333333333304,0.3611111111111111,0.3527777777777778,0.008333333333333304,True,True,True,True,True,True,True,True,True,True,0.005555555555555556,0.004166666666666667,-0.0625,-1
5,2400,3021,benign_assessed,clarify,edge__benign_assessed__clarify,41,40,0.44166666666666665,0.45,-0.00833333333333336,0.1791666666666667,0.1555555555555555,0.023611111111111194,0.26666666666666666,0.26666666666666666,0.0,True,True,True,True,True,True,True,True,True,True,0.004166666666666667,0.004166666666666667,-0.0625,-1
5,2400,3022,benign_assessed,clarify,edge__benign_assessed__clarify,43,42,0.39305555555555555,0.4041666666666667,-0.011111111111111127,0.175,0.17500000000000004,-5.551115123125783e-17,0.33611111111111114,0.3375,-0.001388888888888884,True,True,True,True,True,True,True,True,True,True,0.005555555555555556,0.005555555555555556,-0.0625,-1
5,2400,3023,benign_assessed,clarify,edge__benign_assessed__clarify,42,41,0.4666666666666667,0.4652777777777778,0.001388888888888884,0.11250000000000004,0.12361111111111112,-0.011111111111111072,0.2611111111111111,0.2569444444444445,0.004166666666666652,True,True,True,True,False,False,True,True,False,False,0.004166666666666667,0.004166666666666667,-0.0625,-1
5,2400,3024,benign_assessed,clarify,edge__benign_assessed__clarify,45,44,0.41527777777777775,0.4111111111111111,0.004166666666666652,0.1166666666666667,0.1347222222222222,-0.01805555555555549,0.2611111111111111,0.25833333333333336,0.002777777777777768,True,True,True,True,False,False,True,True,False,False,0.001388888888888889,0.002777777777777778,-0.0625,-1
5,2400,3025,benign_assessed,clarify,edge__benign_assessed__clarify,44,43,0.4125,0.4125,0.0,0.12916666666666665,0.13194444444444442,-0.002777777777777768,0.27222222222222225,0.26944444444444443,0.0027777777777778234,True,True,True,True,False,False,True,True,False,False,0.002777777777777778,0.002777777777777778,-0.0625,-1
5,2400,3026,benign_assessed,clarify,edge__benign_assessed__clarify,42,41,0.37916666666666665,0.38055555555555554,-0.001388888888888884,0.1708333333333334,0.15833333333333333,0.012500000000000067,0.33472222222222225,0.3486111111111111,-0.01388888888888884,True,True,True,True,True,True,True,True,True,True,0.005555555555555556,0.002777777777777778,-0.0625,-1
5,2400,3027,benign_assessed,clarify,edge__benign_assessed__clarify,43,42,0.35555555555555557,0.3277777777777778,0.02777777777777779,0.0986111111111111,0.12083333333333329,-0.0222222222222222,0.2625,0.2833333333333333,-0.020833333333333315,True,True,True,True,False,False,True,True,False,False,0.002777777777777778,0.002777777777777778,-0.0625,-1
5,2400,3028,benign_assessed,clarify,edge__benign_assessed__clarify,44,43,0.4125,0.4125,0.0,0.12916666666666665,0.13194444444444442,-0.002777777777777768,0.27222222222222225,0.26944444444444443,0.0027777777777778234,True,True,True,True,False,False,True,True,False,False,0.002777777777777778,0.002777777777777778,-0.0625,-1
5,2400,3029,benign_assessed,clarify,edge__benign_assessed__clarify,43,42,0.41388888888888886,0.4125,0.001388888888888884,0.1333333333333333,0.125,0.008333333333333304,0.27361111111111114,0.2708333333333333,0.0027777777777778234,True,True,True,True,False,False,True,True,False,False,0.002777777777777778,0.001388888888888889,-0.0625,-1
5,2400,3030,benign_assessed,clarify,edge__benign_assessed__clarify,44,43,0.4444444444444444,0.425,0.01944444444444443,0.12222222222222223,0.1388888888888889,-0.016666666666666663,0.2541666666666667,0.26805555555555555,-0.01388888888888884,True,True,True,True,False,False,True,True,False,False,0.005555555555555556,0.002777777777777778,-0.0625,-1
5,2400,3031,benign_assessed,clarify,edge__benign_assessed__clarify,43,42,0.4125,0.4125,0.0,0.12916666666666665,0.13194444444444442,-0.002777777777777768,0.27222222222222225,0.26944444444444443,0.0027777777777778234,True,True,True,True,False,False,True,True,False,False,0.002777777777777778,0.002777777777777778,-0.0625,-1
6,1200,3000,benign_assessed,clarify,edge__benign_assessed__clarify,45,44,0.5333333333333333,0.5472222222222223,-0.01388888888888895,0.09166666666666667,0.08194444444444438,0.009722222222222299,0.04583333333333334,0.043055555555555555,0.002777777777777782,True,True,True,True,False,False,False,False,False,False,0.002777777777777778,0.002777777777777778,-0.0625,-1
6,1200,3001,benign_assessed,clarify,edge__benign_assessed__clarify,42,41,0.3791666666666667,0.3819444444444445,-0.002777777777777768,0.06666666666666665,0.10833333333333334,-0.041666666666666685,0.03888888888888889,0.03888888888888889,0.0,True,True,True,True,False,False,True,True,False,False,0.0,0.0,-0.0625,-1
6,1200,3002,benign_assessed,clarify,edge__benign_assessed__clarify,43,42,0.5388888888888889,0.5541666666666666,-0.015277777777777724,0.08611111111111114,0.07916666666666672,0.00694444444444442,0.043055555555555555,0.03888888888888889,0.004166666666666666,True,True,True,True,False,False,False,False,False,False,0.0,0.0,-0.0625,-1
6,1200,3003,benign_assessed,clarify,edge__benign_assessed__clarify,45,44,0.5375,0.5638888888888889,-0.026388888888888906,0.0902777777777779,0.07500000000000007,0.015277777777777835,0.0375,0.03333333333333333,0.004166666666666666,True,True,True,True,False,False,False,False,False,False,0.001388888888888889,0.001388888888888889,-0.0625,-1
6,1200,3004,benign_assessed,clarify,edge__benign_assessed__clarify,44,43,0.5388888888888889,0.5541666666666666,-0.015277777777777724,0.08611111111111114,0.07916666666666672,0.00694444444444442,0.043055555555555555,0.03888888888888889,0.004166666666666666,True,True,True,True,False,False,False,False,False,False,0.0,0.0,-0.0625,-1
6,1200,3005,benign_assessed,clarify,edge__benign_assessed__clarify,43,42,0.5222222222222223,0.548611111111111,-0.026388888888888795,0.10555555555555551,0.0902777777777779,0.015277777777777612,0.05,0.04722222222222222,0.002777777777777782,True,True,True,True,False,False,False,False,False,False,0.0,0.0,-0.0625,-1
6,1200,3006,benign_assessed,clarify,edge__benign_assessed__clarify,43,42,0.4791666666666667,0.49583333333333335,-0.016666666666666663,0.10972222222222211,0.08611111111111114,0.02361111111111097,0.07916666666666666,0.07083333333333333,0.008333333333333331,True,True,True,True,False,False,False,False,False,False,0.0,0.001388888888888889,-0.0625,-1
6,1200,3007,benign_assessed,clarify,edge__benign_assessed__clarify,43,42,0.5263888888888889,0.525,0.001388888888888884,0.11944444444444446,0.1333333333333333,-0.01388888888888884,0.06527777777777777,0.07222222222222222,-0.0069444444444444475,True,True,True,True,False,False,False,False,False,False,0.002777777777777778,0.0,-0.0625,-1
6,1200,3008,benign_assessed,clarify,edge__benign_assessed__clarify,42,41,0.3666666666666667,0.3666666666666667,0.0,0.08472222222222214,0.11805555555555552,-0.03333333333333338,0.05138888888888889,0.05,0.001388888888888884,True,True,True,True,False,False,True,True,False,False,0.001388888888888889,0.002777777777777778,-0.0625,-1
6,1200,3009,benign_assessed,clarify,edge__benign_assessed__clarify,44,43,0.46111111111111114,0.4513888888888889,0.009722222222222243,0.1444444444444445,0.17777777777777776,-0.03333333333333327,0.07222222222222223,0.07500000000000001,-0.002777777777777782,True,True,True,True,False,True,False,False,False,False,0.001388888888888889,0.001388888888888889,-0.0625,-1
6,1200,3010,benign_assessed,clarify,edge__benign_assessed__clarify,42,41,0.5208333333333333,0.5277777777777778,-0.006944444444444531,0.10694444444444451,0.12222222222222212,-0.015277777777777612,0.05138888888888889,0.05555555555555555,-0.004166666666666666,True,True,True,True,False,False,False,False,False,False,0.001388888888888889,0.001388888888888889,-0.0625,-1
6,1200,3011,benign_assessed,clarify,edge__benign_assessed__clarify,42,41,0.5111111111111111,0.525,-0.01388888888888895,0.10694444444444451,0.09305555555555556,0.01388888888888895,0.04444444444444444,0.041666666666666664,0.002777777777777775,True,True,True,True,False,False,False,False,False,False,0.001388888888888889,0.001388888888888889,-0.0625,-1
6,1200,3012,benign_assessed,clarify,edge__benign_assessed__clarify,45,44,0.8055555555555555,0.8125,-0.006944444444444531,0.050000000000000044,0.054166666666666696,-0.004166666666666652,0.05555555555555555,0.058333333333333334,-0.002777777777777782,True,True,True,True,False,False,True,True,False,False,0.0,0.0,-0.0625,-1
6,1200,3013,benign_assessed,clarify,edge__benign_assessed__clarify,44,43,0.5375,0.5638888888888889,-0.026388888888888906,0.0902777777777779,0.07361111111111118,0.01666666666666672,0.0375,0.03333333333333333,0.004166666666666666,True,True,True,True,False,False,False,False,False,False,0.001388888888888889,0.001388888888888889,-0.0625,-1
6,1200,3014,benign_assessed,clarify,edge__benign_assessed__clarify,44,43,0.5291666666666666,0.5333333333333333,-0.004166666666666763,0.10138888888888908,0.0708333333333333,0.03055555555555578,0.03888888888888889,0.041666666666666664,-0.002777777777777775,True,True,True,True,False,False,False,False,False,False,0.0,0.004166666666666667,-0.0625,-1
6,1200,3015,benign_assessed,clarify,edge__benign_assessed__clarify,45,44,0.4777777777777778,0.49444444444444446,-0.016666666666666663,0.111111111111111,0.08611111111111114,0.024999999999999856,0.07916666666666666,0.07083333333333333,0.008333333333333331,True,True,True,True,False,False,False,False,False,False,0.0,0.001388888888888889,-0.0625,-1
6,1200,3016,benign_assessed,clarify,edge__benign_assessed__clarify,42,41,0.5013888888888889,0.5180555555555556,-0.01666666666666672,0.11388888888888893,0.09305555555555556,0.02083333333333337,0.05555555555555556,0.05,0.005555555555555557,True,True,True,True,False,False,False,False,False,False,0.002777777777777778,0.002777777777777778,-0.0625,-1
6,1200,3017,benign_assessed,clarify,edge__benign_assessed__clarify,44,43,0.5444444444444444,0.5597222222222221,-0.015277777777777724,0.07638888888888895,0.07777777777777795,-0.001388888888888995,0.03611111111111111,0.03194444444444444,0.004166666666666666,True,True,True,True,False,False,False,False,False,False,0.001388888888888889,0.001388888888888889,-0.0625,-1
6,1200,3018,benign_assessed,clarify,edge__benign_assessed__clarify,43,42,0.48333333333333334,0.4847222222222222,-0.001388888888888884,0.09861111111111115,0.10555555555555557,-0.00694444444444442,0.0763888888888889,0.07500000000000001,0.001388888888888884,True,True,True,True,False,False,False,False,False,False,0.001388888888888889,0.001388888888888889,-0.0625,-1
6,1200,3019,benign_assessed,clarify,edge__benign_assessed__clarify,45,44,0.5444444444444444,0.5583333333333332,-0.01388888888888884,0.07638888888888895,0.07916666666666683,-0.002777777777777879,0.03611111111111111,0.03194444444444444,0.004166666666666666,True,True,True,True,False,False,False,False,False,False,0.001388888888888889,0.001388888888888889,-0.0625,-1
6,1200,3020,benign_assessed,clarify,edge__benign_assessed__clarify,43,42,0.49722222222222223,0.5041666666666667,-0.00694444444444442,0.1513888888888889,0.15833333333333333,-0.00694444444444442,0.0625,0.06944444444444443,-0.006944444444444434,True,True,True,True,True,True,False,False,False,False,0.002777777777777778,0.002777777777777778,-0.0625,-1
6,1200,3021,benign_assessed,clarify,edge__benign_assessed__clarify,41,40,0.5097222222222222,0.5305555555555556,-0.02083333333333337,0.10138888888888897,0.11388888888888893,-0.012499999999999956,0.05,0.04722222222222222,0.002777777777777782,True,True,True,True,False,False,False,False,False,False,0.002777777777777778,0.0,-0.0625,-1
6,1200,3022,benign_assessed,clarify,edge__benign_assessed__clarify,43,42,0.5263888888888889,0.5263888888888889,0.0,0.11944444444444446,0.13194444444444442,-0.012499999999999956,0.06527777777777777,0.07222222222222222,-0.0069444444444444475,True,True,True,True,False,False,False,False,False,False,0.002777777777777778,0.0,-0.0625,-1
6,1200,3023,benign_assessed,clarify,edge__benign_assessed__clarify,42,41,0.5236111111111111,0.5541666666666667,-0.030555555555555558,0.10555555555555551,0.07222222222222219,0.033333333333333326,0.05,0.04166666666666667,0.008333333333333331,True,True,True,True,False,False,False,False,False,False,0.002777777777777778,0.002777777777777778,-0.0625,-1
6,1200,3024,benign_assessed,clarify,edge__benign_assessed__clarify,45,44,0.3902777777777778,0.39166666666666666,-0.001388888888888884,0.056944444444444464,0.09861111111111115,-0.041666666666666685,0.03611111111111111,0.0375,-0.001388888888888891,True,True,True,True,False,False,True,True,False,False,0.0,0.0,-0.0625,-1
6,1200,3025,benign_assessed,clarify,edge__benign_assessed__clarify,44,43,0.5305555555555556,0.5333333333333333,-0.002777777777777768,0.10138888888888897,0.06388888888888888,0.03750000000000009,0.0375,0.04444444444444444,-0.006944444444444441,True,True,True,True,False,False,False,False,False,False,0.0,0.001388888888888889,-0.0625,-1
6,1200,3026,benign_assessed,clarify,edge__benign_assessed__clarify,42,41,0.5166666666666667,0.5055555555555555,0.011111111111111183,0.1416666666666666,0.15694444444444444,-0.015277777777777835,0.059722222222222225,0.06805555555555555,-0.008333333333333325,True,True,True,True,False,True,False,False,False,False,0.0,0.0,-0.0625,-1
6,1200,3027,benign_assessed,clarify,edge__benign_assessed__clarify,43,42,0.5097222222222222,0.5208333333333333,-0.011111111111111072,0.10833333333333339,0.07777777777777783,0.030555555555555558,0.043055555555555555,0.04583333333333333,-0.002777777777777775,True,True,True,True,False,False,False,False,False,False,0.0,0.001388888888888889,-0.0625,-1
6,1200,3028,benign_assessed,clarify,edge__benign_assessed__clarify,44,43,0.5305555555555556,0.5347222222222222,-0.004166666666666652,0.10138888888888897,0.0625,0.03888888888888897,0.0375,0.043055555555555555,-0.005555555555555557,True,True,True,True,False,False,False,False,False,False,0.0,0.001388888888888889,-0.0625,-1
6,1200,3029,benign_assessed,clarify,edge__benign_assessed__clarify,43,42,0.5291666666666666,0.5347222222222222,-0.005555555555555647,0.10138888888888908,0.06944444444444442,0.031944444444444664,0.03888888888888889,0.041666666666666664,-0.002777777777777775,True,True,True,True,False,False,False,False,False,False,0.0,0.004166666666666667,-0.0625,-1
6,1200,3030,benign_assessed,clarify,edge__benign_assessed__clarify,44,43,0.5444444444444444,0.5597222222222221,-0.015277777777777724,0.07638888888888895,0.07777777777777795,-0.001388888888888995,0.03611111111111111,0.03194444444444444,0.004166666666666666,True,True,True,True,False,False,False,False,False,False,0.001388888888888889,0.001388888888888889,-0.0625,-1
6,1200,3031,benign_assessed,clarify,edge__benign_assessed__clarify,43,42,0.5305555555555556,0.5347222222222222,-0.004166666666666652,0.10000000000000009,0.0625,0.03750000000000009,0.0375,0.043055555555555555,-0.005555555555555557,True,True,True,True,False,False,False,False,False,False,0.0,0.001388888888888889,-0.0625,-1
7,1200,3000,benign_assessed,clarify,edge__benign_assessed__clarify,45,44,0.3138888888888889,0.32222222222222224,-0.00833333333333336,0.30972222222222223,0.2986111111111111,0.011111111111111127,0.2763888888888889,0.2708333333333333,0.005555555555555591,True,True,True,True,True,True,True,True,True,True,0.004166666666666667,0.009722222222222222,0.0625,1
7,1200,3001,benign_assessed,clarify,edge__benign_assessed__clarify,42,41,0.2791666666666667,0.2625,0.016666666666666663,0.21944444444444444,0.2527777777777777,-0.03333333333333327,0.2375,0.26666666666666666,-0.029166666666666674,True,True,True,True,True,True,True,True,True,True,0.005555555555555556,0.005555555555555556,0.0625,1
7,1200,3002,benign_assessed,clarify,edge__benign_assessed__clarify,43,42,0.32222222222222224,0.3416666666666667,-0.01944444444444443,0.3,0.273611111111111,0.02638888888888896,0.2680555555555556,0.25,0.018055555555555602,True,True,True,True,True,True,True,True,True,True,0.006944444444444444,0.008333333333333333,0.0625,1
7,1200,3003,benign_assessed,clarify,edge__benign_assessed__clarify,45,44,0.3416666666666666,0.3222222222222222,0.01944444444444443,0.2472222222222223,0.29166666666666663,-0.04444444444444434,0.24027777777777778,0.2527777777777778,-0.012500000000000039,True,True,True,True,True,True,True,True,True,True,0.008333333333333333,0.005555555555555556,0.0625,1
7,1200,3004,benign_assessed,clarify,edge__benign_assessed__clarify,44,43,0.32222222222222224,0.3416666666666667,-0.01944444444444443,0.3,0.273611111111111,0.02638888888888896,0.2680555555555556,0.25,0.018055555555555602,True,True,True,True,True,True,True,True,True,True,0.006944444444444444,0.008333333333333333,0.0625,1
7,1200,3005,benign_assessed,clarify,edge__benign_assessed__clarify,43,42,0.3472222222222222,0.325,0.0222222222222222,0.2416666666666667,0.2888888888888888,-0.04722222222222211,0.24305555555555555,0.2625,-0.01944444444444446,True,True,True,True,True,True,True,True,True,True,0.005555555555555556,0.006944444444444444,0.0625,1
7,1200,3006,benign_assessed,clarify,edge__benign_assessed__clarify,43,42,0.3527777777777778,0.3527777777777778,0.0,0.3583333333333332,0.3430555555555555,0.015277777777777724,0.30138888888888893,0.3027777777777778,-0.001388888888888884,True,True,True,True,True,True,True,True,True,True,0.005555555555555556,0.006944444444444444,0.0625,1
7,1200,3007,benign_assessed,clarify,edge__benign_assessed__clarify,43,42,0.30277777777777776,0.3236111111111111,-0.02083333333333337,0.3097222222222223,0.28611111111111115,0.023611111111111138,0.29305555555555557,0.28194444444444444,0.011111111111111127,True,True,True,True,True,False,True,True,True,False,0.004166666666666667,0.011111111111111112,0.0625,1
7,1200,3008,benign_assessed,clarify,edge__benign_assessed__clarify,42,41,0.25277777777777777,0.2277777777777778,0.024999999999999967,0.2416666666666667,0.2888888888888889,-0.04722222222222222,0.24444444444444444,0.28611111111111115,-0.04166666666666671,True,True,True,True,True,True,True,True,True,True,0.008333333333333333,0.005555555555555556,0.0625,1
7,1200,3009,benign_assessed,clarify,edge__benign_assessed__clarify,44,43,0.36527777777777776,0.4,-0.034722222222222265,0.3513888888888889,0.3027777777777777,0.048611111111111216,0.30416666666666664,0.27499999999999997,0.029166666666666674,True,True,True,True,True,True,True,True,True,True,0.013888888888888888,0.009722222222222222,0.0625,1
7,1200,3010,benign_assessed,clarify,edge__benign_assessed__clarify,42,41,0.3138888888888889,0.35555555555555557,-0.041666666666666685,0.2833333333333333,0.2569444444444445,0.02638888888888885,0.2847222222222222,0.2375,0.04722222222222222,True,True,True,True,True,True,True,True,True,True,0.004166666666666667,0.004166666666666667,0.0625,1
7,1200,3011,benign_assessed,clarify,edge__benign_assessed__clarify,42,41,0.21805555555555556,0.25277777777777777,-0.03472222222222221,0.2138888888888889,0.20972222222222225,0.004166666666666652,0.29166666666666663,0.29166666666666663,0.0,True,True,True,True,True,True,True,True,True,True,0.009722222222222222,0.011111111111111112,0.0625,1
7,1200,3012,benign_assessed,clarify,edge__benign_assessed__clarify,45,44,0.5027777777777778,0.45,0.05277777777777776,0.2138888888888889,0.26944444444444443,-0.055555555555555525,0.2805555555555555,0.3236111111111111,-0.043055555555555625,True,True,True,True,True,True,True,True,True,True,0.008333333333333333,0.005555555555555556,0.0625,1
7,1200,3013,benign_assessed,clarify,edge__benign_assessed__clarify,44,43,0.34027777777777773,0.3222222222222222,0.018055555555555547,0.24861111111111117,0.29027777777777775,-0.041666666666666574,0.24027777777777778,0.2541666666666667,-0.013888888888888923,True,True,True,True,True,True,True,True,True,True,0.009722222222222222,0.005555555555555556,0.0625,1
7,1200,3014,benign_assessed,clarify,edge__benign_assessed__clarify,44,43,0.3055555555555556,0.32083333333333336,-0.015277777777777779,0.273611111111111,0.2361111111111111,0.03749999999999992,0.28194444444444444,0.2694444444444445,0.012499999999999956,True,True,True,True,True,True,True,True,True,True,0.004166666666666667,0.006944444444444444,0.0625,1
7,1200,3015,benign_assessed,clarify,edge__benign_assessed__clarify,45,44,0.3527777777777778,0.3527777777777778,0.0,0.3597222222222221,0.34027777777777773,0.019444444444444375,0.30000000000000004,0.30138888888888893,-0.001388888888888884,True,True,True,True,True,True,True,True,True,True,0.006944444444444444,0.006944444444444444,0.0625,1
7,1200,3016,benign_assessed,clarify,edge__benign_assessed__clarify,42,41,0.2,0.24583333333333332,-0.04583333333333331,0.25416666666666665,0.22777777777777777,0.02638888888888888,0.30972222222222223,0.28194444444444444,0.02777777777777779,True,True,True,True,True,True,True,True,True,True,0.0125,0.015277777777777777,0.0625,1
7,1200,3017,benign_assessed,clarify,edge__benign_assessed__clarify,44,43,0.3125,0.34027777777777773,-0.027777777777777735,0.28888888888888886,0.2652777777777778,0.023611111111111083,0.2625,0.24305555555555555,0.01944444444444446,True,True,True,True,True,True,True,True,True,True,0.004166666666666667,0.005555555555555556,0.0625,1
7,1200,3018,benign_assessed,clarify,edge__benign_assessed__clarify,43,42,0.33333333333333337,0.3736111111111111,-0.040277777777777746,0.336111111111111,0.3277777777777777,0.008333333333333304,0.30416666666666664,0.3013888888888889,0.002777777777777768,True,True,True,True,True,True,True,True,True,True,0.009722222222222222,0.0125,0.0625,1
7,1200,3019,benign_assessed,clarify,edge__benign_assessed__clarify,45,44,0.3125,0.34027777777777773,-0.027777777777777735,0.2875000000000001,0.2708333333333334,0.016666666666666663,0.2625,0.23888888888888887,0.023611111111111138,True,True,True,True,True,True,True,True,True,True,0.004166666666666667,0.005555555555555556,0.0625,1
7,1200,3020,benign_assessed,clarify,edge__benign_assessed__clarify,43,42,0.3125,0.37083333333333335,-0.05833333333333335,0.2763888888888889,0.2402777777777777,0.036111111111111205,0.28194444444444444,0.2361111111111111,0.04583333333333334,True,True,True,True,True,False,True,True,True,False,0.005555555555555556,0.009722222222222222,0.0625,1
7,1200,3021,benign_assessed,clarify,edge__benign_assessed__clarify,41,40,0.32083333333333336,0.35,-0.02916666666666662,0.29444444444444445,0.30000000000000004,-0.005555555555555591,0.2847222222222222,0.2472222222222222,0.037500000000000006,True,True,True,True,True,False,True,True,True,False,0.001388888888888889,0.008333333333333333,0.0625,1
7,1200,3022,benign_assessed,clarify,edge__benign_assessed__clarify,43,42,0.3055555555555556,0.32222222222222224,-0.016666666666666663,0.30833333333333335,0.28750000000000003,0.020833333333333315,0.29305555555555557,0.27638888888888885,0.01666666666666672,True,True,True,True,True,False,True,True,True,False,0.002777777777777778,0.011111111111111112,0.0625,1
7,1200,3023,benign_assessed,clarify,edge__benign_assessed__clarify,42,41,0.3277777777777778,0.3138888888888889,0.013888888888888895,0.27638888888888885,0.3111111111111111,-0.034722222222222265,0.2555555555555556,0.2791666666666667,-0.023611111111111083,True,True,True,True,True,True,True,True,True,True,0.006944444444444444,0.004166666666666667,0.0625,1
7,1200,3024,benign_assessed,clarify,edge__benign_assessed__clarify,45,44,0.275,0.2638888888888889,0.011111111111111127,0.2236111111111111,0.25972222222222224,-0.03611111111111115,0.2375,0.25833333333333336,-0.02083333333333337,True,True,True,True,True,True,True,True,True,True,0.004166666666666667,0.002777777777777778,0.0625,1
7,1200,3025,benign_assessed,clarify,edge__benign_assessed__clarify,44,43,0.3125,0.35694444444444445,-0.04444444444444445,0.2749999999999999,0.21388888888888885,0.06111111111111106,0.2638888888888889,0.23194444444444445,0.03194444444444444,True,True,True,True,True,True,True,True,True,True,0.004166666666666667,0.006944444444444444,0.0625,1
7,1200,3026,benign_assessed,clarify,edge__benign_assessed__clarify,42,41,0.3138888888888889,0.3555555555555555,-0.04166666666666663,0.2694444444444444,0.23888888888888893,0.030555555555555447,0.26666666666666666,0.23472222222222222,0.03194444444444444,True,True,True,True,True,False,True,True,True,False,0.002777777777777778,0.008333333333333333,0.0625,1
7,1200,3027,benign_assessed,clarify,edge__benign_assessed__clarify,43,42,0.28750000000000003,0.33055555555555555,-0.043055555555555514,0.24722222222222218,0.19583333333333336,0.05138888888888882,0.2569444444444444,0.2222222222222222,0.03472222222222221,True,True,True,True,True,True,True,True,True,True,0.008333333333333333,0.006944444444444444,0.0625,1
7,1200,3028,benign_assessed,clarify,edge__benign_assessed__clarify,44,43,0.3125,0.3569444444444444,-0.0444444444444444,0.2749999999999999,0.2138888888888889,0.061111111111111005,0.2638888888888889,0.23194444444444445,0.03194444444444444,True,True,True,True,True,True,True,True,True,True,0.004166666666666667,0.006944444444444444,0.0625,1
7,1200,3029,benign_assessed,clarify,edge__benign_assessed__clarify,43,42,0.3055555555555556,0.3194444444444445,-0.013888888888888895,0.273611111111111,0.2375,0.03611111111111104,0.28194444444444444,0.2694444444444445,0.012499999999999956,True,True,True,True,True,True,True,True,True,True,0.004166666666666667,0.006944444444444444,0.0625,1
7,1200,3030,benign_assessed,clarify,edge__benign_assessed__clarify,44,43,0.3125,0.34027777777777773,-0.027777777777777735,0.28888888888888886,0.2652777777777778,0.023611111111111083,0.2625,0.24305555555555555,0.01944444444444446,True,True,True,True,True,True,True,True,True,True,0.004166666666666667,0.005555555555555556,0.0625,1
7,1200,3031,benign_assessed,clarify,edge__benign_assessed__clarify,43,42,0.3125,0.3555555555555555,-0.043055555555555514,0.2749999999999999,0.2152777777777778,0.05972222222222212,0.2638888888888889,0.23194444444444445,0.03194444444444444,True,True,True,True,True,True,True,True,True,True,0.004166666666666667,0.006944444444444444,0.0625,1
0,600,3000,risky_assessed,refuse,edge__risky_assessed__refuse,45,44,0.4861111111111111,0.41944444444444445,0.06666666666666665,0.14583333333333331,0.2638888888888889,-0.11805555555555558,0.2513888888888889,0.3805555555555556,-0.1291666666666667,True,True,True,True,False,True,True,True,False,True,0.005555555555555556,0.019444444444444445,-0.6875,-1
0,600,3001,risky_assessed,refuse,edge__risky_assessed__refuse,42,41,0.5499999999999999,0.4902777777777778,0.05972222222222212,0.12083333333333346,0.2652777777777777,-0.14444444444444426,0.20972222222222223,0.3402777777777778,-0.13055555555555556,True,True,True,True,False,True,True,True,False,True,0.001388888888888889,0.0125,-0.6875,-1
0,600,3002,risky_assessed,refuse,edge__risky_assessed__refuse,43,42,0.5388888888888889,0.4597222222222222,0.07916666666666666,0.10416666666666663,0.24722222222222218,-0.14305555555555555,0.21527777777777776,0.3402777777777778,-0.12500000000000003,True,True,True,True,False,True,True,True,False,True,0.006944444444444444,0.020833333333333332,-0.6875,-1
0,600,3003,risky_assessed,refuse,edge__risky_assessed__refuse,45,44,0.5305555555555556,0.4736111111111111,0.056944444444444464,0.13194444444444442,0.22916666666666663,-0.09722222222222221,0.20416666666666666,0.34444444444444444,-0.14027777777777778,True,True,True,True,False,True,True,True,False,True,0.006944444444444444,0.013888888888888888,-0.6875,-1
0,600,3004,risky_assessed,refuse,edge__risky_assessed__refuse,44,43,0.5375,0.4583333333333333,0.07916666666666666,0.10555555555555551,0.24722222222222218,-0.14166666666666666,0.21666666666666667,0.3402777777777778,-0.12361111111111112,True,True,True,True,False,True,True,True,False,True,0.006944444444444444,0.022222222222222223,-0.6875,-1
0,600,3005,risky_assessed,refuse,edge__risky_assessed__refuse,43,42,0.5361111111111111,0.4666666666666667,0.06944444444444442,0.14583333333333337,0.2402777777777777,-0.09444444444444433,0.20555555555555555,0.3458333333333333,-0.14027777777777778,True,True,True,True,False,True,True,True,False,True,0.006944444444444444,0.015277777777777777,-0.6875,-1
0,600,3006,risky_assessed,refuse,edge__risky_assessed__refuse,43,42,0.5083333333333333,0.33611111111111114,0.17222222222222217,0.13750000000000007,0.2041666666666666,-0.06666666666666654,0.24027777777777776,0.4763888888888889,-0.23611111111111116,True,True,True,True,False,True,True,True,False,True,0.004166666666666667,0.05277777777777778,-0.6875,-1
0,600,3007,risky_assessed,refuse,edge__risky_assessed__refuse,43,42,0.4861111111111111,0.3958333333333333,0.09027777777777779,0.15277777777777773,0.33888888888888896,-0.18611111111111123,0.2569444444444445,0.41666666666666663,-0.15972222222222215,True,True,True,True,True,True,True,True,True,True,0.004166666666666667,0.02638888888888889,-0.6875,-1
0,600,3008,risky_assessed,refuse,edge__risky_assessed__refuse,42,41,0.5472222222222223,0.525,0.022222222222222254,0.1152777777777777,0.2569444444444444,-0.14166666666666672,0.22916666666666666,0.32916666666666666,-0.1,True,True,True,True,False,True,True,True,False,True,0.006944444444444444,0.015277777777777777,-0.6875,-1
0,600,3009,risky_assessed,refuse,edge__risky_assessed__refuse,44,43,0.5125,0.3402777777777778,0.17222222222222217,0.12361111111111112,0.19027777777777777,-0.06666666666666665,0.2597222222222222,0.5208333333333333,-0.26111111111111107,True,True,True,True,False,True,True,True,False,True,0.011111111111111112,0.05555555555555555,-0.6875,-1
0,600,3010,risky_assessed,refuse,edge__risky_assessed__refuse,42,41,0.5722222222222222,0.5041666666666667,0.06805555555555554,0.13750000000000007,0.24583333333333335,-0.10833333333333328,0.225,0.3597222222222222,-0.13472222222222222,True,True,True,True,False,True,True,True,False,True,0.002777777777777778,0.013888888888888888,-0.6875,-1
0,600,3011,risky_assessed,refuse,edge__risky_assessed__refuse,42,41,0.39305555555555555,0.32361111111111107,0.06944444444444448,0.16388888888888892,0.25416666666666665,-0.09027777777777773,0.175,0.31527777777777777,-0.14027777777777778,True,True,True,True,True,True,True,True,True,True,0.004166666666666667,0.0125,-0.6875,-1
0,600,3012,risky_assessed,refuse,edge__risky_assessed__refuse,45,44,0.5152777777777777,0.4375,0.07777777777777772,0.11944444444444446,0.27222222222222225,-0.1527777777777778,0.2125,0.3597222222222222,-0.14722222222222223,True,True,True,True,False,True,True,True,False,True,0.0125,0.013888888888888888,-0.6875,-1
0,600,3013,risky_assessed,refuse,edge__risky_assessed__refuse,44,43,0.5291666666666667,0.44861111111111107,0.0805555555555556,0.1430555555555555,0.25416666666666665,-0.11111111111111116,0.20555555555555555,0.3680555555555555,-0.16249999999999998,True,True,True,True,False,True,True,True,False,True,0.008333333333333333,0.013888888888888888,-0.6875,-1
0,600,3014,risky_assessed,refuse,edge__risky_assessed__refuse,44,43,0.5375,0.4666666666666667,0.0708333333333333,0.126388888888889,0.23888888888888882,-0.11249999999999982,0.2125,0.3375,-0.12500000000000003,True,True,True,True,False,True,True,True,False,True,0.006944444444444444,0.018055555555555554,-0.6875,-1
0,600,3015,risky_assessed,refuse,edge__risky_assessed__refuse,45,44,0.4222222222222222,0.28055555555555556,0.14166666666666666,0.20416666666666666,0.22638888888888886,-0.0222222222222222,0.2597222222222222,0.4972222222222222,-0.2375,True,True,True,True,True,True,True,True,True,True,0.009722222222222222,0.041666666666666664,-0.6875,-1
0,600,3016,risky_assessed,refuse,edge__risky_assessed__refuse,42,41,0.3347222222222222,0.29583333333333334,0.03888888888888886,0.1833333333333334,0.2541666666666667,-0.0708333333333333,0.21527777777777776,0.3388888888888889,-0.12361111111111114,True,True,True,True,True,True,True,True,True,True,0.006944444444444444,0.015277777777777777,-0.6875,-1
0,600,3017,risky_assessed,refuse,edge__risky_assessed__refuse,44,43,0.5291666666666667,0.4513888888888889,0.07777777777777778,0.11805555555555558,0.25972222222222213,-0.14166666666666655,0.21944444444444444,0.35000000000000003,-0.1305555555555556,True,True,True,True,False,True,True,True,False,True,0.006944444444444444,0.019444444444444445,-0.6875,-1
0,600,3018,risky_assessed,refuse,edge__risky_assessed__refuse,43,42,0.4666666666666667,0.3222222222222222,0.1444444444444445,0.16666666666666663,0.19166666666666665,-0.025000000000000022,0.2666666666666667,0.49166666666666664,-0.22499999999999992,True,True,True,True,True,True,True,True,True,True,0.006944444444444444,0.04722222222222222,-0.6875,-1
0,600,3019,risky_assessed,refuse,edge__risky_assessed__refuse,45,44,0.5291666666666667,0.45,0.07916666666666666,0.1166666666666667,0.2541666666666666,-0.1374999999999999,0.22083333333333333,0.3541666666666667,-0.13333333333333336,True,True,True,True,False,True,True,True,False,True,0.006944444444444444,0.019444444444444445,-0.6875,-1
0,600,3020,risky_assessed,refuse,edge__risky_assessed__refuse,43,42,0.5694444444444444,0.5027777777777778,0.06666666666666665,0.14861111111111114,0.29027777777777775,-0.1416666666666666,0.23333333333333334,0.3972222222222222,-0.16388888888888886,True,True,True,True,False,True,True,True,False,True,0.002777777777777778,0.02638888888888889,-0.6875,-1
0,600,3021,risky_assessed,refuse,edge__risky_assessed__refuse,41,40,0.5347222222222222,0.46944444444444444,0.06527777777777777,0.13055555555555554,0.25416666666666665,-0.12361111111111112,0.25972222222222224,0.39166666666666666,-0.13194444444444442,True,True,True,True,False,True,True,True,False,True,0.001388888888888889,0.022222222222222223,-0.6875,-1
0,600,3022,risky_assessed,refuse,edge__risky_assessed__refuse,43,42,0.4861111111111111,0.3972222222222222,0.0888888888888889,0.1555555555555556,0.34027777777777785,-0.18472222222222223,0.2569444444444445,0.41666666666666663,-0.15972222222222215,True,True,True,True,True,True,True,True,True,True,0.004166666666666667,0.025,-0.6875,-1
0,600,3023,risky_assessed,refuse,edge__risky_assessed__refuse,42,41,0.4736111111111111,0.4083333333333333,0.06527777777777777,0.15833333333333333,0.28194444444444444,-0.12361111111111112,0.25138888888888894,0.3944444444444445,-0.14305555555555555,True,True,True,True,True,True,True,True,True,True,0.006944444444444444,0.020833333333333332,-0.6875,-1
0,600,3024,risky_assessed,refuse,edge__risky_assessed__refuse,45,44,0.5430555555555556,0.49166666666666664,0.051388888888888984,0.12083333333333324,0.2666666666666668,-0.14583333333333354,0.2152777777777778,0.3361111111111111,-0.12083333333333329,True,True,True,True,False,True,True,True,False,True,0.001388888888888889,0.0125,-0.6875,-1
0,600,3025,risky_assessed,refuse,edge__risky_assessed__refuse,44,43,0.5375000000000001,0.4736111111111111,0.063888888888889,0.08472222222222214,0.25,-0.16527777777777786,0.2277777777777778,0.3416666666666667,-0.11388888888888887,True,True,True,True,False,True,True,True,False,True,0.002777777777777778,0.016666666666666666,-0.6875,-1
0,600,3026,risky_assessed,refuse,edge__risky_assessed__refuse,42,41,0.5333333333333333,0.4736111111111111,0.05972222222222223,0.10277777777777775,0.3402777777777778,-0.23750000000000004,0.2333333333333333,0.36250000000000004,-0.12916666666666674,True,True,True,True,False,True,True,True,False,True,0.004166666666666667,0.02361111111111111,-0.6875,-1
0,600,3027,risky_assessed,refuse,edge__risky_assessed__refuse,43,42,0.49444444444444446,0.4555555555555556,0.03888888888888886,0.12777777777777777,0.23888888888888882,-0.11111111111111105,0.19444444444444445,0.2986111111111111,-0.10416666666666666,True,True,True,True,False,True,True,True,False,True,0.001388888888888889,0.015277777777777777,-0.6875,-1
0,600,3028,risky_assessed,refuse,edge__risky_assessed__refuse,44,43,0.5375000000000001,0.4736111111111111,0.063888888888889,0.08611111111111103,0.25,-0.16388888888888897,0.2277777777777778,0.3416666666666667,-0.11388888888888887,True,True,True,True,False,True,True,True,False,True,0.002777777777777778,0.016666666666666666,-0.6875,-1
0,600,3029,risky_assessed,refuse,edge__risky_assessed__refuse,43,42,0.5388888888888889,0.44166666666666665,0.09722222222222221,0.09166666666666667,0.29861111111111116,-0.2069444444444445,0.22916666666666666,0.37222222222222223,-0.14305555555555557,True,True,True,True,False,True,True,True,False,True,0.008333333333333333,0.015277777777777777,-0.6875,-1
0,600,3030,risky_assessed,refuse,edge__risky_assessed__refuse,44,43,0.5291666666666667,0.4513888888888889,0.07777777777777778,0.11805555555555558,0.25972222222222213,-0.14166666666666655,0.21944444444444444,0.35000000000000003,-0.1305555555555556,True,True,True,True,False,True,True,True,False,True,0.006944444444444444,0.019444444444444445,-0.6875,-1
0,600,3031,risky_assessed,refuse,edge__risky_assessed__refuse,43,42,0.5375000000000001,0.4736111111111111,0.063888888888889,0.08611111111111103,0.25,-0.16388888888888897,0.2277777777777778,0.3416666666666667,-0.11388888888888887,True,True,True,True,False,True,True,True,False,True,0.002777777777777778,0.016666666666666666,-0.6875,-1
0,1200,3000,risky_assessed,refuse,edge__risky_assessed__refuse,45,44,0.4638888888888889,0.4305555555555556,0.033333333333333326,0.15694444444444444,0.25555555555555554,-0.0986111111111111,0.25833333333333336,0.37916666666666665,-0.12083333333333329,True,True,True,True,True,True,True,True,True,True,0.006944444444444444,0.018055555555555554,-0.625,-1
0,1200,3001,risky_assessed,refuse,edge__risky_assessed__refuse,42,41,0.5361111111111111,0.48333333333333334,0.05277777777777776,0.13750000000000007,0.23888888888888887,-0.1013888888888888,0.2263888888888889,0.3541666666666667,-0.1277777777777778,True,True,True,True,False,True,True,True,False,True,0.001388888888888889,0.016666666666666666,-0.625,-1
0,1200,3002,risky_assessed,refuse,edge__risky_assessed__refuse,43,42,0.513888888888889,0.45694444444444443,0.05694444444444452,0.1499999999999999,0.23888888888888887,-0.08888888888888896,0.225,0.3597222222222222,-0.13472222222222222,True,True,True,True,False,True,True,True,False,True,0.002777777777777778,0.016666666666666666,-0.625,-1
0,1200,3003,risky_assessed,refuse,edge__risky_assessed__refuse,45,44,0.5208333333333333,0.48333333333333334,0.03749999999999992,0.13194444444444442,0.21527777777777773,-0.08333333333333331,0.20694444444444443,0.33749999999999997,-0.13055555555555554,True,True,True,True,False,True,True,True,False,True,0.004166666666666667,0.013888888888888888,-0.625,-1
0,1200,3004,risky_assessed,refuse,edge__risky_assessed__refuse,44,43,0.513888888888889,0.45694444444444443,0.05694444444444452,0.1499999999999999,0.23888888888888887,-0.08888888888888896,0.225,0.3597222222222222,-0.13472222222222222,True,True,True,True,False,True,True,True,False,True,0.002777777777777778,0.016666666666666666,-0.625,-1
0,1200,3005,risky_assessed,refuse,edge__risky_assessed__refuse,43,42,0.5236111111111111,0.4819444444444444,0.04166666666666674,0.1513888888888888,0.22777777777777775,-0.07638888888888895,0.2125,0.33055555555555555,-0.11805555555555555,True,True,True,True,True,True,True,True,True,True,0.006944444444444444,0.019444444444444445,-0.625,-1
0,1200,3006,risky_assessed,refuse,edge__risky_assessed__refuse,43,42,0.5083333333333333,0.325,0.1833333333333333,0.13888888888888884,0.24166666666666664,-0.1027777777777778,0.24583333333333335,0.5013888888888889,-0.25555555555555554,True,True,True,True,False,True,True,True,False,True,0.002777777777777778,0.03888888888888889,-0.625,-1
0,1200,3007,risky_assessed,refuse,edge__risky_assessed__refuse,43,42,0.48333333333333334,0.4111111111111111,0.07222222222222224,0.1555555555555555,0.33333333333333337,-0.17777777777777787,0.2472222222222222,0.4263888888888889,-0.17916666666666667,True,True,True,True,True,True,True,True,True,True,0.004166666666666667,0.030555555555555555,-0.625,-1
0,1200,3008,risky_assessed,refuse,edge__risky_assessed__refuse,42,41,0.5541666666666667,0.5319444444444444,0.022222222222222254,0.12638888888888888,0.22638888888888886,-0.09999999999999998,0.23333333333333334,0.32222222222222224,-0.0888888888888889,True,True,True,True,False,True,True,True,False,True,0.006944444444444444,0.016666666666666666,-0.625,-1
0,1200,3009,risky_assessed,refuse,edge__risky_assessed__refuse,44,43,0.5027777777777778,0.35277777777777775,0.15000000000000002,0.13611111111111107,0.19444444444444442,-0.05833333333333335,0.2569444444444444,0.5125000000000001,-0.25555555555555565,True,True,True,True,False,True,True,True,False,True,0.009722222222222222,0.041666666666666664,-0.625,-1
0,1200,3010,risky_assessed,refuse,edge__risky_assessed__refuse,42,41,0.5597222222222222,0.4875,0.07222222222222224,0.12083333333333335,0.23888888888888898,-0.11805555555555564,0.225,0.375,-0.15,True,True,True,True,False,True,True,True,False,True,0.005555555555555556,0.018055555555555554,-0.625,-1
0,1200,3011,risky_assessed,refuse,edge__risky_assessed__refuse,42,41,0.38055555555555554,0.33333333333333337,0.047222222222222165,0.16666666666666663,0.24305555555555558,-0.07638888888888895,0.1986111111111111,0.30694444444444446,-0.10833333333333336,True,True,True,True,True,True,True,True,True,True,0.005555555555555556,0.015277777777777777,-0.625,-1
0,1200,3012,risky_assessed,refuse,edge__risky_assessed__refuse,45,44,0.5263888888888889,0.4513888888888889,0.07500000000000001,0.10416666666666663,0.2361111111111111,-0.13194444444444448,0.20555555555555555,0.3416666666666667,-0.13611111111111113,True,True,True,True,False,True,True,True,False,True,0.004166666666666667,0.019444444444444445,-0.625,-1
0,1200,3013,risky_assessed,refuse,edge__risky_assessed__refuse,44,43,0.5208333333333333,0.4833333333333333,0.03749999999999998,0.13888888888888895,0.21666666666666667,-0.07777777777777772,0.20694444444444443,0.33749999999999997,-0.13055555555555554,True,True,True,True,False,True,True,True,False,True,0.004166666666666667,0.013888888888888888,-0.625,-1
0,1200,3014,risky_assessed,refuse,edge__risky_assessed__refuse,44,43,0.525,0.46805555555555556,0.056944444444444464,0.14444444444444438,0.23472222222222217,-0.09027777777777779,0.2277777777777778,0.3541666666666667,-0.12638888888888888,True,True,True,True,False,True,True,True,False,True,0.002777777777777778,0.020833333333333332,-0.625,-1
0,1200,3015,risky_assessed,refuse,edge__risky_assessed__refuse,45,44,0.4111111111111111,0.2986111111111111,0.11249999999999999,0.21250000000000002,0.21666666666666662,-0.004166666666666596,0.27499999999999997,0.5027777777777778,-0.2277777777777778,True,True,True,True,True,True,True,True,True,True,0.008333333333333333,0.0375,-0.625,-1
0,1200,3016,risky_assessed,refuse,edge__risky_assessed__refuse,42,41,0.3402777777777778,0.28194444444444444,0.05833333333333335,0.15416666666666667,0.2833333333333333,-0.12916666666666665,0.23333333333333334,0.34861111111111115,-0.11527777777777781,True,True,True,True,True,True,True,True,True,True,0.011111111111111112,0.019444444444444445,-0.625,-1
0,1200,3017,risky_assessed,refuse,edge__risky_assessed__refuse,44,43,0.5347222222222222,0.4722222222222222,0.0625,0.1347222222222223,0.21944444444444444,-0.08472222222222214,0.20416666666666666,0.3472222222222222,-0.14305555555555555,True,True,True,True,False,True,True,True,False,True,0.001388888888888889,0.018055555555555554,-0.625,-1
0,1200,3018,risky_assessed,refuse,edge__risky_assessed__refuse,43,42,0.4722222222222222,0.33055555555555555,0.14166666666666666,0.17500000000000004,0.20833333333333331,-0.03333333333333327,0.2513888888888889,0.4930555555555555,-0.24166666666666664,True,True,True,True,True,True,True,True,True,True,0.005555555555555556,0.041666666666666664,-0.625,-1
0,1200,3019,risky_assessed,refuse,edge__risky_assessed__refuse,45,44,0.5347222222222222,0.4708333333333333,0.06388888888888888,0.13194444444444453,0.22638888888888886,-0.09444444444444433,0.20416666666666666,0.3486111111111111,-0.14444444444444443,True,True,True,True,False,True,True,True,False,True,0.001388888888888889,0.018055555555555554,-0.625,-1
0,1200,3020,risky_assessed,refuse,edge__risky_assessed__refuse,43,42,0.5597222222222222,0.4791666666666667,0.08055555555555555,0.1416666666666666,0.30416666666666664,-0.16250000000000003,0.23055555555555554,0.41388888888888886,-0.18333333333333332,True,True,True,True,False,True,True,True,False,True,0.006944444444444444,0.030555555555555555,-0.625,-1
0,1200,3021,risky_assessed,refuse,edge__risky_assessed__refuse,41,40,0.5097222222222222,0.44305555555555554,0.06666666666666665,0.13611111111111118,0.24861111111111112,-0.11249999999999993,0.29305555555555557,0.41805555555555557,-0.125,True,True,True,True,False,True,True,True,False,True,0.001388888888888889,0.020833333333333332,-0.625,-1
0,1200,3022,risky_assessed,refuse,edge__risky_assessed__refuse,43,42,0.48333333333333334,0.40555555555555556,0.07777777777777778,0.1555555555555555,0.34305555555555556,-0.18750000000000006,0.24583333333333332,0.4305555555555555,-0.1847222222222222,True,True,True,True,True,True,True,True,True,True,0.004166666666666667,0.029166666666666667,-0.625,-1
0,1200,3023,risky_assessed,refuse,edge__risky_assessed__refuse,42,41,0.4527777777777778,0.40694444444444444,0.04583333333333334,0.16250000000000003,0.2694444444444445,-0.10694444444444445,0.2638888888888889,0.39583333333333337,-0.13194444444444448,True,True,True,True,True,True,True,True,True,True,0.006944444444444444,0.020833333333333332,-0.625,-1
0,1200,3024,risky_assessed,refuse,edge__risky_assessed__refuse,45,44,0.5527777777777778,0.4847222222222223,0.06805555555555554,0.11666666666666659,0.23611111111111116,-0.11944444444444458,0.20277777777777775,0.34861111111111115,-0.1458333333333334,True,True,True,True,False,True,True,True,False,True,0.004166666666666667,0.020833333333333332,-0.625,-1
0,1200,3025,risky_assessed,refuse,edge__risky_assessed__refuse,44,43,0.5486111111111112,0.45972222222222225,0.0888888888888889,0.08194444444444438,0.21250000000000002,-0.13055555555555565,0.20694444444444443,0.35138888888888886,-0.14444444444444443,True,True,True,True,False,True,True,True,False,True,0.004166666666666667,0.02361111111111111,-0.625,-1
0,1200,3026,risky_assessed,refuse,edge__risky_assessed__refuse,42,41,0.5458333333333333,0.4458333333333333,0.09999999999999998,0.09166666666666679,0.36250000000000004,-0.27083333333333326,0.22083333333333333,0.42083333333333334,-0.2,True,True,True,True,False,True,True,True,False,True,0.006944444444444444,0.018055555555555554,-0.625,-1
0,1200,3027,risky_assessed,refuse,edge__risky_assessed__refuse,43,42,0.4986111111111111,0.4444444444444445,0.05416666666666664,0.10833333333333339,0.2444444444444444,-0.13611111111111102,0.19166666666666665,0.2972222222222222,-0.10555555555555557,True,True,True,True,False,True,True,True,False,True,0.004166666666666667,0.019444444444444445,-0.625,-1
0,1200,3028,risky_assessed,refuse,edge__risky_assessed__refuse,44,43,0.5486111111111112,0.45972222222222225,0.0888888888888889,0.08194444444444438,0.21250000000000002,-0.13055555555555565,0.20694444444444443,0.35138888888888886,-0.14444444444444443,True,True,True,True,False,True,True,True,False,True,0.004166666666666667,0.02361111111111111,-0.625,-1
0,1200,3029,risky_assessed,refuse,edge__risky_assessed__refuse,43,42,0.5416666666666666,0.4527777777777778,0.08888888888888885,0.10555555555555551,0.2541666666666666,-0.14861111111111108,0.23333333333333334,0.3569444444444444,-0.12361111111111106,True,True,True,True,False,True,True,True,False,True,0.001388888888888889,0.025,-0.625,-1
0,1200,3030,risky_assessed,refuse,edge__risky_assessed__refuse,44,43,0.5347222222222222,0.4722222222222222,0.0625,0.1347222222222223,0.21944444444444444,-0.08472222222222214,0.20416666666666666,0.3472222222222222,-0.14305555555555555,True,True,True,True,False,True,True,True,False,True,0.001388888888888889,0.018055555555555554,-0.625,-1
0,1200,3031,risky_assessed,refuse,edge__risky_assessed__refuse,43,42,0.5486111111111112,0.45972222222222225,0.0888888888888889,0.08194444444444438,0.2138888888888889,-0.13194444444444453,0.20694444444444443,0.35,-0.14305555555555555,True,True,True,True,False,True,True,True,False,True,0.004166666666666667,0.025,-0.625,-1
0,2400,3000,risky_assessed,refuse,edge__risky_assessed__refuse,45,44,0.46805555555555556,0.39861111111111114,0.06944444444444442,0.14722222222222225,0.2680555555555555,-0.12083333333333324,0.25416666666666665,0.39583333333333337,-0.14166666666666672,True,True,True,True,False,True,True,True,False,True,0.008333333333333333,0.020833333333333332,-0.6875,-1
0,2400,3001,risky_assessed,refuse,edge__risky_assessed__refuse,42,41,0.5291666666666667,0.4638888888888889,0.06527777777777777,0.14166666666666672,0.2583333333333333,-0.11666666666666659,0.22083333333333335,0.36527777777777776,-0.1444444444444444,True,True,True,True,False,True,True,True,False,True,0.002777777777777778,0.013888888888888888,-0.6875,-1
0,2400,3002,risky_assessed,refuse,edge__risky_assessed__refuse,43,42,0.5180555555555556,0.43194444444444446,0.08611111111111114,0.13888888888888884,0.2597222222222222,-0.12083333333333335,0.21527777777777776,0.375,-0.15972222222222224,True,True,True,True,False,True,True,True,False,True,0.004166666666666667,0.013888888888888888,-0.6875,-1
0,2400,3003,risky_assessed,refuse,edge__risky_assessed__refuse,45,44,0.5291666666666667,0.4652777777777778,0.06388888888888888,0.11388888888888882,0.22777777777777775,-0.11388888888888893,0.20555555555555555,0.35138888888888886,-0.14583333333333331,True,True,True,True,False,True,True,True,False,True,0.005555555555555556,0.015277777777777777,-0.6875,-1
0,2400,3004,risky_assessed,refuse,edge__risky_assessed__refuse,44,43,0.5180555555555556,0.4305555555555556,0.08750000000000002,0.13888888888888884,0.26111111111111107,-0.12222222222222223,0.21527777777777776,0.3763888888888889,-0.16111111111111112,True,True,True,True,False,True,True,True,False,True,0.004166666666666667,0.013888888888888888,-0.6875,-1
0,2400,3005,risky_assessed,refuse,edge__risky_assessed__refuse,43,42,0.5194444444444445,0.4736111111111111,0.04583333333333339,0.15000000000000002,0.22222222222222232,-0.0722222222222223,0.22083333333333333,0.33611111111111114,-0.11527777777777781,True,True,True,True,True,True,True,True,True,True,0.005555555555555556,0.018055555555555554,-0.6875,-1
0,2400,3006,risky_assessed,refuse,edge__risky_assessed__refuse,43,42,0.48750000000000004,0.3333333333333333,0.15416666666666673,0.15555555555555545,0.2194444444444445,-0.06388888888888905,0.2513888888888889,0.4916666666666667,-0.2402777777777778,True,True,True,True,True,True,True,True,True,True,0.002777777777777778,0.03333333333333333,-0.6875,-1
0,2400,3007,risky_assessed,refuse,edge__risky_assessed__refuse,43,42,0.4861111111111111,0.3875,0.0986111111111111,0.1569444444444445,0.3625,-0.2055555555555555,0.24166666666666664,0.4430555555555556,-0.20138888888888895,True,True,True,True,True,True,True,True,True,True,0.004166666666666667,0.022222222222222223,-0.6875,-1
0,2400,3008,risky_assessed,refuse,edge__risky_assessed__refuse,42,41,0.5486111111111112,0.5,0.04861111111111116,0.12361111111111112,0.25,-0.12638888888888888,0.2263888888888889,0.35138888888888886,-0.12499999999999997,True,True,True,True,False,True,True,True,False,True,0.005555555555555556,0.013888888888888888,-0.6875,-1
0,2400,3009,risky_assessed,refuse,edge__risky_assessed__refuse,44,43,0.49444444444444446,0.34444444444444444,0.15000000000000002,0.13611111111111107,0.1972222222222222,-0.061111111111111116,0.2652777777777778,0.5236111111111111,-0.25833333333333336,True,True,True,True,False,True,True,True,False,True,0.009722222222222222,0.0375,-0.6875,-1
0,2400,3010,risky_assessed,refuse,edge__risky_assessed__refuse,42,41,0.5569444444444445,0.4916666666666667,0.06527777777777777,0.12222222222222223,0.2416666666666667,-0.11944444444444446,0.225,0.35833333333333334,-0.13333333333333333,True,True,True,True,False,True,True,True,False,True,0.002777777777777778,0.016666666666666666,-0.6875,-1
0,2400,3011,risky_assessed,refuse,edge__risky_assessed__refuse,42,41,0.3972222222222222,0.35416666666666663,0.04305555555555557,0.15833333333333338,0.22638888888888886,-0.06805555555555548,0.1875,0.2847222222222222,-0.09722222222222221,True,True,True,True,True,True,True,True,True,True,0.006944444444444444,0.0125,-0.6875,-1
0,2400,3012,risky_assessed,refuse,edge__risky_assessed__refuse,45,44,0.49583333333333335,0.44305555555555554,0.05277777777777781,0.13611111111111107,0.24722222222222223,-0.11111111111111116,0.2111111111111111,0.3416666666666667,-0.13055555555555556,True,True,True,True,False,True,True,True,False,True,0.009722222222222222,0.018055555555555554,-0.6875,-1
0,2400,3013,risky_assessed,refuse,edge__risky_assessed__refuse,44,43,0.5291666666666667,0.46805555555555556,0.061111111111111116,0.11388888888888882,0.22638888888888886,-0.11250000000000004,0.20555555555555555,0.3486111111111111,-0.14305555555555555,True,True,True,True,False,True,True,True,False,True,0.005555555555555556,0.015277777777777777,-0.6875,-1
0,2400,3014,risky_assessed,refuse,edge__risky_assessed__refuse,44,43,0.5333333333333333,0.4555555555555556,0.07777777777777772,0.1333333333333333,0.23888888888888882,-0.10555555555555551,0.21527777777777776,0.3541666666666667,-0.13888888888888892,True,True,True,True,False,True,True,True,False,True,0.006944444444444444,0.015277777777777777,-0.6875,-1
0,2400,3015,risky_assessed,refuse,edge__risky_assessed__refuse,45,44,0.44305555555555554,0.2902777777777778,0.15277777777777773,0.15694444444444444,0.24166666666666664,-0.0847222222222222,0.24027777777777778,0.5180555555555555,-0.2777777777777777,True,True,True,True,True,True,True,True,True,True,0.008333333333333333,0.027777777777777776,-0.6875,-1
0,2400,3016,risky_assessed,refuse,edge__risky_assessed__refuse,42,41,0.35,0.29583333333333334,0.05416666666666664,0.16388888888888886,0.2722222222222222,-0.10833333333333334,0.23333333333333334,0.3402777777777778,-0.10694444444444445,True,True,True,True,True,True,True,True,True,True,0.006944444444444444,0.016666666666666666,-0.6875,-1
0,2400,3017,risky_assessed,refuse,edge__risky_assessed__refuse,44,43,0.5388888888888889,0.4444444444444445,0.09444444444444439,0.12083333333333346,0.25138888888888883,-0.13055555555555537,0.19861111111111113,0.3638888888888889,-0.16527777777777775,True,True,True,True,False,True,True,True,False,True,0.002777777777777778,0.0125,-0.6875,-1
0,2400,3018,risky_assessed,refuse,edge__risky_assessed__refuse,43,42,0.46111111111111114,0.32083333333333336,0.14027777777777778,0.17499999999999993,0.2097222222222222,-0.034722222222222265,0.2555555555555556,0.5194444444444445,-0.2638888888888889,True,True,True,True,True,True,True,True,True,True,0.006944444444444444,0.030555555555555555,-0.6875,-1
0,2400,3019,risky_assessed,refuse,edge__risky_assessed__refuse,45,44,0.5402777777777777,0.44027777777777777,0.09999999999999998,0.11944444444444458,0.25555555555555554,-0.13611111111111096,0.19861111111111113,0.3680555555555555,-0.1694444444444444,True,True,True,True,False,True,True,True,False,True,0.002777777777777778,0.0125,-0.6875,-1
0,2400,3020,risky_assessed,refuse,edge__risky_assessed__refuse,43,42,0.5680555555555555,0.4722222222222222,0.09583333333333333,0.12777777777777777,0.31805555555555554,-0.19027777777777777,0.22916666666666666,0.4111111111111111,-0.18194444444444444,True,True,True,True,False,True,True,True,False,True,0.004166666666666667,0.027777777777777776,-0.6875,-1
0,2400,3021,risky_assessed,refuse,edge__risky_assessed__refuse,41,40,0.5125,0.44305555555555554,0.06944444444444442,0.13611111111111118,0.25,-0.11388888888888882,0.2833333333333333,0.4083333333333333,-0.125,True,True,True,True,False,True,True,True,False,True,0.001388888888888889,0.020833333333333332,-0.6875,-1
0,2400,3022,risky_assessed,refuse,edge__risky_assessed__refuse,43,42,0.4847222222222222,0.3819444444444444,0.1027777777777778,0.1555555555555555,0.3680555555555556,-0.21250000000000008,0.24166666666666664,0.44583333333333336,-0.20416666666666672,True,True,True,True,True,True,True,True,True,True,0.004166666666666667,0.022222222222222223,-0.6875,-1
0,2400,3023,risky_assessed,refuse,edge__risky_assessed__refuse,42,41,0.4625,0.4152777777777778,0.04722222222222222,0.14722222222222225,0.24722222222222218,-0.09999999999999992,0.2569444444444445,0.39305555555555555,-0.13611111111111107,True,True,True,True,False,True,True,True,False,True,0.006944444444444444,0.020833333333333332,-0.6875,-1
0,2400,3024,risky_assessed,refuse,edge__risky_assessed__refuse,45,44,0.5458333333333334,0.4625,0.08333333333333337,0.12361111111111112,0.26249999999999996,-0.13888888888888884,0.20416666666666666,0.37222222222222223,-0.16805555555555557,True,True,True,True,False,True,True,True,False,True,0.002777777777777778,0.0125,-0.6875,-1
0,2400,3025,risky_assessed,refuse,edge__risky_assessed__refuse,44,43,0.5430555555555556,0.45694444444444443,0.0861111111111112,0.09027777777777779,0.24166666666666664,-0.15138888888888885,0.20833333333333331,0.35833333333333334,-0.15000000000000002,True,True,True,True,False,True,True,True,False,True,0.004166666666666667,0.013888888888888888,-0.6875,-1
0,2400,3026,risky_assessed,refuse,edge__risky_assessed__refuse,42,41,0.5347222222222222,0.4611111111111111,0.07361111111111113,0.10555555555555562,0.3513888888888889,-0.2458333333333333,0.23194444444444443,0.39166666666666666,-0.15972222222222224,True,True,True,True,False,True,True,True,False,True,0.004166666666666667,0.022222222222222223,-0.6875,-1
0,2400,3027,risky_assessed,refuse,edge__risky_assessed__refuse,43,42,0.5,0.4361111111111111,0.06388888888888888,0.11805555555555558,0.24444444444444446,-0.12638888888888888,0.18333333333333335,0.3,-0.11666666666666664,True,True,True,True,False,True,True,True,False,True,0.002777777777777778,0.013888888888888888,-0.6875,-1
0,2400,3028,risky_assessed,refuse,edge__risky_assessed__refuse,44,43,0.5430555555555556,0.45694444444444443,0.0861111111111112,0.09027777777777779,0.24166666666666664,-0.15138888888888885,0.20833333333333331,0.35833333333333334,-0.15000000000000002,True,True,True,True,False,True,True,True,False,True,0.004166666666666667,0.013888888888888888,-0.6875,-1
0,2400,3029,risky_assessed,refuse,edge__risky_assessed__refuse,43,42,0.5361111111111111,0.4486111111111111,0.08749999999999997,0.10416666666666663,0.2569444444444445,-0.15277777777777785,0.2277777777777778,0.3652777777777778,-0.1375,True,True,True,True,False,True,True,True,False,True,0.002777777777777778,0.019444444444444445,-0.6875,-1
0,2400,3030,risky_assessed,refuse,edge__risky_assessed__refuse,44,43,0.5388888888888889,0.4444444444444445,0.09444444444444439,0.12083333333333346,0.25138888888888883,-0.13055555555555537,0.19861111111111113,0.3638888888888889,-0.16527777777777775,True,True,True,True,False,True,True,True,False,True,0.002777777777777778,0.0125,-0.6875,-1
0,2400,3031,risky_assessed,refuse,edge__risky_assessed__refuse,43,42,0.5430555555555556,0.45694444444444443,0.0861111111111112,0.09027777777777779,0.24166666666666664,-0.15138888888888885,0.20833333333333331,0.35833333333333334,-0.15000000000000002,True,True,True,True,False,True,True,True,False,True,0.004166666666666667,0.013888888888888888,-0.6875,-1
5,600,3000,risky_assessed,refuse,edge__risky_assessed__refuse,45,44,0.43472222222222223,0.38472222222222224,0.04999999999999999,0.12361111111111112,0.24305555555555552,-0.11944444444444441,0.2763888888888889,0.39305555555555555,-0.11666666666666664,True,True,True,True,False,True,True,True,False,True,0.002777777777777778,0.019444444444444445,-0.75,-1
5,600,3001,risky_assessed,refuse,edge__risky_assessed__refuse,42,41,0.46944444444444444,0.39444444444444443,0.07500000000000001,0.15694444444444444,0.2833333333333334,-0.12638888888888894,0.2555555555555556,0.4,-0.14444444444444443,True,True,True,True,True,True,True,True,True,True,0.004166666666666667,0.016666666666666666,-0.75,-1
5,600,3002,risky_assessed,refuse,edge__risky_assessed__refuse,43,42,0.43472222222222223,0.38749999999999996,0.047222222222222276,0.12361111111111112,0.24305555555555558,-0.11944444444444446,0.2777777777777778,0.3902777777777778,-0.11249999999999999,True,True,True,True,False,True,True,True,False,True,0.002777777777777778,0.020833333333333332,-0.75,-1
5,600,3003,risky_assessed,refuse,edge__risky_assessed__refuse,45,44,0.4875,0.41388888888888886,0.07361111111111113,0.1291666666666667,0.22638888888888886,-0.09722222222222215,0.2555555555555556,0.3875,-0.13194444444444442,True,True,True,True,False,True,True,True,False,True,0.004166666666666667,0.022222222222222223,-0.75,-1
5,600,3004,risky_assessed,refuse,edge__risky_assessed__refuse,44,43,0.43472222222222223,0.38749999999999996,0.047222222222222276,0.12361111111111112,0.24305555555555558,-0.11944444444444446,0.2777777777777778,0.3902777777777778,-0.11249999999999999,True,True,True,True,False,True,True,True,False,True,0.002777777777777778,0.020833333333333332,-0.75,-1
5,600,3005,risky_assessed,refuse,edge__risky_assessed__refuse,43,42,0.4847222222222222,0.4180555555555555,0.06666666666666671,0.13333333333333336,0.21944444444444444,-0.08611111111111108,0.25972222222222224,0.38333333333333336,-0.12361111111111112,True,True,True,True,False,True,True,True,False,True,0.004166666666666667,0.022222222222222223,-0.75,-1
5,600,3006,risky_assessed,refuse,edge__risky_assessed__refuse,43,42,0.3958333333333333,0.2847222222222222,0.1111111111111111,0.15138888888888885,0.2513888888888889,-0.10000000000000003,0.325,0.49166666666666664,-0.16666666666666663,True,True,True,True,True,True,True,True,True,True,0.004166666666666667,0.020833333333333332,-0.75,-1
5,600,3007,risky_assessed,refuse,edge__risky_assessed__refuse,43,42,0.4013888888888889,0.34444444444444444,0.056944444444444464,0.1597222222222222,0.4833333333333333,-0.32361111111111107,0.3291666666666667,0.49027777777777776,-0.16111111111111104,True,True,True,True,True,True,True,True,True,True,0.006944444444444444,0.04027777777777778,-0.75,-1
5,600,3008,risky_assessed,refuse,edge__risky_assessed__refuse,42,41,0.47500000000000003,0.3986111111111111,0.07638888888888895,0.14305555555555544,0.26805555555555555,-0.1250000000000001,0.2527777777777778,0.4083333333333333,-0.1555555555555555,True,True,True,True,False,True,True,True,False,True,0.005555555555555556,0.018055555555555554,-0.75,-1
5,600,3009,risky_assessed,refuse,edge__risky_assessed__refuse,44,43,0.40694444444444444,0.2847222222222222,0.12222222222222223,0.1444444444444445,0.2236111111111111,-0.07916666666666661,0.3402777777777778,0.5208333333333334,-0.18055555555555558,True,True,True,True,False,True,True,True,False,True,0.004166666666666667,0.027777777777777776,-0.75,-1
5,600,3010,risky_assessed,refuse,edge__risky_assessed__refuse,42,41,0.4930555555555556,0.4333333333333333,0.05972222222222229,0.11388888888888882,0.22083333333333338,-0.10694444444444456,0.2638888888888889,0.4013888888888889,-0.1375,True,True,True,True,False,True,True,True,False,True,0.006944444444444444,0.02361111111111111,-0.75,-1
5,600,3011,risky_assessed,refuse,edge__risky_assessed__refuse,42,41,0.33055555555555555,0.2569444444444444,0.07361111111111113,0.12916666666666665,0.2611111111111112,-0.13194444444444453,0.25833333333333336,0.3875,-0.12916666666666665,True,True,True,True,False,True,True,True,False,True,0.006944444444444444,0.016666666666666666,-0.75,-1
5,600,3012,risky_assessed,refuse,edge__risky_assessed__refuse,45,44,0.4347222222222222,0.3416666666666667,0.0930555555555555,0.10000000000000003,0.2569444444444444,-0.1569444444444444,0.25972222222222224,0.39444444444444443,-0.1347222222222222,True,True,True,True,False,True,True,True,False,True,0.004166666666666667,0.019444444444444445,-0.75,-1
5,600,3013,risky_assessed,refuse,edge__risky_assessed__refuse,44,43,0.4875,0.4180555555555555,0.06944444444444448,0.1291666666666667,0.22083333333333333,-0.09166666666666662,0.2569444444444445,0.38333333333333336,-0.12638888888888888,True,True,True,True,False,True,True,True,False,True,0.004166666666666667,0.022222222222222223,-0.75,-1
5,600,3014,risky_assessed,refuse,edge__risky_assessed__refuse,44,43,0.4361111111111111,0.38749999999999996,0.04861111111111116,0.13194444444444442,0.2513888888888889,-0.11944444444444446,0.2777777777777778,0.39444444444444443,-0.11666666666666664,True,True,True,True,False,True,True,True,False,True,0.004166666666666667,0.018055555555555554,-0.75,-1
5,600,3015,risky_assessed,refuse,edge__risky_assessed__refuse,45,44,0.31527777777777777,0.21666666666666667,0.0986111111111111,0.20972222222222225,0.25277777777777777,-0.043055555555555514,0.35833333333333334,0.5277777777777778,-0.16944444444444445,True,True,True,True,True,True,True,True,True,True,0.004166666666666667,0.019444444444444445,-0.75,-1
5,600,3016,risky_assessed,refuse,edge__risky_assessed__refuse,42,41,0.33194444444444443,0.2611111111111111,0.0708333333333333,0.1291666666666667,0.2541666666666666,-0.12499999999999989,0.2555555555555556,0.3819444444444445,-0.12638888888888888,True,True,True,True,False,True,True,True,False,True,0.006944444444444444,0.016666666666666666,-0.75,-1
5,600,3017,risky_assessed,refuse,edge__risky_assessed__refuse,44,43,0.44166666666666665,0.38749999999999996,0.054166666666666696,0.11388888888888893,0.23750000000000004,-0.12361111111111112,0.27083333333333337,0.3902777777777778,-0.11944444444444441,True,True,True,True,False,True,True,True,False,True,0.002777777777777778,0.019444444444444445,-0.75,-1
5,600,3018,risky_assessed,refuse,edge__risky_assessed__refuse,43,42,0.35,0.28055555555555556,0.06944444444444442,0.15555555555555556,0.21666666666666667,-0.061111111111111116,0.3319444444444445,0.47222222222222227,-0.14027777777777778,True,True,True,True,True,True,True,True,True,True,0.004166666666666667,0.020833333333333332,-0.75,-1
5,600,3019,risky_assessed,refuse,edge__risky_assessed__refuse,45,44,0.44166666666666665,0.38749999999999996,0.054166666666666696,0.11527777777777781,0.23750000000000004,-0.12222222222222223,0.27083333333333337,0.3902777777777778,-0.11944444444444441,True,True,True,True,False,True,True,True,False,True,0.002777777777777778,0.019444444444444445,-0.75,-1
5,600,3020,risky_assessed,refuse,edge__risky_assessed__refuse,43,42,0.4486111111111111,0.3958333333333333,0.05277777777777781,0.16944444444444445,0.4847222222222222,-0.31527777777777777,0.33749999999999997,0.5069444444444444,-0.16944444444444445,True,True,True,True,True,True,True,True,True,True,0.009722222222222222,0.034722222222222224,-0.75,-1
5,600,3021,risky_assessed,refuse,edge__risky_assessed__refuse,41,40,0.4875,0.43194444444444446,0.055555555555555525,0.10000000000000003,0.23333333333333328,-0.13333333333333325,0.27083333333333337,0.4041666666666667,-0.1333333333333333,True,True,True,True,False,True,True,True,False,True,0.005555555555555556,0.02361111111111111,-0.75,-1
5,600,3022,risky_assessed,refuse,edge__risky_assessed__refuse,43,42,0.4013888888888889,0.34444444444444444,0.056944444444444464,0.1597222222222222,0.4833333333333333,-0.32361111111111107,0.3291666666666667,0.49027777777777776,-0.16111111111111104,True,True,True,True,True,True,True,True,True,True,0.006944444444444444,0.04027777777777778,-0.75,-1
5,600,3023,risky_assessed,refuse,edge__risky_assessed__refuse,42,41,0.4861111111111111,0.4166666666666667,0.06944444444444442,0.13333333333333336,0.22222222222222215,-0.0888888888888888,0.25833333333333336,0.38333333333333336,-0.125,True,True,True,True,False,True,True,True,False,True,0.002777777777777778,0.022222222222222223,-0.75,-1
5,600,3024,risky_assessed,refuse,edge__risky_assessed__refuse,45,44,0.4708333333333333,0.39999999999999997,0.07083333333333336,0.15000000000000002,0.2819444444444445,-0.13194444444444448,0.25277777777777777,0.39166666666666666,-0.1388888888888889,True,True,True,True,True,True,True,True,True,True,0.004166666666666667,0.016666666666666666,-0.75,-1
5,600,3025,risky_assessed,refuse,edge__risky_assessed__refuse,44,43,0.4333333333333333,0.38888888888888884,0.04444444444444445,0.12777777777777782,0.2402777777777778,-0.11249999999999999,0.2763888888888889,0.3875,-0.1111111111111111,True,True,True,True,False,True,True,True,False,True,0.002777777777777778,0.019444444444444445,-0.75,-1
5,600,3026,risky_assessed,refuse,edge__risky_assessed__refuse,42,41,0.40277777777777773,0.3638888888888889,0.03888888888888886,0.16805555555555557,0.4763888888888889,-0.30833333333333335,0.33611111111111114,0.4708333333333333,-0.1347222222222222,True,True,True,True,True,True,True,True,True,True,0.006944444444444444,0.03888888888888889,-0.75,-1
5,600,3027,risky_assessed,refuse,edge__risky_assessed__refuse,43,42,0.43333333333333335,0.40555555555555556,0.02777777777777779,0.10972222222222217,0.23611111111111105,-0.12638888888888888,0.2513888888888889,0.33611111111111114,-0.08472222222222225,True,True,True,True,False,True,True,True,False,True,0.004166666666666667,0.018055555555555554,-0.75,-1
5,600,3028,risky_assessed,refuse,edge__risky_assessed__refuse,44,43,0.4319444444444444,0.38888888888888884,0.04305555555555557,0.1291666666666667,0.2402777777777778,-0.1111111111111111,0.2763888888888889,0.3875,-0.1111111111111111,True,True,True,True,False,True,True,True,False,True,0.002777777777777778,0.019444444444444445,-0.75,-1
5,600,3029,risky_assessed,refuse,edge__risky_assessed__refuse,43,42,0.4388888888888889,0.3888888888888889,0.04999999999999999,0.12777777777777777,0.24861111111111106,-0.12083333333333329,0.28055555555555556,0.3861111111111111,-0.10555555555555557,True,True,True,True,False,True,True,True,False,True,0.002777777777777778,0.022222222222222223,-0.75,-1
5,600,3030,risky_assessed,refuse,edge__risky_assessed__refuse,44,43,0.44166666666666665,0.38749999999999996,0.054166666666666696,0.11388888888888893,0.23750000000000004,-0.12361111111111112,0.27083333333333337,0.3902777777777778,-0.11944444444444441,True,True,True,True,False,True,True,True,False,True,0.002777777777777778,0.019444444444444445,-0.75,-1
5,600,3031,risky_assessed,refuse,edge__risky_assessed__refuse,43,42,0.4319444444444444,0.38888888888888884,0.04305555555555557,0.1291666666666667,0.2402777777777778,-0.1111111111111111,0.2763888888888889,0.3875,-0.1111111111111111,True,True,True,True,False,True,True,True,False,True,0.002777777777777778,0.019444444444444445,-0.75,-1
5,1200,3000,risky_assessed,refuse,edge__risky_assessed__refuse,45,44,0.44027777777777777,0.36944444444444446,0.0708333333333333,0.12361111111111112,0.2666666666666666,-0.1430555555555555,0.26666666666666666,0.39305555555555555,-0.12638888888888888,True,True,True,True,False,True,True,True,False,True,0.002777777777777778,0.015277777777777777,-0.75,-1
5,1200,3001,risky_assessed,refuse,edge__risky_assessed__refuse,42,41,0.4583333333333333,0.39305555555555555,0.06527777777777777,0.18472222222222218,0.2888888888888889,-0.10416666666666674,0.27222222222222225,0.4097222222222222,-0.13749999999999996,True,True,True,True,True,True,True,True,True,True,0.004166666666666667,0.011111111111111112,-0.75,-1
5,1200,3002,risky_assessed,refuse,edge__risky_assessed__refuse,43,42,0.43333333333333335,0.3694444444444444,0.06388888888888894,0.1333333333333333,0.25972222222222224,-0.12638888888888894,0.27222222222222225,0.39305555555555555,-0.12083333333333329,True,True,True,True,False,True,True,True,False,True,0.002777777777777778,0.013888888888888888,-0.75,-1
5,1200,3003,risky_assessed,refuse,edge__risky_assessed__refuse,45,44,0.4888888888888889,0.425,0.06388888888888888,0.1375,0.22638888888888892,-0.0888888888888889,0.25833333333333336,0.3625,-0.10416666666666663,True,True,True,True,False,True,True,True,False,True,0.002777777777777778,0.018055555555555554,-0.75,-1
5,1200,3004,risky_assessed,refuse,edge__risky_assessed__refuse,44,43,0.43333333333333335,0.3694444444444444,0.06388888888888894,0.1333333333333333,0.25972222222222224,-0.12638888888888894,0.27222222222222225,0.39305555555555555,-0.12083333333333329,True,True,True,True,False,True,True,True,False,True,0.002777777777777778,0.013888888888888888,-0.75,-1
5,1200,3005,risky_assessed,refuse,edge__risky_assessed__refuse,43,42,0.4875,0.425,0.0625,0.13611111111111113,0.22916666666666669,-0.09305555555555556,0.25972222222222224,0.3625,-0.10277777777777775,True,True,True,True,False,True,True,True,False,True,0.002777777777777778,0.018055555555555554,-0.75,-1
5,1200,3006,risky_assessed,refuse,edge__risky_assessed__refuse,43,42,0.41527777777777775,0.29166666666666663,0.12361111111111112,0.1611111111111111,0.2930555555555556,-0.13194444444444453,0.3125,0.4847222222222222,-0.17222222222222222,True,True,True,True,True,True,True,True,True,True,0.009722222222222222,0.016666666666666666,-0.75,-1
5,1200,3007,risky_assessed,refuse,edge__risky_assessed__refuse,43,42,0.4083333333333333,0.34305555555555556,0.06527777777777777,0.1680555555555555,0.4819444444444444,-0.3138888888888889,0.33472222222222225,0.4986111111111111,-0.16388888888888886,True,True,True,True,True,True,True,True,True,True,0.005555555555555556,0.03611111111111111,-0.75,-1
5,1200,3008,risky_assessed,refuse,edge__risky_assessed__refuse,42,41,0.46388888888888885,0.40277777777777773,0.061111111111111116,0.1736111111111111,0.2611111111111111,-0.08750000000000002,0.275,0.39583333333333337,-0.12083333333333335,True,True,True,True,True,True,True,True,True,True,0.002777777777777778,0.019444444444444445,-0.75,-1
5,1200,3009,risky_assessed,refuse,edge__risky_assessed__refuse,44,43,0.4236111111111111,0.3138888888888889,0.10972222222222222,0.14166666666666666,0.24305555555555558,-0.10138888888888892,0.3263888888888889,0.4972222222222223,-0.1708333333333334,True,True,True,True,False,True,True,True,False,True,0.005555555555555556,0.022222222222222223,-0.75,-1
5,1200,3010,risky_assessed,refuse,edge__risky_assessed__refuse,42,41,0.4986111111111111,0.4388888888888889,0.05972222222222223,0.1069444444444444,0.20833333333333337,-0.10138888888888897,0.2625,0.3888888888888889,-0.12638888888888888,True,True,True,True,False,True,True,True,False,True,0.005555555555555556,0.018055555555555554,-0.75,-1
5,1200,3011,risky_assessed,refuse,edge__risky_assessed__refuse,42,41,0.33055555555555555,0.25,0.08055555555555555,0.14444444444444443,0.2777777777777778,-0.13333333333333336,0.2652777777777778,0.3819444444444445,-0.1166666666666667,True,True,True,True,False,True,True,True,False,True,0.005555555555555556,0.016666666666666666,-0.75,-1
5,1200,3012,risky_assessed,refuse,edge__risky_assessed__refuse,45,44,0.4305555555555555,0.35277777777777775,0.07777777777777778,0.10833333333333334,0.24861111111111112,-0.14027777777777778,0.2638888888888889,0.38472222222222224,-0.12083333333333335,True,True,True,True,False,True,True,True,False,True,0.004166666666666667,0.016666666666666666,-0.75,-1
5,1200,3013,risky_assessed,refuse,edge__risky_assessed__refuse,44,43,0.4888888888888889,0.425,0.06388888888888888,0.1375,0.22916666666666669,-0.09166666666666667,0.25833333333333336,0.3625,-0.10416666666666663,True,True,True,True,False,True,True,True,False,True,0.002777777777777778,0.018055555555555554,-0.75,-1
5,1200,3014,risky_assessed,refuse,edge__risky_assessed__refuse,44,43,0.4333333333333333,0.3694444444444444,0.06388888888888888,0.1388888888888889,0.2652777777777778,-0.12638888888888888,0.27361111111111114,0.39305555555555555,-0.11944444444444441,True,True,True,True,False,True,True,True,False,True,0.002777777777777778,0.0125,-0.75,-1
5,1200,3015,risky_assessed,refuse,edge__risky_assessed__refuse,45,44,0.30833333333333335,0.2652777777777778,0.04305555555555557,0.23611111111111105,0.2736111111111111,-0.03750000000000003,0.35694444444444445,0.5041666666666667,-0.1472222222222222,True,True,True,True,True,True,True,True,True,True,0.002777777777777778,0.019444444444444445,-0.75,-1
5,1200,3016,risky_assessed,refuse,edge__risky_assessed__refuse,42,41,0.3333333333333333,0.25416666666666665,0.07916666666666666,0.14305555555555555,0.28888888888888886,-0.14583333333333331,0.2625,0.375,-0.11249999999999999,True,True,True,True,False,True,True,True,False,True,0.005555555555555556,0.018055555555555554,-0.75,-1
5,1200,3017,risky_assessed,refuse,edge__risky_assessed__refuse,44,43,0.44166666666666665,0.37222222222222223,0.06944444444444442,0.12638888888888888,0.26249999999999996,-0.13611111111111107,0.2652777777777778,0.3902777777777778,-0.125,True,True,True,True,False,True,True,True,False,True,0.004166666666666667,0.015277777777777777,-0.75,-1
5,1200,3018,risky_assessed,refuse,edge__risky_assessed__refuse,43,42,0.3708333333333333,0.2847222222222222,0.08611111111111108,0.15972222222222227,0.24305555555555558,-0.08333333333333331,0.3180555555555556,0.47638888888888886,-0.15833333333333327,True,True,True,True,True,True,True,True,True,True,0.006944444444444444,0.013888888888888888,-0.75,-1
5,1200,3019,risky_assessed,refuse,edge__risky_assessed__refuse,45,44,0.4444444444444444,0.3736111111111111,0.0708333333333333,0.12361111111111112,0.26111111111111107,-0.13749999999999996,0.2638888888888889,0.3888888888888889,-0.125,True,True,True,True,False,True,True,True,False,True,0.004166666666666667,0.015277777777777777,-0.75,-1
5,1200,3020,risky_assessed,refuse,edge__risky_assessed__refuse,43,42,0.4375,0.3861111111111111,0.05138888888888887,0.17638888888888893,0.4597222222222222,-0.28333333333333327,0.3416666666666666,0.5111111111111112,-0.16944444444444456,True,True,True,True,True,True,True,True,True,True,0.008333333333333333,0.044444444444444446,-0.75,-1
5,1200,3021,risky_assessed,refuse,edge__risky_assessed__refuse,41,40,0.4888888888888889,0.4305555555555556,0.05833333333333329,0.10138888888888892,0.22916666666666663,-0.1277777777777777,0.27083333333333337,0.40694444444444444,-0.13611111111111107,True,True,True,True,False,True,True,True,False,True,0.005555555555555556,0.0125,-0.75,-1
5,1200,3022,risky_assessed,refuse,edge__risky_assessed__refuse,43,42,0.4083333333333333,0.3458333333333333,0.0625,0.1680555555555555,0.47916666666666663,-0.3111111111111111,0.33472222222222225,0.49583333333333335,-0.1611111111111111,True,True,True,True,True,True,True,True,True,True,0.005555555555555556,0.03611111111111111,-0.75,-1
5,1200,3023,risky_assessed,refuse,edge__risky_assessed__refuse,42,41,0.4875,0.4236111111111111,0.06388888888888888,0.1375,0.22916666666666669,-0.09166666666666667,0.25972222222222224,0.3638888888888889,-0.10416666666666663,True,True,True,True,False,True,True,True,False,True,0.001388888888888889,0.016666666666666666,-0.75,-1
5,1200,3024,risky_assessed,refuse,edge__risky_assessed__refuse,45,44,0.45694444444444443,0.39444444444444443,0.0625,0.1930555555555556,0.28750000000000003,-0.09444444444444444,0.27361111111111114,0.4083333333333333,-0.1347222222222222,True,True,True,True,True,True,True,True,True,True,0.002777777777777778,0.011111111111111112,-0.75,-1
5,1200,3025,risky_assessed,refuse,edge__risky_assessed__refuse,44,43,0.4305555555555555,0.3888888888888889,0.04166666666666663,0.1305555555555556,0.25138888888888883,-0.12083333333333324,0.27361111111111114,0.39444444444444443,-0.12083333333333329,True,True,True,True,False,True,True,True,False,True,0.002777777777777778,0.009722222222222222,-0.75,-1
5,1200,3026,risky_assessed,refuse,edge__risky_assessed__refuse,42,41,0.40555555555555556,0.3402777777777778,0.06527777777777777,0.17083333333333328,0.47916666666666663,-0.30833333333333335,0.3375,0.5055555555555555,-0.1680555555555555,True,True,True,True,True,True,True,True,True,True,0.005555555555555556,0.03888888888888889,-0.75,-1
5,1200,3027,risky_assessed,refuse,edge__risky_assessed__refuse,43,42,0.42916666666666664,0.39166666666666666,0.03749999999999998,0.10833333333333334,0.2458333333333333,-0.13749999999999996,0.25833333333333336,0.34444444444444444,-0.08611111111111108,True,True,True,True,False,True,True,True,False,True,0.002777777777777778,0.013888888888888888,-0.75,-1
5,1200,3028,risky_assessed,refuse,edge__risky_assessed__refuse,44,43,0.4305555555555555,0.3888888888888889,0.04166666666666663,0.1305555555555556,0.25138888888888883,-0.12083333333333324,0.27361111111111114,0.39444444444444443,-0.12083333333333329,True,True,True,True,False,True,True,True,False,True,0.002777777777777778,0.009722222222222222,-0.75,-1
5,1200,3029,risky_assessed,refuse,edge__risky_assessed__refuse,43,42,0.42777777777777776,0.37777777777777777,0.04999999999999999,0.13611111111111113,0.25555555555555554,-0.11944444444444441,0.2791666666666667,0.3958333333333333,-0.11666666666666664,True,True,True,True,False,True,True,True,False,True,0.002777777777777778,0.011111111111111112,-0.75,-1
5,1200,3030,risky_assessed,refuse,edge__risky_assessed__refuse,44,43,0.44166666666666665,0.37222222222222223,0.06944444444444442,0.12638888888888888,0.26249999999999996,-0.13611111111111107,0.2652777777777778,0.3902777777777778,-0.125,True,True,True,True,False,True,True,True,False,True,0.004166666666666667,0.015277777777777777,-0.75,-1
5,1200,3031,risky_assessed,refuse,edge__risky_assessed__refuse,43,42,0.4305555555555555,0.3888888888888889,0.04166666666666663,0.1305555555555556,0.25138888888888883,-0.12083333333333324,0.27361111111111114,0.39444444444444443,-0.12083333333333329,True,True,True,True,False,True,True,True,False,True,0.002777777777777778,0.009722222222222222,-0.75,-1
5,2400,3000,risky_assessed,refuse,edge__risky_assessed__refuse,45,44,0.44166666666666665,0.3763888888888889,0.06527777777777777,0.12638888888888888,0.24861111111111112,-0.12222222222222223,0.2569444444444445,0.3875,-0.13055555555555554,True,True,True,True,False,True,True,True,False,True,0.004166666666666667,0.013888888888888888,-0.875,-1
5,2400,3001,risky_assessed,refuse,edge__risky_assessed__refuse,42,41,0.43333333333333335,0.36527777777777776,0.06805555555555559,0.19861111111111107,0.30416666666666664,-0.10555555555555557,0.27083333333333337,0.4097222222222222,-0.13888888888888884,True,True,True,True,True,True,True,True,True,True,0.004166666666666667,0.011111111111111112,-0.875,-1
5,2400,3002,risky_assessed,refuse,edge__risky_assessed__refuse,43,42,0.4361111111111111,0.375,0.061111111111111116,0.11805555555555558,0.24305555555555558,-0.125,0.2625,0.3875,-0.125,True,True,True,True,False,True,True,True,False,True,0.004166666666666667,0.016666666666666666,-0.875,-1
5,2400,3003,risky_assessed,refuse,edge__risky_assessed__refuse,45,44,0.4708333333333333,0.40555555555555556,0.06527777777777777,0.11388888888888893,0.2319444444444444,-0.11805555555555547,0.2541666666666667,0.3819444444444444,-0.1277777777777777,True,True,True,True,False,True,True,True,False,True,0.005555555555555556,0.013888888888888888,-0.875,-1
5,2400,3004,risky_assessed,refuse,edge__risky_assessed__refuse,44,43,0.4361111111111111,0.375,0.061111111111111116,0.11805555555555558,0.24305555555555558,-0.125,0.2625,0.3875,-0.125,True,True,True,True,False,True,True,True,False,True,0.004166666666666667,0.016666666666666666,-0.875,-1
5,2400,3005,risky_assessed,refuse,edge__risky_assessed__refuse,43,42,0.4652777777777778,0.4027777777777778,0.0625,0.1166666666666667,0.2319444444444444,-0.1152777777777777,0.2611111111111111,0.38333333333333336,-0.12222222222222223,True,True,True,True,False,True,True,True,False,True,0.005555555555555556,0.015277777777777777,-0.875,-1
5,2400,3006,risky_assessed,refuse,edge__risky_assessed__refuse,43,42,0.3986111111111111,0.2791666666666667,0.11944444444444441,0.16666666666666669,0.2944444444444444,-0.1277777777777777,0.31666666666666665,0.46944444444444444,-0.1527777777777778,True,True,True,True,True,True,True,True,True,True,0.002777777777777778,0.016666666666666666,-0.875,-1
5,2400,3007,risky_assessed,refuse,edge__risky_assessed__refuse,43,42,0.39444444444444443,0.3263888888888889,0.06805555555555554,0.1736111111111111,0.48194444444444445,-0.30833333333333335,0.33611111111111114,0.4958333333333333,-0.15972222222222215,True,True,True,True,True,True,True,True,True,True,0.005555555555555556,0.043055555555555555,-0.875,-1
5,2400,3008,risky_assessed,refuse,edge__risky_assessed__refuse,42,41,0.44027777777777777,0.36666666666666664,0.07361111111111113,0.18333333333333335,0.29444444444444445,-0.1111111111111111,0.26805555555555555,0.40555555555555556,-0.1375,True,True,True,True,True,True,True,True,True,True,0.004166666666666667,0.016666666666666666,-0.875,-1
5,2400,3009,risky_assessed,refuse,edge__risky_assessed__refuse,44,43,0.4388888888888889,0.31666666666666665,0.12222222222222223,0.12638888888888888,0.22499999999999998,-0.0986111111111111,0.3166666666666667,0.49861111111111106,-0.18194444444444435,True,True,True,True,False,True,True,True,False,True,0.006944444444444444,0.016666666666666666,-0.875,-1
5,2400,3010,risky_assessed,refuse,edge__risky_assessed__refuse,42,41,0.4930555555555555,0.4166666666666667,0.07638888888888884,0.11249999999999999,0.23888888888888887,-0.12638888888888888,0.27361111111111114,0.4125,-0.13888888888888884,True,True,True,True,False,True,True,True,False,True,0.004166666666666667,0.013888888888888888,-0.875,-1
5,2400,3011,risky_assessed,refuse,edge__risky_assessed__refuse,42,41,0.28888888888888886,0.23472222222222222,0.05416666666666664,0.1597222222222222,0.2583333333333333,-0.0986111111111111,0.28194444444444444,0.375,-0.09305555555555556,True,True,True,True,True,True,True,True,True,True,0.005555555555555556,0.011111111111111112,-0.875,-1
5,2400,3012,risky_assessed,refuse,edge__risky_assessed__refuse,45,44,0.41805555555555557,0.34444444444444444,0.07361111111111113,0.12499999999999994,0.25277777777777777,-0.12777777777777782,0.2652777777777778,0.40138888888888885,-0.13611111111111107,True,True,True,True,False,True,True,True,False,True,0.002777777777777778,0.0125,-0.875,-1
5,2400,3013,risky_assessed,refuse,edge__risky_assessed__refuse,44,43,0.4666666666666667,0.40555555555555556,0.061111111111111116,0.1166666666666667,0.2319444444444444,-0.1152777777777777,0.25972222222222224,0.3819444444444444,-0.12222222222222218,True,True,True,True,False,True,True,True,False,True,0.005555555555555556,0.013888888888888888,-0.875,-1
5,2400,3014,risky_assessed,refuse,edge__risky_assessed__refuse,44,43,0.44305555555555554,0.3833333333333333,0.05972222222222223,0.12222222222222223,0.24861111111111112,-0.12638888888888888,0.25833333333333336,0.3833333333333333,-0.12499999999999994,True,True,True,True,False,True,True,True,False,True,0.002777777777777778,0.013888888888888888,-0.875,-1
5,2400,3015,risky_assessed,refuse,edge__risky_assessed__refuse,45,44,0.35,0.2375,0.11249999999999999,0.1597222222222222,0.2513888888888889,-0.09166666666666667,0.325,0.4888888888888889,-0.16388888888888886,True,True,True,True,True,True,True,True,True,True,0.005555555555555556,0.022222222222222223,-0.875,-1
5,2400,3016,risky_assessed,refuse,edge__risky_assessed__refuse,42,41,0.2902777777777778,0.23472222222222222,0.05555555555555558,0.1597222222222222,0.25833333333333336,-0.09861111111111115,0.28055555555555556,0.375,-0.09444444444444444,True,True,True,True,True,True,True,True,True,True,0.005555555555555556,0.011111111111111112,-0.875,-1
5,2400,3017,risky_assessed,refuse,edge__risky_assessed__refuse,44,43,0.4444444444444444,0.3847222222222222,0.05972222222222223,0.12222222222222223,0.23888888888888893,-0.1166666666666667,0.2541666666666667,0.3875,-0.1333333333333333,True,True,True,True,False,True,True,True,False,True,0.005555555555555556,0.013888888888888888,-0.875,-1
5,2400,3018,risky_assessed,refuse,edge__risky_assessed__refuse,43,42,0.3819444444444444,0.29305555555555557,0.08888888888888885,0.12083333333333335,0.23333333333333334,-0.11249999999999999,0.3041666666666667,0.46249999999999997,-0.15833333333333327,True,True,True,True,False,True,True,True,False,True,0.005555555555555556,0.013888888888888888,-0.875,-1
5,2400,3019,risky_assessed,refuse,edge__risky_assessed__refuse,45,44,0.4444444444444444,0.3847222222222222,0.05972222222222223,0.12222222222222223,0.23888888888888893,-0.1166666666666667,0.2541666666666667,0.3875,-0.1333333333333333,True,True,True,True,False,True,True,True,False,True,0.005555555555555556,0.013888888888888888,-0.875,-1
5,2400,3020,risky_assessed,refuse,edge__risky_assessed__refuse,43,42,0.4444444444444444,0.36527777777777776,0.07916666666666666,0.18194444444444446,0.4861111111111111,-0.30416666666666664,0.34444444444444444,0.5277777777777777,-0.18333333333333324,True,True,True,True,True,True,True,True,True,True,0.008333333333333333,0.04861111111111111,-0.875,-1
5,2400,3021,risky_assessed,refuse,edge__risky_assessed__refuse,41,40,0.4930555555555556,0.4083333333333333,0.08472222222222225,0.10138888888888886,0.25277777777777777,-0.1513888888888889,0.2791666666666667,0.42083333333333334,-0.14166666666666666,True,True,True,True,False,True,True,True,False,True,0.004166666666666667,0.013888888888888888,-0.875,-1
5,2400,3022,risky_assessed,refuse,edge__risky_assessed__refuse,43,42,0.39305555555555555,0.3263888888888889,0.06666666666666665,0.175,0.48333333333333334,-0.30833333333333335,0.33611111111111114,0.4958333333333333,-0.15972222222222215,True,True,True,True,True,True,True,True,True,True,0.005555555555555556,0.043055555555555555,-0.875,-1
5,2400,3023,risky_assessed,refuse,edge__risky_assessed__refuse,42,41,0.4666666666666667,0.4,0.06666666666666665,0.11250000000000004,0.23749999999999993,-0.12499999999999989,0.2611111111111111,0.38055555555555554,-0.11944444444444441,True,True,True,True,False,True,True,True,False,True,0.004166666666666667,0.013888888888888888,-0.875,-1
5,2400,3024,risky_assessed,refuse,edge__risky_assessed__refuse,45,44,0.44166666666666665,0.36666666666666664,0.07500000000000001,0.19999999999999996,0.3,-0.10000000000000003,0.2625,0.40555555555555556,-0.14305555555555555,True,True,True,True,True,True,True,True,True,True,0.004166666666666667,0.0125,-0.875,-1
5,2400,3025,risky_assessed,refuse,edge__risky_assessed__refuse,44,43,0.425,0.3819444444444444,0.04305555555555557,0.1388888888888889,0.23611111111111116,-0.09722222222222227,0.26805555555555555,0.39444444444444443,-0.12638888888888888,True,True,True,True,False,True,True,True,False,True,0.002777777777777778,0.013888888888888888,-0.875,-1
5,2400,3026,risky_assessed,refuse,edge__risky_assessed__refuse,42,41,0.40694444444444444,0.33055555555555555,0.0763888888888889,0.17083333333333328,0.48333333333333334,-0.31250000000000006,0.33611111111111114,0.4972222222222222,-0.16111111111111104,True,True,True,True,True,True,True,True,True,True,0.005555555555555556,0.044444444444444446,-0.875,-1
5,2400,3027,risky_assessed,refuse,edge__risky_assessed__refuse,43,42,0.4111111111111111,0.3680555555555555,0.04305555555555557,0.1347222222222222,0.2569444444444445,-0.12222222222222229,0.25833333333333336,0.35,-0.09166666666666662,True,True,True,True,False,True,True,True,False,True,0.002777777777777778,0.013888888888888888,-0.875,-1
5,2400,3028,risky_assessed,refuse,edge__risky_assessed__refuse,44,43,0.425,0.3819444444444444,0.04305555555555557,0.1388888888888889,0.23611111111111116,-0.09722222222222227,0.26805555555555555,0.39444444444444443,-0.12638888888888888,True,True,True,True,False,True,True,True,False,True,0.002777777777777778,0.013888888888888888,-0.875,-1
5,2400,3029,risky_assessed,refuse,edge__risky_assessed__refuse,43,42,0.42777777777777776,0.375,0.05277777777777776,0.14444444444444443,0.24722222222222223,-0.1027777777777778,0.27083333333333337,0.39305555555555555,-0.12222222222222218,True,True,True,True,False,True,True,True,False,True,0.002777777777777778,0.013888888888888888,-0.875,-1
5,2400,3030,risky_assessed,refuse,edge__risky_assessed__refuse,44,43,0.4444444444444444,0.3847222222222222,0.05972222222222223,0.12222222222222223,0.23888888888888893,-0.1166666666666667,0.2541666666666667,0.3875,-0.1333333333333333,True,True,True,True,False,True,True,True,False,True,0.005555555555555556,0.013888888888888888,-0.875,-1
5,2400,3031,risky_assessed,refuse,edge__risky_assessed__refuse,43,42,0.425,0.3819444444444444,0.04305555555555557,0.1388888888888889,0.23611111111111116,-0.09722222222222227,0.26805555555555555,0.39444444444444443,-0.12638888888888888,True,True,True,True,False,True,True,True,False,True,0.002777777777777778,0.013888888888888888,-0.875,-1
6,600,3000,risky_assessed,refuse,edge__risky_assessed__refuse,45,44,0.5402777777777777,0.5236111111111111,0.016666666666666607,0.10138888888888897,0.10555555555555551,-0.004166666666666541,0.04861111111111111,0.05555555555555556,-0.0069444444444444475,True,True,True,True,False,False,False,False,False,False,0.002777777777777778,0.002777777777777778,-0.0625,-1
6,600,3001,risky_assessed,refuse,edge__risky_assessed__refuse,42,41,0.5444444444444444,0.5263888888888889,0.01805555555555549,0.09027777777777779,0.10972222222222217,-0.019444444444444375,0.04722222222222222,0.058333333333333334,-0.011111111111111113,True,True,True,True,False,False,False,False,False,False,0.0,0.0,-0.0625,-1
6,600,3002,risky_assessed,refuse,edge__risky_assessed__refuse,43,42,0.5513888888888888,0.5319444444444444,0.019444444444444375,0.09305555555555567,0.10138888888888897,-0.008333333333333304,0.04583333333333333,0.05277777777777778,-0.0069444444444444475,True,True,True,True,False,False,False,False,False,False,0.0,0.0,-0.0625,-1
6,600,3003,risky_assessed,refuse,edge__risky_assessed__refuse,45,44,0.5499999999999999,0.5333333333333333,0.016666666666666607,0.09305555555555567,0.10694444444444451,-0.01388888888888884,0.03888888888888889,0.04722222222222222,-0.008333333333333331,True,True,True,True,False,False,False,False,False,False,0.001388888888888889,0.001388888888888889,-0.0625,-1
6,600,3004,risky_assessed,refuse,edge__risky_assessed__refuse,44,43,0.5513888888888888,0.5319444444444444,0.019444444444444375,0.09305555555555567,0.10138888888888897,-0.008333333333333304,0.044444444444444446,0.05277777777777778,-0.008333333333333331,True,True,True,True,False,False,False,False,False,False,0.0,0.0,-0.0625,-1
6,600,3005,risky_assessed,refuse,edge__risky_assessed__refuse,43,42,0.5333333333333333,0.5222222222222221,0.011111111111111183,0.10833333333333328,0.1166666666666667,-0.008333333333333415,0.04861111111111111,0.05555555555555555,-0.006944444444444441,True,True,True,True,False,False,False,False,False,False,0.004166666666666667,0.001388888888888889,-0.0625,-1
6,600,3006,risky_assessed,refuse,edge__risky_assessed__refuse,43,42,0.4958333333333333,0.4361111111111111,0.05972222222222218,0.10138888888888892,0.1444444444444445,-0.04305555555555557,0.07222222222222222,0.09722222222222222,-0.02500000000000001,True,True,True,True,False,False,False,False,False,False,0.002777777777777778,0.001388888888888889,-0.0625,-1
6,600,3007,risky_assessed,refuse,edge__risky_assessed__refuse,43,42,0.5208333333333334,0.49583333333333335,0.025000000000000022,0.16249999999999998,0.1958333333333333,-0.033333333333333326,0.0763888888888889,0.10416666666666667,-0.027777777777777776,True,True,True,True,True,True,False,False,False,False,0.004166666666666667,0.004166666666666667,-0.0625,-1
6,600,3008,risky_assessed,refuse,edge__risky_assessed__refuse,42,41,0.5333333333333333,0.5166666666666666,0.01666666666666672,0.11111111111111116,0.11388888888888893,-0.002777777777777768,0.05555555555555555,0.06388888888888888,-0.008333333333333331,True,True,True,True,False,False,False,False,False,False,0.0,0.0,-0.0625,-1
6,600,3009,risky_assessed,refuse,edge__risky_assessed__refuse,44,43,0.7430555555555555,0.6847222222222222,0.05833333333333324,0.063888888888889,0.06944444444444442,-0.005555555555555425,0.09861111111111112,0.13055555555555556,-0.03194444444444444,True,True,True,True,False,False,True,True,False,False,0.001388888888888889,0.002777777777777778,-0.0625,-1
6,600,3010,risky_assessed,refuse,edge__risky_assessed__refuse,42,41,0.8041666666666666,0.7763888888888889,0.02777777777777768,0.04583333333333339,0.06388888888888888,-0.01805555555555549,0.0625,0.08472222222222223,-0.022222222222222227,True,True,True,True,False,False,True,True,False,False,0.004166666666666667,0.0,-0.0625,-1
6,600,3011,risky_assessed,refuse,edge__risky_assessed__refuse,42,41,0.3486111111111111,0.3263888888888889,0.0222222222222222,0.06666666666666671,0.08888888888888885,-0.022222222222222143,0.0375,0.0375,0.0,True,True,True,True,False,False,True,True,False,False,0.001388888888888889,0.001388888888888889,-0.0625,-1
6,600,3012,risky_assessed,refuse,edge__risky_assessed__refuse,45,44,0.5375,0.5166666666666666,0.02083333333333337,0.11250000000000004,0.09722222222222232,0.015277777777777724,0.04027777777777777,0.043055555555555555,-0.002777777777777782,True,True,True,True,False,False,False,False,False,False,0.001388888888888889,0.001388888888888889,-0.0625,-1
6,600,3013,risky_assessed,refuse,edge__risky_assessed__refuse,44,43,0.5499999999999999,0.5333333333333333,0.016666666666666607,0.09444444444444455,0.10833333333333339,-0.01388888888888884,0.03888888888888889,0.04722222222222222,-0.008333333333333331,True,True,True,True,False,False,False,False,False,False,0.001388888888888889,0.001388888888888889,-0.0625,-1
6,600,3014,risky_assessed,refuse,edge__risky_assessed__refuse,44,43,0.5527777777777777,0.5333333333333333,0.019444444444444375,0.0902777777777779,0.10000000000000009,-0.009722222222222188,0.043055555555555555,0.049999999999999996,-0.006944444444444441,True,True,True,True,False,False,False,False,False,False,0.001388888888888889,0.001388888888888889,-0.0625,-1
6,600,3015,risky_assessed,refuse,edge__risky_assessed__refuse,45,44,0.47500000000000003,0.4166666666666667,0.05833333333333335,0.12500000000000006,0.1486111111111112,-0.023611111111111138,0.07500000000000001,0.10555555555555556,-0.030555555555555544,True,True,True,True,False,False,False,False,False,False,0.001388888888888889,0.001388888888888889,-0.0625,-1
6,600,3016,risky_assessed,refuse,edge__risky_assessed__refuse,42,41,0.3416666666666667,0.3194444444444444,0.022222222222222254,0.07361111111111113,0.09305555555555556,-0.01944444444444443,0.034722222222222224,0.04444444444444444,-0.009722222222222215,True,True,True,True,False,False,True,True,False,False,0.005555555555555556,0.001388888888888889,-0.0625,-1
6,600,3017,risky_assessed,refuse,edge__risky_assessed__refuse,44,43,0.5541666666666666,0.5361111111111111,0.01805555555555549,0.0902777777777779,0.09722222222222232,-0.00694444444444442,0.043055555555555555,0.04722222222222222,-0.004166666666666666,True,True,True,True,False,False,False,False,False,False,0.0,0.001388888888888889,-0.0625,-1
6,600,3018,risky_assessed,refuse,edge__risky_assessed__refuse,43,42,0.5055555555555555,0.43888888888888894,0.0666666666666666,0.1069444444444444,0.15833333333333327,-0.05138888888888887,0.07222222222222222,0.10416666666666667,-0.031944444444444456,True,True,True,True,False,True,False,False,False,False,0.0,0.001388888888888889,-0.0625,-1
6,600,3019,risky_assessed,refuse,edge__risky_assessed__refuse,45,44,0.5541666666666666,0.5361111111111111,0.01805555555555549,0.0902777777777779,0.09722222222222232,-0.00694444444444442,0.043055555555555555,0.04722222222222222,-0.004166666666666666,True,True,True,True,False,False,False,False,False,False,0.0,0.001388888888888889,-0.0625,-1
6,600,3020,risky_assessed,refuse,edge__risky_assessed__refuse,43,42,0.8250000000000001,0.8083333333333333,0.01666666666666672,0.08472222222222214,0.10416666666666674,-0.019444444444444597,0.09444444444444444,0.10972222222222222,-0.015277777777777779,True,True,True,True,False,False,True,True,False,False,0.002777777777777778,0.004166666666666667,-0.0625,-1
6,600,3021,risky_assessed,refuse,edge__risky_assessed__refuse,41,40,0.8041666666666667,0.7986111111111112,0.005555555555555536,0.04999999999999993,0.040277777777777746,0.009722222222222188,0.0638888888888889,0.07361111111111111,-0.009722222222222215,True,True,True,True,False,False,True,True,False,False,0.001388888888888889,0.0,-0.0625,-1
6,600,3022,risky_assessed,refuse,edge__risky_assessed__refuse,43,42,0.5208333333333334,0.49583333333333335,0.025000000000000022,0.16249999999999998,0.1958333333333333,-0.033333333333333326,0.0763888888888889,0.10416666666666667,-0.027777777777777776,True,True,True,True,True,True,False,False,False,False,0.004166666666666667,0.004166666666666667,-0.0625,-1
6,600,3023,risky_assessed,refuse,edge__risky_assessed__refuse,42,41,0.5347222222222222,0.5180555555555556,0.016666666666666607,0.10972222222222228,0.12083333333333324,-0.01111111111111096,0.05,0.05555555555555556,-0.005555555555555557,True,True,True,True,False,False,False,False,False,False,0.002777777777777778,0.002777777777777778,-0.0625,-1
6,600,3024,risky_assessed,refuse,edge__risky_assessed__refuse,45,44,0.5416666666666666,0.5305555555555556,0.011111111111111072,0.08333333333333337,0.10138888888888886,-0.01805555555555549,0.044444444444444446,0.05138888888888889,-0.006944444444444441,True,True,True,True,False,False,False,False,False,False,0.002777777777777778,0.004166666666666667,-0.0625,-1
6,600,3025,risky_assessed,refuse,edge__risky_assessed__refuse,44,43,0.5652777777777778,0.5527777777777777,0.012500000000000067,0.08472222222222225,0.08611111111111125,-0.001388888888888995,0.037500000000000006,0.04722222222222222,-0.009722222222222215,True,True,True,True,False,False,False,False,False,False,0.002777777777777778,0.004166666666666667,-0.0625,-1
6,600,3026,risky_assessed,refuse,edge__risky_assessed__refuse,42,41,0.5277777777777778,0.5069444444444444,0.02083333333333337,0.16249999999999998,0.18611111111111112,-0.023611111111111138,0.07916666666666668,0.1,-0.02083333333333333,True,True,True,True,True,True,False,False,False,False,0.001388888888888889,0.001388888888888889,-0.0625,-1
6,600,3027,risky_assessed,refuse,edge__risky_assessed__refuse,43,42,0.37083333333333335,0.3611111111111111,0.009722222222222243,0.11805555555555552,0.11944444444444446,-0.0013888888888889395,0.03611111111111111,0.0375,-0.001388888888888891,True,True,True,True,False,False,True,True,False,False,0.001388888888888889,0.004166666666666667,-0.0625,-1
6,600,3028,risky_assessed,refuse,edge__risky_assessed__refuse,44,43,0.5652777777777778,0.5527777777777777,0.012500000000000067,0.08333333333333337,0.08611111111111125,-0.002777777777777879,0.037500000000000006,0.04722222222222222,-0.009722222222222215,True,True,True,True,False,False,False,False,False,False,0.002777777777777778,0.004166666666666667,-0.0625,-1
6,600,3029,risky_assessed,refuse,edge__risky_assessed__refuse,43,42,0.5638888888888889,0.5499999999999999,0.01388888888888895,0.08750000000000002,0.09166666666666679,-0.004166666666666763,0.03888888888888889,0.051388888888888894,-0.012500000000000004,True,True,True,True,False,False,False,False,False,False,0.002777777777777778,0.002777777777777778,-0.0625,-1
6,600,3030,risky_assessed,refuse,edge__risky_assessed__refuse,44,43,0.5541666666666666,0.5361111111111111,0.01805555555555549,0.0902777777777779,0.09722222222222232,-0.00694444444444442,0.043055555555555555,0.04722222222222222,-0.004166666666666666,True,True,True,True,False,False,False,False,False,False,0.0,0.001388888888888889,-0.0625,-1
6,600,3031,risky_assessed,refuse,edge__risky_assessed__refuse,43,42,0.5652777777777778,0.5527777777777777,0.012500000000000067,0.08472222222222225,0.08611111111111125,-0.001388888888888995,0.037500000000000006,0.04722222222222222,-0.009722222222222215,True,True,True,True,False,False,False,False,False,False,0.002777777777777778,0.004166666666666667,-0.0625,-1
6,2400,3000,risky_assessed,refuse,edge__risky_assessed__refuse,45,44,0.5138888888888888,0.5111111111111111,0.002777777777777768,0.10833333333333339,0.10833333333333339,0.0,0.04722222222222222,0.05555555555555555,-0.008333333333333331,True,True,True,True,False,False,False,False,False,False,0.001388888888888889,0.001388888888888889,-0.0625,-1
6,2400,3001,risky_assessed,refuse,edge__risky_assessed__refuse,42,41,0.5222222222222221,0.5097222222222222,0.012499999999999956,0.08333333333333337,0.10277777777777786,-0.019444444444444486,0.04583333333333334,0.05138888888888889,-0.00555555555555555,True,True,True,True,False,False,False,False,False,False,0.002777777777777778,0.001388888888888889,-0.0625,-1
6,2400,3002,risky_assessed,refuse,edge__risky_assessed__refuse,43,42,0.5194444444444444,0.5152777777777777,0.004166666666666652,0.10277777777777786,0.10416666666666674,-0.001388888888888884,0.043055555555555555,0.05277777777777778,-0.009722222222222222,True,True,True,True,False,False,False,False,False,False,0.0,0.0,-0.0625,-1
6,2400,3003,risky_assessed,refuse,edge__risky_assessed__refuse,45,44,0.5222222222222221,0.5097222222222222,0.012499999999999956,0.10555555555555562,0.12361111111111123,-0.018055555555555602,0.03888888888888889,0.05277777777777778,-0.013888888888888888,True,True,True,True,False,False,False,False,False,False,0.0,0.0,-0.0625,-1
6,2400,3004,risky_assessed,refuse,edge__risky_assessed__refuse,44,43,0.5194444444444444,0.5152777777777777,0.004166666666666652,0.10277777777777786,0.10416666666666674,-0.001388888888888884,0.043055555555555555,0.05277777777777778,-0.009722222222222222,True,True,True,True,False,False,False,False,False,False,0.0,0.0,-0.0625,-1
6,2400,3005,risky_assessed,refuse,edge__risky_assessed__refuse,43,42,0.5152777777777777,0.5027777777777778,0.012499999999999956,0.10833333333333339,0.12222222222222223,-0.01388888888888884,0.04861111111111111,0.05694444444444444,-0.008333333333333331,True,True,True,True,False,False,False,False,False,False,0.0,0.0,-0.0625,-1
6,2400,3006,risky_assessed,refuse,edge__risky_assessed__refuse,43,42,0.47500000000000003,0.43194444444444446,0.04305555555555557,0.12083333333333329,0.13749999999999996,-0.016666666666666663,0.06805555555555556,0.08888888888888889,-0.02083333333333333,True,True,True,True,False,False,False,False,False,False,0.001388888888888889,0.001388888888888889,-0.0625,-1
6,2400,3007,risky_assessed,refuse,edge__risky_assessed__refuse,43,42,0.5166666666666667,0.4861111111111111,0.030555555555555614,0.13888888888888884,0.16388888888888892,-0.025000000000000078,0.07083333333333333,0.08472222222222223,-0.013888888888888895,True,True,True,True,False,True,False,False,False,False,0.0,0.0,-0.0625,-1
6,2400,3008,risky_assessed,refuse,edge__risky_assessed__refuse,42,41,0.5152777777777777,0.5027777777777778,0.012499999999999956,0.09583333333333333,0.10555555555555562,-0.009722222222222299,0.051388888888888894,0.058333333333333334,-0.006944444444444441,True,True,True,True,False,False,False,False,False,False,0.002777777777777778,0.0,-0.0625,-1
6,2400,3009,risky_assessed,refuse,edge__risky_assessed__refuse,44,43,0.7444444444444445,0.7069444444444444,0.03750000000000009,0.09305555555555556,0.0819444444444446,0.01111111111111096,0.09999999999999999,0.11666666666666667,-0.016666666666666677,True,True,True,True,False,False,True,True,False,False,0.002777777777777778,0.002777777777777778,-0.0625,-1
6,2400,3010,risky_assessed,refuse,edge__risky_assessed__refuse,42,41,0.7972222222222222,0.7805555555555556,0.016666666666666607,0.04861111111111116,0.06666666666666665,-0.01805555555555549,0.0638888888888889,0.07361111111111111,-0.009722222222222215,True,True,True,True,False,False,True,True,False,False,0.001388888888888889,0.0,-0.0625,-1
6,2400,3011,risky_assessed,refuse,edge__risky_assessed__refuse,42,41,0.34305555555555556,0.31666666666666665,0.026388888888888906,0.06805555555555559,0.10972222222222228,-0.041666666666666685,0.029166666666666667,0.041666666666666664,-0.012499999999999997,True,True,True,True,False,False,True,True,False,False,0.001388888888888889,0.001388888888888889,-0.0625,-1
6,2400,3012,risky_assessed,refuse,edge__risky_assessed__refuse,45,44,0.5055555555555555,0.5041666666666667,0.001388888888888884,0.1152777777777777,0.10277777777777775,0.012499999999999956,0.04027777777777778,0.03888888888888889,0.001388888888888891,True,True,True,True,False,False,False,False,False,False,0.0,0.001388888888888889,-0.0625,-1
6,2400,3013,risky_assessed,refuse,edge__risky_assessed__refuse,44,43,0.5222222222222221,0.5097222222222222,0.012499999999999956,0.10555555555555562,0.12361111111111123,-0.018055555555555602,0.03888888888888889,0.05277777777777778,-0.013888888888888888,True,True,True,True,False,False,False,False,False,False,0.0,0.0,-0.0625,-1
6,2400,3014,risky_assessed,refuse,edge__risky_assessed__refuse,44,43,0.5194444444444444,0.5152777777777777,0.004166666666666652,0.10000000000000009,0.10138888888888897,-0.001388888888888884,0.04027777777777777,0.05277777777777778,-0.012500000000000004,True,True,True,True,False,False,False,False,False,False,0.001388888888888889,0.001388888888888889,-0.0625,-1
6,2400,3015,risky_assessed,refuse,edge__risky_assessed__refuse,45,44,0.4861111111111111,0.4208333333333333,0.06527777777777782,0.11666666666666675,0.15972222222222232,-0.04305555555555557,0.05972222222222222,0.09861111111111112,-0.0388888888888889,True,True,True,True,False,True,False,False,False,False,0.001388888888888889,0.001388888888888889,-0.0625,-1
6,2400,3016,risky_assessed,refuse,edge__risky_assessed__refuse,42,41,0.3388888888888889,0.31666666666666665,0.022222222222222254,0.06805555555555554,0.10138888888888892,-0.03333333333333338,0.030555555555555555,0.043055555555555555,-0.0125,True,True,True,True,False,False,True,True,False,False,0.002777777777777778,0.0,-0.0625,-1
6,2400,3017,risky_assessed,refuse,edge__risky_assessed__refuse,44,43,0.523611111111111,0.5152777777777777,0.008333333333333304,0.09722222222222232,0.10277777777777786,-0.005555555555555536,0.0375,0.05277777777777778,-0.015277777777777779,True,True,True,True,False,False,False,False,False,False,0.001388888888888889,0.001388888888888889,-0.0625,-1
6,2400,3018,risky_assessed,refuse,edge__risky_assessed__refuse,43,42,0.5013888888888889,0.4402777777777778,0.06111111111111106,0.10555555555555551,0.14999999999999986,-0.04444444444444434,0.0638888888888889,0.10138888888888889,-0.03749999999999999,True,True,True,True,False,False,False,False,False,False,0.001388888888888889,0.001388888888888889,-0.0625,-1
6,2400,3019,risky_assessed,refuse,edge__risky_assessed__refuse,45,44,0.523611111111111,0.5152777777777777,0.008333333333333304,0.09722222222222232,0.10277777777777786,-0.005555555555555536,0.0375,0.05277777777777778,-0.015277777777777779,True,True,True,True,False,False,False,False,False,False,0.001388888888888889,0.001388888888888889,-0.0625,-1
6,2400,3020,risky_assessed,refuse,edge__risky_assessed__refuse,43,42,0.8027777777777777,0.7861111111111111,0.016666666666666607,0.0986111111111112,0.1166666666666667,-0.01805555555555549,0.09861111111111112,0.11944444444444445,-0.02083333333333333,True,True,True,True,False,False,True,True,False,False,0.001388888888888889,0.001388888888888889,-0.0625,-1
6,2400,3021,risky_assessed,refuse,edge__risky_assessed__refuse,41,40,0.7972222222222223,0.7888888888888889,0.008333333333333415,0.06944444444444442,0.06388888888888888,0.005555555555555536,0.0638888888888889,0.06805555555555556,-0.004166666666666666,True,True,True,True,False,False,True,True,False,False,0.001388888888888889,0.001388888888888889,-0.0625,-1
6,2400,3022,risky_assessed,refuse,edge__risky_assessed__refuse,43,42,0.5166666666666667,0.4861111111111111,0.030555555555555614,0.13888888888888884,0.16388888888888892,-0.025000000000000078,0.07083333333333333,0.08472222222222223,-0.013888888888888895,True,True,True,True,False,True,False,False,False,False,0.0,0.0,-0.0625,-1
6,2400,3023,risky_assessed,refuse,edge__risky_assessed__refuse,42,41,0.5083333333333333,0.5055555555555555,0.002777777777777768,0.12638888888888888,0.13194444444444442,-0.005555555555555536,0.049999999999999996,0.05416666666666666,-0.004166666666666666,True,True,True,True,False,False,False,False,False,False,0.001388888888888889,0.001388888888888889,-0.0625,-1
6,2400,3024,risky_assessed,refuse,edge__risky_assessed__refuse,45,44,0.523611111111111,0.5111111111111111,0.012499999999999956,0.06944444444444453,0.10000000000000009,-0.030555555555555558,0.044444444444444446,0.04861111111111111,-0.004166666666666666,True,True,True,True,False,False,False,False,False,False,0.002777777777777778,0.002777777777777778,-0.0625,-1
6,2400,3025,risky_assessed,refuse,edge__risky_assessed__refuse,44,43,0.5527777777777777,0.5375,0.015277777777777724,0.07916666666666672,0.08194444444444449,-0.002777777777777768,0.030555555555555555,0.04722222222222222,-0.016666666666666666,True,True,True,True,False,False,False,False,False,False,0.002777777777777778,0.001388888888888889,-0.0625,-1
6,2400,3026,risky_assessed,refuse,edge__risky_assessed__refuse,42,41,0.5333333333333333,0.5069444444444444,0.026388888888888906,0.13888888888888895,0.1625000000000001,-0.023611111111111138,0.07222222222222222,0.07916666666666666,-0.0069444444444444475,True,True,True,True,False,True,False,False,False,False,0.0,0.0,-0.0625,-1
6,2400,3027,risky_assessed,refuse,edge__risky_assessed__refuse,43,42,0.39444444444444443,0.375,0.01944444444444443,0.10138888888888892,0.11250000000000004,-0.011111111111111127,0.03194444444444444,0.041666666666666664,-0.009722222222222222,True,True,True,True,False,False,True,True,False,False,0.001388888888888889,0.001388888888888889,-0.0625,-1
6,2400,3028,risky_assessed,refuse,edge__risky_assessed__refuse,44,43,0.5527777777777777,0.5375,0.015277777777777724,0.07916666666666672,0.08194444444444449,-0.002777777777777768,0.030555555555555555,0.04722222222222222,-0.016666666666666666,True,True,True,True,False,False,False,False,False,False,0.002777777777777778,0.001388888888888889,-0.0625,-1
6,2400,3029,risky_assessed,refuse,edge__risky_assessed__refuse,43,42,0.5499999999999999,0.5388888888888889,0.011111111111111072,0.08333333333333337,0.0805555555555556,0.002777777777777768,0.03472222222222222,0.04583333333333333,-0.011111111111111113,True,True,True,True,False,False,False,False,False,False,0.001388888888888889,0.001388888888888889,-0.0625,-1
6,2400,3030,risky_assessed,refuse,edge__risky_assessed__refuse,44,43,0.523611111111111,0.5152777777777777,0.008333333333333304,0.09722222222222232,0.10277777777777786,-0.005555555555555536,0.0375,0.05277777777777778,-0.015277777777777779,True,True,True,True,False,False,False,False,False,False,0.001388888888888889,0.001388888888888889,-0.0625,-1
6,2400,3031,risky_assessed,refuse,edge__risky_assessed__refuse,43,42,0.5527777777777777,0.5375,0.015277777777777724,0.07916666666666672,0.08194444444444449,-0.002777777777777768,0.030555555555555555,0.04722222222222222,-0.016666666666666666,True,True,True,True,False,False,False,False,False,False,0.002777777777777778,0.001388888888888889,-0.0625,-1
7,1200,3000,risky_assessed,refuse,edge__risky_assessed__refuse,45,44,0.3138888888888889,0.2388888888888889,0.07499999999999998,0.30972222222222223,0.2583333333333333,0.05138888888888893,0.2763888888888889,0.31666666666666665,-0.040277777777777746,True,True,True,True,True,True,True,True,True,True,0.004166666666666667,0.011111111111111112,0.0625,1
7,1200,3001,risky_assessed,refuse,edge__risky_assessed__refuse,42,41,0.32916666666666666,0.25,0.07916666666666666,0.2819444444444444,0.23888888888888887,0.043055555555555514,0.2763888888888889,0.30694444444444446,-0.030555555555555558,True,True,True,True,True,True,True,True,True,True,0.001388888888888889,0.016666666666666666,0.0625,1
7,1200,3002,risky_assessed,refuse,edge__risky_assessed__refuse,43,42,0.32222222222222224,0.2583333333333333,0.06388888888888894,0.3,0.22083333333333338,0.07916666666666661,0.2680555555555556,0.29583333333333334,-0.027777777777777735,True,True,True,True,True,True,True,True,True,True,0.006944444444444444,0.0125,0.0625,1
7,1200,3003,risky_assessed,refuse,edge__risky_assessed__refuse,45,44,0.3416666666666666,0.2611111111111111,0.08055555555555549,0.2472222222222223,0.17916666666666664,0.06805555555555565,0.24027777777777778,0.2972222222222222,-0.056944444444444436,True,True,True,True,True,True,True,True,True,True,0.008333333333333333,0.0125,0.0625,1
7,1200,3004,risky_assessed,refuse,edge__risky_assessed__refuse,44,43,0.32222222222222224,0.2583333333333333,0.06388888888888894,0.3,0.22083333333333338,0.07916666666666661,0.2680555555555556,0.29583333333333334,-0.027777777777777735,True,True,True,True,True,True,True,True,True,True,0.006944444444444444,0.0125,0.0625,1
7,1200,3005,risky_assessed,refuse,edge__risky_assessed__refuse,43,42,0.3472222222222222,0.2625,0.0847222222222222,0.2416666666666667,0.1736111111111111,0.06805555555555559,0.24305555555555555,0.3013888888888889,-0.05833333333333332,True,True,True,True,True,True,True,True,True,True,0.005555555555555556,0.013888888888888888,0.0625,1
7,1200,3006,risky_assessed,refuse,edge__risky_assessed__refuse,43,42,0.3638888888888889,0.25555555555555554,0.10833333333333334,0.3416666666666666,0.3416666666666667,-5.551115123125783e-17,0.2930555555555555,0.3763888888888889,-0.08333333333333337,True,True,True,True,True,True,True,True,True,True,0.009722222222222222,0.04861111111111111,0.0625,1
7,1200,3007,risky_assessed,refuse,edge__risky_assessed__refuse,43,42,0.30277777777777776,0.22361111111111112,0.07916666666666664,0.3097222222222223,0.17916666666666667,0.13055555555555562,0.29305555555555557,0.3361111111111111,-0.043055555555555514,True,True,True,True,True,True,True,True,True,True,0.004166666666666667,0.0125,0.0625,1
7,1200,3008,risky_assessed,refuse,edge__risky_assessed__refuse,42,41,0.30972222222222223,0.2277777777777778,0.08194444444444443,0.27222222222222214,0.2236111111111111,0.04861111111111105,0.2902777777777778,0.3208333333333333,-0.030555555555555503,True,True,True,True,True,True,True,True,True,True,0.002777777777777778,0.0125,0.0625,1
7,1200,3009,risky_assessed,refuse,edge__risky_assessed__refuse,44,43,0.5,0.3361111111111111,0.16388888888888892,0.3402777777777778,0.42083333333333334,-0.08055555555555555,0.38472222222222224,0.5166666666666667,-0.13194444444444448,True,True,True,True,True,True,True,True,True,True,0.005555555555555556,0.043055555555555555,0.0625,1
7,1200,3010,risky_assessed,refuse,edge__risky_assessed__refuse,42,41,0.5013888888888889,0.3763888888888889,0.125,0.21805555555555556,0.16388888888888886,0.054166666666666696,0.2888888888888889,0.35000000000000003,-0.061111111111111116,True,True,True,True,True,True,True,True,True,True,0.006944444444444444,0.022222222222222223,0.0625,1
7,1200,3011,risky_assessed,refuse,edge__risky_assessed__refuse,42,41,0.20416666666666666,0.13333333333333333,0.07083333333333333,0.20833333333333331,0.1763888888888889,0.031944444444444414,0.23472222222222222,0.2875,-0.05277777777777776,True,True,True,True,True,True,True,True,True,True,0.006944444444444444,0.011111111111111112,0.0625,1
7,1200,3012,risky_assessed,refuse,edge__risky_assessed__refuse,45,44,0.30277777777777776,0.26805555555555555,0.03472222222222221,0.2916666666666667,0.20277777777777778,0.0888888888888889,0.2611111111111111,0.2875,-0.02638888888888885,True,True,True,True,True,True,True,True,True,True,0.004166666666666667,0.0125,0.0625,1
7,1200,3013,risky_assessed,refuse,edge__risky_assessed__refuse,44,43,0.34027777777777773,0.2611111111111111,0.07916666666666661,0.24861111111111117,0.18055555555555552,0.06805555555555565,0.24027777777777778,0.2972222222222222,-0.056944444444444436,True,True,True,True,True,True,True,True,True,True,0.009722222222222222,0.0125,0.0625,1
7,1200,3014,risky_assessed,refuse,edge__risky_assessed__refuse,44,43,0.3055555555555556,0.2375,0.06805555555555559,0.2875000000000001,0.2152777777777778,0.0722222222222223,0.28055555555555556,0.3013888888888889,-0.020833333333333315,True,True,True,True,True,True,True,True,True,True,0.004166666666666667,0.015277777777777777,0.0625,1
7,1200,3015,risky_assessed,refuse,edge__risky_assessed__refuse,45,44,0.3402777777777778,0.23194444444444445,0.10833333333333334,0.28888888888888886,0.32916666666666666,-0.0402777777777778,0.2625,0.35694444444444445,-0.09444444444444444,True,True,True,True,True,True,True,True,True,True,0.0125,0.03611111111111111,0.0625,1
7,1200,3016,risky_assessed,refuse,edge__risky_assessed__refuse,42,41,0.20694444444444443,0.12222222222222222,0.08472222222222221,0.2152777777777778,0.21111111111111108,0.004166666666666707,0.24305555555555555,0.3055555555555556,-0.06250000000000003,True,True,True,True,True,True,True,True,True,True,0.004166666666666667,0.006944444444444444,0.0625,1
7,1200,3017,risky_assessed,refuse,edge__risky_assessed__refuse,44,43,0.3125,0.2611111111111111,0.05138888888888887,0.28888888888888886,0.21388888888888885,0.07500000000000001,0.2625,0.2861111111111111,-0.023611111111111083,True,True,True,True,True,True,True,True,True,True,0.004166666666666667,0.0125,0.0625,1
7,1200,3018,risky_assessed,refuse,edge__risky_assessed__refuse,43,42,0.33333333333333337,0.2263888888888889,0.10694444444444448,0.336111111111111,0.3569444444444445,-0.02083333333333348,0.30416666666666664,0.3986111111111111,-0.09444444444444444,True,True,True,True,True,True,True,True,True,True,0.009722222222222222,0.041666666666666664,0.0625,1
7,1200,3019,risky_assessed,refuse,edge__risky_assessed__refuse,45,44,0.3125,0.2611111111111111,0.05138888888888887,0.2875000000000001,0.21388888888888885,0.07361111111111124,0.2625,0.2861111111111111,-0.023611111111111083,True,True,True,True,True,True,True,True,True,True,0.004166666666666667,0.0125,0.0625,1
7,1200,3020,risky_assessed,refuse,edge__risky_assessed__refuse,43,42,0.4736111111111111,0.32083333333333336,0.15277777777777773,0.22499999999999998,0.12361111111111106,0.10138888888888892,0.3111111111111111,0.4013888888888889,-0.09027777777777779,True,True,True,True,True,False,True,True,True,False,0.011111111111111112,0.022222222222222223,0.0625,1
7,1200,3021,risky_assessed,refuse,edge__risky_assessed__refuse,41,40,0.4652777777777778,0.3527777777777778,0.11249999999999999,0.2583333333333333,0.22361111111111104,0.034722222222222265,0.3263888888888889,0.37916666666666665,-0.05277777777777776,True,True,True,True,True,True,True,True,True,True,0.002777777777777778,0.013888888888888888,0.0625,1
7,1200,3022,risky_assessed,refuse,edge__risky_assessed__refuse,43,42,0.3055555555555556,0.2263888888888889,0.07916666666666669,0.30833333333333335,0.17777777777777778,0.13055555555555556,0.29305555555555557,0.3347222222222222,-0.04166666666666663,True,True,True,True,True,True,True,True,True,True,0.002777777777777778,0.0125,0.0625,1
7,1200,3023,risky_assessed,refuse,edge__risky_assessed__refuse,42,41,0.3277777777777778,0.22777777777777777,0.1,0.27638888888888885,0.2125,0.06388888888888886,0.2555555555555556,0.34305555555555556,-0.08749999999999997,True,True,True,True,True,True,True,True,True,True,0.006944444444444444,0.009722222222222222,0.0625,1
7,1200,3024,risky_assessed,refuse,edge__risky_assessed__refuse,45,44,0.3125,0.24444444444444444,0.06805555555555556,0.28055555555555556,0.22361111111111112,0.056944444444444436,0.27361111111111114,0.3111111111111111,-0.03749999999999998,True,True,True,True,True,True,True,True,True,True,0.002777777777777778,0.013888888888888888,0.0625,1
7,1200,3025,risky_assessed,refuse,edge__risky_assessed__refuse,44,43,0.34027777777777773,0.26666666666666666,0.07361111111111107,0.2652777777777778,0.22083333333333333,0.04444444444444445,0.24305555555555555,0.30694444444444446,-0.06388888888888891,True,True,True,True,True,True,True,True,True,True,0.005555555555555556,0.022222222222222223,0.0625,1
7,1200,3026,risky_assessed,refuse,edge__risky_assessed__refuse,42,41,0.3611111111111111,0.25833333333333336,0.10277777777777775,0.25000000000000006,0.13194444444444436,0.11805555555555569,0.23472222222222222,0.32083333333333336,-0.08611111111111114,True,True,True,True,False,False,True,True,False,False,0.011111111111111112,0.019444444444444445,0.0625,1
7,1200,3027,risky_assessed,refuse,edge__risky_assessed__refuse,43,42,0.25555555555555554,0.19027777777777777,0.06527777777777777,0.2680555555555556,0.1791666666666667,0.0888888888888889,0.25277777777777777,0.3055555555555555,-0.05277777777777776,True,True,True,True,True,True,True,True,True,True,0.002777777777777778,0.0125,0.0625,1
7,1200,3028,risky_assessed,refuse,edge__risky_assessed__refuse,44,43,0.34027777777777773,0.26666666666666666,0.07361111111111107,0.2652777777777778,0.21805555555555556,0.04722222222222222,0.24305555555555555,0.30972222222222223,-0.06666666666666668,True,True,True,True,True,True,True,True,True,True,0.005555555555555556,0.022222222222222223,0.0625,1
7,1200,3029,risky_assessed,refuse,edge__risky_assessed__refuse,43,42,0.30972222222222223,0.24722222222222223,0.0625,0.29027777777777775,0.20833333333333337,0.08194444444444438,0.2791666666666667,0.3152777777777778,-0.03611111111111115,True,True,True,True,True,True,True,True,True,True,0.0125,0.022222222222222223,0.0625,1
7,1200,3030,risky_assessed,refuse,edge__risky_assessed__refuse,44,43,0.3125,0.2611111111111111,0.05138888888888887,0.28888888888888886,0.21388888888888885,0.07500000000000001,0.2625,0.2861111111111111,-0.023611111111111083,True,True,True,True,True,True,True,True,True,True,0.004166666666666667,0.0125,0.0625,1
7,1200,3031,risky_assessed,refuse,edge__risky_assessed__refuse,43,42,0.34027777777777773,0.26666666666666666,0.07361111111111107,0.2652777777777778,0.22222222222222227,0.043055555555555514,0.24305555555555555,0.30694444444444446,-0.06388888888888891,True,True,True,True,True,True,True,True,True,True,0.005555555555555556,0.022222222222222223,0.0625,1
7,2400,3000,risky_assessed,refuse,edge__risky_assessed__refuse,45,44,0.32916666666666666,0.24583333333333332,0.08333333333333334,0.2902777777777778,0.26111111111111107,0.02916666666666673,0.27361111111111114,0.3263888888888889,-0.05277777777777776,True,True,True,True,True,True,True,True,True,True,0.002777777777777778,0.011111111111111112,0.0625,1
7,2400,3001,risky_assessed,refuse,edge__risky_assessed__refuse,42,41,0.3388888888888889,0.27083333333333337,0.06805555555555554,0.28055555555555556,0.2305555555555555,0.050000000000000044,0.2680555555555556,0.33055555555555555,-0.062499999999999944,True,True,True,True,True,True,True,True,True,True,0.005555555555555556,0.011111111111111112,0.0625,1
7,2400,3002,risky_assessed,refuse,edge__risky_assessed__refuse,43,42,0.3458333333333333,0.2722222222222222,0.07361111111111113,0.2777777777777778,0.22222222222222227,0.055555555555555525,0.2611111111111111,0.3138888888888889,-0.05277777777777776,True,True,True,True,True,True,True,True,True,True,0.005555555555555556,0.005555555555555556,0.0625,1
7,2400,3003,risky_assessed,refuse,edge__risky_assessed__refuse,45,44,0.37916666666666665,0.28055555555555556,0.0986111111111111,0.2333333333333334,0.1611111111111111,0.0722222222222223,0.24444444444444444,0.2861111111111111,-0.04166666666666666,True,True,True,True,True,True,True,True,True,True,0.004166666666666667,0.018055555555555554,0.0625,1
7,2400,3004,risky_assessed,refuse,edge__risky_assessed__refuse,44,43,0.3458333333333333,0.2722222222222222,0.07361111111111113,0.2777777777777778,0.22222222222222227,0.055555555555555525,0.2611111111111111,0.3138888888888889,-0.05277777777777776,True,True,True,True,True,True,True,True,True,True,0.005555555555555556,0.005555555555555556,0.0625,1
7,2400,3005,risky_assessed,refuse,edge__risky_assessed__refuse,43,42,0.3819444444444444,0.27361111111111114,0.10833333333333328,0.22638888888888897,0.17083333333333334,0.055555555555555636,0.24583333333333332,0.2916666666666667,-0.045833333333333365,True,True,True,True,True,True,True,True,True,True,0.005555555555555556,0.016666666666666666,0.0625,1
7,2400,3006,risky_assessed,refuse,edge__risky_assessed__refuse,43,42,0.3763888888888889,0.25555555555555554,0.12083333333333335,0.34444444444444455,0.38611111111111107,-0.04166666666666652,0.3027777777777778,0.4041666666666667,-0.10138888888888886,True,True,True,True,True,True,True,True,True,True,0.005555555555555556,0.03611111111111111,0.0625,1
7,2400,3007,risky_assessed,refuse,edge__risky_assessed__refuse,43,42,0.30277777777777776,0.22361111111111112,0.07916666666666664,0.2986111111111111,0.18055555555555555,0.11805555555555555,0.2916666666666667,0.3486111111111111,-0.05694444444444441,True,True,True,True,True,True,True,True,True,True,0.004166666666666667,0.015277777777777777,0.0625,1
7,2400,3008,risky_assessed,refuse,edge__risky_assessed__refuse,42,41,0.3138888888888889,0.23055555555555554,0.08333333333333334,0.27222222222222214,0.22777777777777777,0.04444444444444437,0.28750000000000003,0.35,-0.062499999999999944,True,True,True,True,True,True,True,True,True,True,0.004166666666666667,0.009722222222222222,0.0625,1
7,2400,3009,risky_assessed,refuse,edge__risky_assessed__refuse,44,43,0.5097222222222222,0.3680555555555555,0.14166666666666666,0.35277777777777775,0.42777777777777776,-0.07500000000000001,0.36111111111111116,0.4944444444444444,-0.13333333333333325,True,True,True,True,True,True,True,True,True,True,0.006944444444444444,0.044444444444444446,0.0625,1
7,2400,3010,risky_assessed,refuse,edge__risky_assessed__refuse,42,41,0.5236111111111111,0.36944444444444446,0.15416666666666667,0.2041666666666666,0.18888888888888888,0.015277777777777724,0.2833333333333333,0.3625,-0.07916666666666666,True,True,True,True,True,True,True,True,True,True,0.004166666666666667,0.025,0.0625,1
7,2400,3011,risky_assessed,refuse,edge__risky_assessed__refuse,42,41,0.20833333333333331,0.14583333333333334,0.06249999999999997,0.2222222222222222,0.18333333333333332,0.03888888888888889,0.2361111111111111,0.2861111111111111,-0.04999999999999999,True,True,True,True,True,True,True,True,True,True,0.009722222222222222,0.011111111111111112,0.0625,1
7,2400,3012,risky_assessed,refuse,edge__risky_assessed__refuse,45,44,0.31666666666666665,0.2708333333333333,0.04583333333333334,0.2930555555555555,0.2152777777777778,0.07777777777777772,0.2611111111111111,0.3055555555555555,-0.0444444444444444,True,True,True,True,True,True,True,True,True,True,0.005555555555555556,0.008333333333333333,0.0625,1
7,2400,3013,risky_assessed,refuse,edge__risky_assessed__refuse,44,43,0.37916666666666665,0.2791666666666667,0.09999999999999998,0.2333333333333334,0.17222222222222222,0.06111111111111117,0.24444444444444444,0.2875,-0.04305555555555554,True,True,True,True,True,True,True,True,True,True,0.004166666666666667,0.016666666666666666,0.0625,1
7,2400,3014,risky_assessed,refuse,edge__risky_assessed__refuse,44,43,0.32222222222222224,0.2361111111111111,0.08611111111111114,0.2819444444444444,0.21249999999999997,0.06944444444444442,0.2763888888888889,0.3194444444444444,-0.043055555555555514,True,True,True,True,True,True,True,True,True,True,0.005555555555555556,0.011111111111111112,0.0625,1
7,2400,3015,risky_assessed,refuse,edge__risky_assessed__refuse,45,44,0.39305555555555555,0.2375,0.15555555555555556,0.2652777777777778,0.35833333333333334,-0.09305555555555556,0.25,0.3597222222222222,-0.10972222222222222,True,True,True,True,True,True,True,True,True,True,0.008333333333333333,0.03611111111111111,0.0625,1
7,2400,3016,risky_assessed,refuse,edge__risky_assessed__refuse,42,41,0.20694444444444443,0.1111111111111111,0.09583333333333333,0.23055555555555557,0.22638888888888892,0.004166666666666652,0.2486111111111111,0.31527777777777777,-0.06666666666666668,True,True,True,True,True,True,True,True,True,True,0.008333333333333333,0.011111111111111112,0.0625,1
7,2400,3017,risky_assessed,refuse,edge__risky_assessed__refuse,44,43,0.325,0.2569444444444444,0.06805555555555559,0.28472222222222215,0.22916666666666669,0.05555555555555547,0.2638888888888889,0.3138888888888889,-0.04999999999999999,True,True,True,True,True,True,True,True,True,True,0.005555555555555556,0.008333333333333333,0.0625,1
7,2400,3018,risky_assessed,refuse,edge__risky_assessed__refuse,43,42,0.3388888888888889,0.21944444444444444,0.11944444444444446,0.3597222222222223,0.4013888888888889,-0.04166666666666663,0.3125,0.41944444444444445,-0.10694444444444445,True,True,True,True,True,True,True,True,True,True,0.008333333333333333,0.044444444444444446,0.0625,1
7,2400,3019,risky_assessed,refuse,edge__risky_assessed__refuse,45,44,0.325,0.2569444444444444,0.06805555555555559,0.28472222222222215,0.22916666666666669,0.05555555555555547,0.2638888888888889,0.3138888888888889,-0.04999999999999999,True,True,True,True,True,True,True,True,True,True,0.005555555555555556,0.008333333333333333,0.0625,1
7,2400,3020,risky_assessed,refuse,edge__risky_assessed__refuse,43,42,0.4722222222222222,0.33611111111111114,0.13611111111111107,0.2402777777777778,0.13055555555555554,0.10972222222222228,0.3138888888888889,0.3986111111111111,-0.0847222222222222,True,True,True,True,True,False,True,True,True,False,0.011111111111111112,0.025,0.0625,1
7,2400,3021,risky_assessed,refuse,edge__risky_assessed__refuse,41,40,0.44305555555555554,0.37222222222222223,0.0708333333333333,0.2930555555555556,0.22499999999999998,0.06805555555555565,0.33472222222222225,0.36527777777777776,-0.030555555555555503,True,True,True,True,True,True,True,True,True,True,0.004166666666666667,0.016666666666666666,0.0625,1
7,2400,3022,risky_assessed,refuse,edge__risky_assessed__refuse,43,42,0.30277777777777776,0.2222222222222222,0.08055555555555555,0.2986111111111111,0.18194444444444446,0.11666666666666664,0.2916666666666667,0.3486111111111111,-0.05694444444444441,True,True,True,True,True,True,True,True,True,True,0.004166666666666667,0.015277777777777777,0.0625,1
7,2400,3023,risky_assessed,refuse,edge__risky_assessed__refuse,42,41,0.3541666666666667,0.25833333333333336,0.09583333333333333,0.28472222222222215,0.1972222222222222,0.08749999999999997,0.2694444444444445,0.32222222222222224,-0.05277777777777776,True,True,True,True,True,True,True,True,True,True,0.004166666666666667,0.013888888888888888,0.0625,1
7,2400,3024,risky_assessed,refuse,edge__risky_assessed__refuse,45,44,0.3180555555555556,0.25277777777777777,0.06527777777777782,0.2902777777777778,0.2361111111111111,0.054166666666666696,0.27083333333333337,0.33055555555555555,-0.05972222222222218,True,True,True,True,True,True,True,True,True,True,0.002777777777777778,0.011111111111111112,0.0625,1
7,2400,3025,risky_assessed,refuse,edge__risky_assessed__refuse,44,43,0.35138888888888886,0.26805555555555555,0.08333333333333331,0.24444444444444446,0.2277777777777778,0.016666666666666663,0.23055555555555557,0.3263888888888889,-0.09583333333333333,True,True,True,True,True,True,True,True,True,True,0.009722222222222222,0.018055555555555554,0.0625,1
7,2400,3026,risky_assessed,refuse,edge__risky_assessed__refuse,42,41,0.3638888888888889,0.24861111111111112,0.11527777777777776,0.24166666666666675,0.12083333333333335,0.1208333333333334,0.24861111111111112,0.3291666666666667,-0.0805555555555556,True,True,True,True,True,False,True,True,True,False,0.0125,0.02361111111111111,0.0625,1
7,2400,3027,risky_assessed,refuse,edge__risky_assessed__refuse,43,42,0.275,0.18888888888888888,0.08611111111111114,0.2319444444444444,0.18194444444444446,0.04999999999999993,0.23888888888888887,0.3222222222222222,-0.08333333333333331,True,True,True,True,True,True,True,True,True,True,0.005555555555555556,0.009722222222222222,0.0625,1
7,2400,3028,risky_assessed,refuse,edge__risky_assessed__refuse,44,43,0.35,0.26805555555555555,0.08194444444444443,0.24583333333333335,0.2277777777777778,0.018055555555555547,0.23333333333333334,0.3263888888888889,-0.09305555555555556,True,True,True,True,True,True,True,True,True,True,0.009722222222222222,0.018055555555555554,0.0625,1
7,2400,3029,risky_assessed,refuse,edge__risky_assessed__refuse,43,42,0.3333333333333333,0.25,0.08333333333333331,0.2527777777777778,0.22361111111111115,0.029166666666666674,0.2583333333333333,0.34444444444444444,-0.08611111111111114,True,True,True,True,True,True,True,True,True,True,0.0125,0.013888888888888888,0.0625,1
7,2400,3030,risky_assessed,refuse,edge__risky_assessed__refuse,44,43,0.325,0.2569444444444444,0.06805555555555559,0.28472222222222215,0.22916666666666669,0.05555555555555547,0.2638888888888889,0.3138888888888889,-0.04999999999999999,True,True,True,True,True,True,True,True,True,True,0.005555555555555556,0.008333333333333333,0.0625,1
7,2400,3031,risky_assessed,refuse,edge__risky_assessed__refuse,43,42,0.35138888888888886,0.26805555555555555,0.08333333333333331,0.24444444444444446,0.2277777777777778,0.016666666666666663,0.23055555555555557,0.3263888888888889,-0.09583333333333333,True,True,True,True,True,True,True,True,True,True,0.009722222222222222,0.018055555555555554,0.0625,1
