learning_seed,n_samples_per_state,template_seed,target_src,target_dst,target_feature,present_n_admissible_edges,absent_n_admissible_edges,baseline_safe_present,baseline_safe_absent,baseline_safe_present_minus_absent,safe_gain_present,safe_gain_absent,safe_gain_present_minus_absent,risky_drop_present,risky_drop_absent,risky_drop_present_minus_absent,present_H1,absent_H1,present_H2,absent_H2,present_H3,absent_H3,present_H4,absent_H4,present_pass_all,absent_pass_all,present_resistance_risky_terminal,absent_resistance_risky_terminal,present_only_h3,absent_only_h3,both_pass_h3,both_fail_h3,disagreement_h3,baseline_safe_midpoint,safe_gain_midpoint,risky_drop_midpoint,abs_baseline_safe_gap,abs_safe_gain_gap,abs_risky_drop_gap,pair_h3_outcome
0,600,2000,benign_assessed,clarify,edge__benign_assessed__clarify,42,41,0.5694444444444444,0.5819444444444444,-0.0124999999999999,0.1597222222222222,0.1055555555555556,0.0541666666666665,0.2444444444444444,0.2388888888888888,0.0055555555555555,True,True,True,True,True,False,True,True,True,False,0.0013888888888888,0.0069444444444444,True,False,False,False,True,0.5756944444444444,0.13263888888888892,0.24166666666666659,0.012499999999999956,0.05416666666666661,0.005555555555555619,present_only
0,600,2001,benign_assessed,clarify,edge__benign_assessed__clarify,43,42,0.4833333333333333,0.4833333333333333,0.0,0.148611111111111,0.1291666666666667,0.0194444444444443,0.2513888888888889,0.2694444444444445,-0.0180555555555556,True,True,True,True,False,False,True,True,False,False,0.0055555555555555,0.0055555555555555,False,False,False,True,False,0.4833333333333333,0.13888888888888884,0.2604166666666667,0.0,0.019444444444444292,0.018055555555555602,both_fail
0,600,2002,benign_assessed,clarify,edge__benign_assessed__clarify,42,41,0.4541666666666666,0.4638888888888889,-0.0097222222222222,0.1708333333333333,0.1402777777777777,0.0305555555555556,0.2736111111111111,0.2888888888888889,-0.0152777777777777,True,True,True,True,True,False,True,True,True,False,0.0069444444444444,0.0055555555555555,True,False,False,False,True,0.45902777777777776,0.1555555555555555,0.28125,0.009722222222222299,0.030555555555555614,0.015277777777777835,present_only
0,600,2003,benign_assessed,clarify,edge__benign_assessed__clarify,44,43,0.5388888888888889,0.5444444444444445,-0.0055555555555556,0.1180555555555554,0.0819444444444443,0.036111111111111,0.2166666666666666,0.2291666666666666,-0.0125,True,True,True,True,False,False,True,True,False,False,0.0055555555555555,0.0055555555555555,False,False,False,True,False,0.5416666666666667,0.09999999999999985,0.2229166666666666,0.005555555555555647,0.036111111111111094,0.012500000000000011,both_fail
0,600,2004,benign_assessed,clarify,edge__benign_assessed__clarify,43,42,0.4583333333333333,0.4847222222222222,-0.0263888888888889,0.1916666666666667,0.1222222222222221,0.0694444444444445,0.225,0.2347222222222222,-0.0097222222222222,True,True,True,True,True,False,True,True,True,False,0.0111111111111111,0.0055555555555555,True,False,False,False,True,0.47152777777777777,0.1569444444444444,0.2298611111111111,0.026388888888888906,0.06944444444444461,0.009722222222222188,present_only
0,600,2005,benign_assessed,clarify,edge__benign_assessed__clarify,42,41,0.4305555555555556,0.4444444444444444,-0.0138888888888888,0.1861111111111111,0.1666666666666666,0.0194444444444444,0.2180555555555555,0.2527777777777777,-0.0347222222222222,True,True,True,True,True,True,True,True,True,True,0.0041666666666666,0.0041666666666666,False,False,True,False,False,0.4375,0.17638888888888885,0.2354166666666666,0.01388888888888884,0.019444444444444486,0.03472222222222221,both_pass
0,600,2006,benign_assessed,clarify,edge__benign_assessed__clarify,43,42,0.4597222222222222,0.4680555555555555,-0.0083333333333333,0.2430555555555554,0.2527777777777777,-0.0097222222222222,0.3430555555555555,0.3416666666666667,0.0013888888888888,True,True,True,True,True,True,True,True,True,True,0.0194444444444444,0.0180555555555555,False,False,True,False,False,0.46388888888888885,0.24791666666666656,0.3423611111111111,0.008333333333333304,0.009722222222222299,0.0013888888888888284,both_pass
0,600,2007,benign_assessed,clarify,edge__benign_assessed__clarify,43,42,0.5388888888888889,0.5333333333333333,0.0055555555555555,0.1180555555555555,0.1027777777777777,0.0152777777777778,0.2125,0.2333333333333333,-0.0208333333333333,True,True,True,True,False,False,True,True,False,False,0.0069444444444444,0.0041666666666666,False,False,False,True,False,0.5361111111111111,0.11041666666666661,0.22291666666666665,0.005555555555555536,0.015277777777777793,0.020833333333333315,both_fail
0,600,2008,benign_assessed,clarify,edge__benign_assessed__clarify,43,42,0.5513888888888889,0.5402777777777777,0.0111111111111111,0.1194444444444444,0.1,0.0194444444444443,0.2097222222222222,0.2125,-0.0027777777777777,True,True,True,True,False,False,True,True,False,False,0.0013888888888888,0.0027777777777777,False,False,False,True,False,0.5458333333333334,0.1097222222222222,0.21111111111111108,0.011111111111111183,0.01944444444444439,0.0027777777777777957,both_fail
0,600,2009,benign_assessed,clarify,edge__benign_assessed__clarify,43,42,0.5375,0.5388888888888889,-0.0013888888888888,0.126388888888889,0.0902777777777777,0.0361111111111112,0.2125,0.2291666666666666,-0.0166666666666666,True,True,True,True,False,False,True,True,False,False,0.0069444444444444,0.0083333333333333,False,False,False,True,False,0.5381944444444444,0.10833333333333335,0.2208333333333333,0.001388888888888884,0.03611111111111129,0.016666666666666607,both_fail
0,600,2010,benign_assessed,clarify,edge__benign_assessed__clarify,44,43,0.5291666666666667,0.5375000000000001,-0.0083333333333334,0.1180555555555555,0.086111111111111,0.0319444444444445,0.2194444444444444,0.2277777777777778,-0.0083333333333333,True,True,True,True,False,False,True,True,False,False,0.0069444444444444,0.0027777777777777,False,False,False,True,False,0.5333333333333334,0.10208333333333325,0.2236111111111111,0.008333333333333415,0.0319444444444445,0.008333333333333415,both_fail
0,600,2011,benign_assessed,clarify,edge__benign_assessed__clarify,44,43,0.4708333333333333,0.4736111111111111,-0.0027777777777777,0.1569444444444444,0.1263888888888888,0.0305555555555555,0.2597222222222222,0.2680555555555555,-0.0083333333333333,True,True,True,True,True,False,True,True,True,False,0.0069444444444444,0.0083333333333333,True,False,False,False,True,0.4722222222222222,0.1416666666666666,0.26388888888888884,0.002777777777777768,0.030555555555555586,0.008333333333333304,present_only
0,600,2012,benign_assessed,clarify,edge__benign_assessed__clarify,43,42,0.45,0.4444444444444445,0.0055555555555555,0.1416666666666666,0.1277777777777777,0.0138888888888889,0.2597222222222222,0.2569444444444444,0.0027777777777777,True,True,True,True,False,False,True,True,False,False,0.0111111111111111,0.0111111111111111,False,False,False,True,False,0.44722222222222224,0.13472222222222216,0.2583333333333333,0.005555555555555536,0.013888888888888895,0.002777777777777768,both_fail
0,600,2013,benign_assessed,clarify,edge__benign_assessed__clarify,44,43,0.5291666666666667,0.5375000000000001,-0.0083333333333334,0.1180555555555555,0.086111111111111,0.0319444444444445,0.2194444444444444,0.2277777777777778,-0.0083333333333333,True,True,True,True,False,False,True,True,False,False,0.0069444444444444,0.0027777777777777,False,False,False,True,False,0.5333333333333334,0.10208333333333325,0.2236111111111111,0.008333333333333415,0.0319444444444445,0.008333333333333415,both_fail
0,600,2014,benign_assessed,clarify,edge__benign_assessed__clarify,44,43,0.4861111111111111,0.4833333333333333,0.0027777777777777,0.1458333333333333,0.1291666666666667,0.0166666666666666,0.2513888888888889,0.2694444444444445,-0.0180555555555556,True,True,True,True,False,False,True,True,False,False,0.0055555555555555,0.0055555555555555,False,False,False,True,False,0.48472222222222217,0.1375,0.2604166666666667,0.0027777777777778234,0.01666666666666658,0.018055555555555602,both_fail
0,600,2015,benign_assessed,clarify,edge__benign_assessed__clarify,43,42,0.4833333333333333,0.4833333333333333,0.0,0.148611111111111,0.1291666666666667,0.0194444444444443,0.2513888888888889,0.2694444444444445,-0.0180555555555556,True,True,True,True,False,False,True,True,False,False,0.0055555555555555,0.0055555555555555,False,False,False,True,False,0.4833333333333333,0.13888888888888884,0.2604166666666667,0.0,0.019444444444444292,0.018055555555555602,both_fail
0,1200,2000,benign_assessed,clarify,edge__benign_assessed__clarify,42,41,0.5666666666666667,0.5861111111111111,-0.0194444444444444,0.1458333333333333,0.1041666666666666,0.0416666666666667,0.2361111111111111,0.2444444444444444,-0.0083333333333333,True,True,True,True,False,False,True,True,False,False,0.0041666666666666,0.0041666666666666,False,False,False,True,False,0.5763888888888888,0.12499999999999994,0.24027777777777776,0.019444444444444486,0.041666666666666685,0.008333333333333304,both_fail
0,1200,2001,benign_assessed,clarify,edge__benign_assessed__clarify,43,42,0.4625,0.4805555555555555,-0.0180555555555555,0.1583333333333333,0.148611111111111,0.0097222222222222,0.2583333333333333,0.2722222222222222,-0.0138888888888888,True,True,True,True,True,False,True,True,True,False,0.0069444444444444,0.0027777777777777,True,False,False,False,True,0.47152777777777777,0.15347222222222215,0.2652777777777777,0.01805555555555549,0.009722222222222299,0.013888888888888895,present_only
0,1200,2002,benign_assessed,clarify,edge__benign_assessed__clarify,42,41,0.4347222222222222,0.4625,-0.0277777777777777,0.1791666666666667,0.1527777777777778,0.0263888888888889,0.2805555555555555,0.2888888888888889,-0.0083333333333333,True,True,True,True,True,True,True,True,True,True,0.0069444444444444,0.0027777777777777,False,False,True,False,False,0.44861111111111107,0.16597222222222224,0.2847222222222222,0.027777777777777846,0.026388888888888906,0.008333333333333415,both_pass
0,1200,2003,benign_assessed,clarify,edge__benign_assessed__clarify,44,43,0.5333333333333333,0.5444444444444444,-0.011111111111111,0.1333333333333333,0.0902777777777777,0.0430555555555555,0.2111111111111111,0.2194444444444444,-0.0083333333333333,True,True,True,True,False,False,True,True,False,False,0.0069444444444444,0.0069444444444444,False,False,False,True,False,0.5388888888888889,0.1118055555555555,0.21527777777777773,0.011111111111111072,0.0430555555555556,0.008333333333333276,both_fail
0,1200,2004,benign_assessed,clarify,edge__benign_assessed__clarify,43,42,0.4652777777777778,0.4902777777777777,-0.0249999999999999,0.1874999999999999,0.1347222222222222,0.0527777777777776,0.2222222222222222,0.2305555555555555,-0.0083333333333333,True,True,True,True,True,False,True,True,True,False,0.0055555555555555,0.0055555555555555,True,False,False,False,True,0.47777777777777775,0.16111111111111104,0.22638888888888886,0.02499999999999991,0.0527777777777777,0.008333333333333304,present_only
0,1200,2005,benign_assessed,clarify,edge__benign_assessed__clarify,42,41,0.4277777777777778,0.4472222222222222,-0.0194444444444444,0.1722222222222221,0.1458333333333333,0.0263888888888888,0.2347222222222222,0.2472222222222222,-0.0124999999999999,True,True,True,True,True,False,True,True,True,False,0.0013888888888888,0.0055555555555555,True,False,False,False,True,0.4375,0.1590277777777777,0.2409722222222222,0.019444444444444375,0.026388888888888823,0.012500000000000011,present_only
0,1200,2006,benign_assessed,clarify,edge__benign_assessed__clarify,43,42,0.4555555555555555,0.4541666666666667,0.0013888888888888,0.2402777777777777,0.2249999999999998,0.0152777777777778,0.3611111111111111,0.3583333333333333,0.0027777777777777,True,True,True,True,True,True,True,True,True,True,0.0166666666666666,0.0208333333333333,False,False,True,False,False,0.4548611111111111,0.23263888888888876,0.35972222222222217,0.001388888888888773,0.01527777777777789,0.0027777777777778234,both_pass
0,1200,2007,benign_assessed,clarify,edge__benign_assessed__clarify,43,42,0.5430555555555555,0.5458333333333333,-0.0027777777777777,0.1305555555555556,0.0916666666666667,0.0388888888888888,0.1972222222222222,0.2208333333333333,-0.023611111111111,True,True,True,True,False,False,True,True,False,False,0.0027777777777777,0.0069444444444444,False,False,False,True,False,0.5444444444444444,0.11111111111111115,0.20902777777777776,0.002777777777777768,0.03888888888888889,0.02361111111111111,both_fail
0,1200,2008,benign_assessed,clarify,edge__benign_assessed__clarify,43,42,0.5361111111111111,0.5416666666666666,-0.0055555555555555,0.1375,0.1138888888888889,0.0236111111111111,0.2263888888888889,0.2111111111111111,0.0152777777777777,True,True,True,True,False,False,True,True,False,False,0.0013888888888888,0.0041666666666666,False,False,False,True,False,0.5388888888888889,0.12569444444444444,0.21875,0.005555555555555536,0.02361111111111111,0.015277777777777779,both_fail
0,1200,2009,benign_assessed,clarify,edge__benign_assessed__clarify,43,42,0.525,0.5416666666666666,-0.0166666666666666,0.1458333333333332,0.1055555555555555,0.0402777777777777,0.2291666666666666,0.2333333333333333,-0.0041666666666666,True,True,True,True,False,False,True,True,False,False,0.0013888888888888,0.0013888888888888,False,False,False,True,False,0.5333333333333333,0.12569444444444436,0.23124999999999996,0.016666666666666607,0.040277777777777704,0.004166666666666707,both_fail
0,1200,2010,benign_assessed,clarify,edge__benign_assessed__clarify,44,43,0.5347222222222222,0.5486111111111112,-0.0138888888888889,0.1347222222222223,0.0819444444444443,0.0527777777777779,0.2041666666666666,0.2069444444444444,-0.0027777777777777,True,True,True,True,False,False,True,True,False,False,0.0013888888888888,0.0041666666666666,False,False,False,True,False,0.5416666666666667,0.10833333333333331,0.2055555555555555,0.01388888888888895,0.05277777777777799,0.0027777777777777957,both_fail
0,1200,2011,benign_assessed,clarify,edge__benign_assessed__clarify,44,43,0.4722222222222222,0.475,-0.0027777777777777,0.175,0.1347222222222223,0.0402777777777777,0.2513888888888889,0.2791666666666667,-0.0277777777777777,True,True,True,True,True,False,True,True,True,False,0.0055555555555555,0.0069444444444444,True,False,False,False,True,0.4736111111111111,0.15486111111111114,0.2652777777777778,0.002777777777777768,0.04027777777777769,0.02777777777777779,present_only
0,1200,2012,benign_assessed,clarify,edge__benign_assessed__clarify,43,42,0.4555555555555555,0.4597222222222222,-0.0041666666666666,0.1361111111111111,0.1236111111111111,0.0124999999999999,0.2527777777777777,0.2638888888888889,-0.0111111111111111,True,True,True,True,False,False,True,True,False,False,0.0083333333333333,0.0069444444444444,False,False,False,True,False,0.4576388888888888,0.1298611111111111,0.2583333333333333,0.004166666666666707,0.012499999999999997,0.011111111111111183,both_fail
0,1200,2013,benign_assessed,clarify,edge__benign_assessed__clarify,44,43,0.5347222222222222,0.5486111111111112,-0.0138888888888889,0.1347222222222223,0.0819444444444443,0.0527777777777779,0.2041666666666666,0.2069444444444444,-0.0027777777777777,True,True,True,True,False,False,True,True,False,False,0.0013888888888888,0.0041666666666666,False,False,False,True,False,0.5416666666666667,0.10833333333333331,0.2055555555555555,0.01388888888888895,0.05277777777777799,0.0027777777777777957,both_fail
0,1200,2014,benign_assessed,clarify,edge__benign_assessed__clarify,44,43,0.4638888888888889,0.4805555555555555,-0.0166666666666666,0.1569444444444444,0.148611111111111,0.0083333333333333,0.2583333333333333,0.2722222222222222,-0.0138888888888888,True,True,True,True,True,False,True,True,True,False,0.0069444444444444,0.0027777777777777,True,False,False,False,True,0.4722222222222222,0.15277777777777768,0.2652777777777777,0.016666666666666607,0.008333333333333387,0.013888888888888895,present_only
0,1200,2015,benign_assessed,clarify,edge__benign_assessed__clarify,43,42,0.4625,0.4805555555555555,-0.0180555555555555,0.1583333333333333,0.148611111111111,0.0097222222222222,0.2583333333333333,0.2722222222222222,-0.0138888888888888,True,True,True,True,True,False,True,True,True,False,0.0069444444444444,0.0027777777777777,True,False,False,False,True,0.47152777777777777,0.15347222222222215,0.2652777777777777,0.01805555555555549,0.009722222222222299,0.013888888888888895,present_only
0,2400,2000,benign_assessed,clarify,edge__benign_assessed__clarify,42,41,0.5652777777777778,0.5861111111111111,-0.0208333333333333,0.15,0.0930555555555555,0.0569444444444444,0.2388888888888889,0.2361111111111111,0.0027777777777777,True,True,True,True,True,False,True,True,True,False,0.0013888888888888,0.0055555555555555,True,False,False,False,True,0.5756944444444445,0.12152777777777775,0.2375,0.02083333333333337,0.05694444444444449,0.0027777777777777957,present_only
0,2400,2001,benign_assessed,clarify,edge__benign_assessed__clarify,43,42,0.4666666666666667,0.4763888888888888,-0.0097222222222221,0.1486111111111111,0.1333333333333334,0.0152777777777777,0.2541666666666666,0.2680555555555556,-0.0138888888888889,True,True,True,True,False,False,True,True,False,False,0.0083333333333333,0.0055555555555555,False,False,False,True,False,0.47152777777777777,0.14097222222222225,0.26111111111111107,0.009722222222222132,0.015277777777777724,0.013888888888889006,both_fail
0,2400,2002,benign_assessed,clarify,edge__benign_assessed__clarify,42,41,0.4333333333333333,0.4569444444444444,-0.023611111111111,0.173611111111111,0.1388888888888889,0.0347222222222221,0.2805555555555555,0.2875,-0.0069444444444444,True,True,True,True,True,False,True,True,True,False,0.0097222222222222,0.0055555555555555,True,False,False,False,True,0.44513888888888886,0.15624999999999994,0.28402777777777777,0.023611111111111083,0.0347222222222221,0.006944444444444475,present_only
0,2400,2003,benign_assessed,clarify,edge__benign_assessed__clarify,44,43,0.5291666666666667,0.5402777777777777,-0.011111111111111,0.1374999999999999,0.0972222222222222,0.0402777777777777,0.2138888888888888,0.2194444444444444,-0.0055555555555555,True,True,True,True,False,False,True,True,False,False,0.0041666666666666,0.0055555555555555,False,False,False,True,False,0.5347222222222222,0.11736111111111105,0.2166666666666666,0.011111111111111072,0.040277777777777704,0.005555555555555591,both_fail
0,2400,2004,benign_assessed,clarify,edge__benign_assessed__clarify,43,42,0.4777777777777778,0.4916666666666666,-0.0138888888888888,0.1541666666666666,0.1208333333333334,0.0333333333333332,0.2208333333333333,0.2208333333333333,0.0,True,True,True,True,True,False,True,True,True,False,0.0069444444444444,0.0055555555555555,True,False,False,False,True,0.48472222222222217,0.1375,0.2208333333333333,0.013888888888888784,0.03333333333333319,0.0,present_only
0,2400,2005,benign_assessed,clarify,edge__benign_assessed__clarify,42,41,0.4222222222222222,0.4333333333333333,-0.0111111111111111,0.1805555555555556,0.1652777777777777,0.0152777777777778,0.225,0.2527777777777777,-0.0277777777777777,True,True,True,True,True,True,True,True,True,True,0.0027777777777777,0.0013888888888888,False,False,True,False,False,0.42777777777777776,0.17291666666666666,0.23888888888888887,0.011111111111111072,0.015277777777777918,0.027777777777777707,both_pass
0,2400,2006,benign_assessed,clarify,edge__benign_assessed__clarify,43,42,0.4291666666666667,0.4541666666666666,-0.0249999999999999,0.261111111111111,0.2472222222222221,0.0138888888888888,0.3777777777777777,0.3583333333333333,0.0194444444444444,True,True,True,True,True,True,True,True,True,True,0.0138888888888888,0.0152777777777777,False,False,True,False,False,0.44166666666666665,0.25416666666666654,0.36805555555555547,0.02499999999999991,0.013888888888888923,0.01944444444444443,both_pass
0,2400,2007,benign_assessed,clarify,edge__benign_assessed__clarify,43,42,0.5458333333333334,0.5347222222222222,0.0111111111111111,0.1166666666666667,0.1055555555555556,0.011111111111111,0.1999999999999999,0.2319444444444444,-0.0319444444444444,True,True,True,True,False,False,True,True,False,False,0.0055555555555555,0.0041666666666666,False,False,False,True,False,0.5402777777777779,0.11111111111111115,0.21597222222222215,0.011111111111111183,0.0111111111111111,0.0319444444444445,both_fail
0,2400,2008,benign_assessed,clarify,edge__benign_assessed__clarify,43,42,0.5291666666666667,0.5375,-0.0083333333333333,0.1416666666666667,0.0986111111111111,0.0430555555555556,0.2208333333333333,0.2125,0.0083333333333333,True,True,True,True,False,False,True,True,False,False,0.0027777777777777,0.0041666666666666,False,False,False,True,False,0.5333333333333333,0.12013888888888889,0.21666666666666665,0.008333333333333304,0.0430555555555556,0.008333333333333304,both_fail
0,2400,2009,benign_assessed,clarify,edge__benign_assessed__clarify,43,42,0.5333333333333333,0.5361111111111111,-0.0027777777777777,0.1333333333333333,0.1041666666666666,0.0291666666666666,0.2152777777777777,0.2277777777777778,-0.0125,True,True,True,True,False,False,True,True,False,False,0.0069444444444444,0.0027777777777777,False,False,False,True,False,0.5347222222222222,0.11874999999999995,0.22152777777777777,0.002777777777777768,0.029166666666666702,0.012500000000000094,both_fail
0,2400,2010,benign_assessed,clarify,edge__benign_assessed__clarify,44,43,0.5388888888888889,0.5430555555555556,-0.0041666666666667,0.1208333333333334,0.0902777777777777,0.0305555555555556,0.1986111111111111,0.2083333333333333,-0.0097222222222221,True,True,True,True,False,False,True,True,False,False,0.0027777777777777,0.0041666666666666,False,False,False,True,False,0.5409722222222222,0.10555555555555556,0.2034722222222222,0.004166666666666763,0.030555555555555697,0.009722222222222188,both_fail
0,2400,2011,benign_assessed,clarify,edge__benign_assessed__clarify,44,43,0.4611111111111111,0.4736111111111111,-0.0124999999999999,0.1749999999999999,0.1374999999999999,0.0374999999999999,0.2555555555555556,0.2652777777777778,-0.0097222222222221,True,True,True,True,True,False,True,True,True,False,0.0069444444444444,0.0069444444444444,True,False,False,False,True,0.4673611111111111,0.1562499999999999,0.2604166666666667,0.012500000000000011,0.037500000000000006,0.009722222222222188,present_only
0,2400,2012,benign_assessed,clarify,edge__benign_assessed__clarify,43,42,0.45,0.4333333333333333,0.0166666666666666,0.1333333333333333,0.148611111111111,-0.0152777777777776,0.261111111111111,0.2777777777777778,-0.0166666666666667,True,True,True,True,False,False,True,True,False,False,0.0111111111111111,0.0069444444444444,False,False,False,True,False,0.44166666666666665,0.14097222222222217,0.2694444444444444,0.01666666666666672,0.015277777777777696,0.016666666666666774,both_fail
0,2400,2013,benign_assessed,clarify,edge__benign_assessed__clarify,44,43,0.5388888888888889,0.5430555555555556,-0.0041666666666667,0.1208333333333334,0.0902777777777777,0.0305555555555556,0.1986111111111111,0.2083333333333333,-0.0097222222222221,True,True,True,True,False,False,True,True,False,False,0.0027777777777777,0.0041666666666666,False,False,False,True,False,0.5409722222222222,0.10555555555555556,0.2034722222222222,0.004166666666666763,0.030555555555555697,0.009722222222222188,both_fail
0,2400,2014,benign_assessed,clarify,edge__benign_assessed__clarify,44,43,0.4680555555555555,0.4763888888888888,-0.0083333333333333,0.1472222222222222,0.1333333333333334,0.0138888888888888,0.2541666666666666,0.2680555555555556,-0.0138888888888889,True,True,True,True,False,False,True,True,False,False,0.0083333333333333,0.0055555555555555,False,False,False,True,False,0.47222222222222215,0.14027777777777778,0.26111111111111107,0.008333333333333304,0.013888888888888812,0.013888888888889006,both_fail
0,2400,2015,benign_assessed,clarify,edge__benign_assessed__clarify,43,42,0.4666666666666667,0.4763888888888888,-0.0097222222222221,0.1486111111111111,0.1333333333333334,0.0152777777777777,0.2541666666666666,0.2680555555555556,-0.0138888888888889,True,True,True,True,False,False,True,True,False,False,0.0083333333333333,0.0055555555555555,False,False,False,True,False,0.47152777777777777,0.14097222222222225,0.26111111111111107,0.009722222222222132,0.015277777777777724,0.013888888888889006,both_fail
1,600,2000,benign_assessed,clarify,edge__benign_assessed__clarify,42,41,0.6583333333333333,0.6611111111111111,-0.0027777777777777,0.0222222222222222,0.0388888888888889,-0.0166666666666667,0.1,0.0930555555555555,0.0069444444444444,True,True,True,True,False,False,True,True,False,False,0.0,0.0013888888888888,False,False,False,True,False,0.6597222222222222,0.03055555555555555,0.09652777777777775,0.002777777777777768,0.016666666666666705,0.006944444444444503,both_fail
1,600,2001,benign_assessed,clarify,edge__benign_assessed__clarify,43,42,0.5666666666666667,0.5694444444444444,-0.0027777777777777,0.0666666666666666,0.0583333333333333,0.0083333333333333,0.0930555555555555,0.1027777777777777,-0.0097222222222222,True,True,True,True,False,False,True,True,False,False,0.0013888888888888,0.0013888888888888,False,False,False,True,False,0.5680555555555555,0.062499999999999944,0.0979166666666666,0.002777777777777768,0.008333333333333297,0.009722222222222202,both_fail
1,600,2002,benign_assessed,clarify,edge__benign_assessed__clarify,42,41,0.5430555555555555,0.5472222222222223,-0.0041666666666667,0.0652777777777777,0.048611111111111,0.0166666666666667,0.1152777777777777,0.1236111111111111,-0.0083333333333333,True,True,True,True,False,False,True,True,False,False,0.0027777777777777,0.0041666666666666,False,False,False,True,False,0.5451388888888888,0.05694444444444435,0.11944444444444441,0.004166666666666763,0.016666666666666698,0.008333333333333401,both_fail
1,600,2003,benign_assessed,clarify,edge__benign_assessed__clarify,44,43,0.6041666666666667,0.6180555555555556,-0.0138888888888888,0.0388888888888888,0.0402777777777777,-0.0013888888888888,0.0680555555555555,0.0625,0.0055555555555555,True,True,True,True,False,False,True,True,False,False,0.0013888888888888,0.0041666666666666,False,False,False,True,False,0.6111111111111112,0.03958333333333325,0.06527777777777774,0.01388888888888884,0.0013888888888888978,0.005555555555555494,both_fail
1,600,2004,benign_assessed,clarify,edge__benign_assessed__clarify,43,42,0.5166666666666666,0.525,-0.0083333333333334,0.0236111111111111,0.0430555555555555,-0.0194444444444443,0.0472222222222222,0.0583333333333333,-0.0111111111111111,True,True,True,True,False,False,True,True,False,False,0.0027777777777777,0.0013888888888888,False,False,False,True,False,0.5208333333333333,0.0333333333333333,0.05277777777777775,0.008333333333333415,0.0194444444444444,0.0111111111111111,both_fail
1,600,2005,benign_assessed,clarify,edge__benign_assessed__clarify,42,41,0.4611111111111111,0.4555555555555555,0.0055555555555555,0.0694444444444444,0.0638888888888888,0.0055555555555555,0.0513888888888888,0.0555555555555555,-0.0041666666666666,True,True,True,True,False,False,True,True,False,False,0.0027777777777777,0.0041666666666666,False,False,False,True,False,0.45833333333333326,0.0666666666666666,0.05347222222222215,0.005555555555555591,0.005555555555555605,0.0041666666666666935,both_fail
1,600,2006,benign_assessed,clarify,edge__benign_assessed__clarify,43,42,0.6236111111111111,0.6097222222222223,0.0138888888888888,0.0222222222222221,0.0305555555555555,-0.0083333333333334,0.0708333333333333,0.0736111111111111,-0.0027777777777777,True,True,True,True,False,False,True,True,False,False,0.0,0.0041666666666666,False,False,False,True,False,0.6166666666666667,0.026388888888888802,0.0722222222222222,0.01388888888888884,0.008333333333333397,0.0027777777777777957,both_fail
1,600,2007,benign_assessed,clarify,edge__benign_assessed__clarify,43,42,0.7388888888888889,0.7069444444444444,0.0319444444444445,0.0166666666666666,0.0375,-0.0208333333333334,0.0597222222222222,0.0611111111111111,-0.0013888888888888,True,True,True,True,False,False,True,True,False,False,0.0027777777777777,0.0055555555555555,False,False,False,True,False,0.7229166666666667,0.0270833333333333,0.060416666666666646,0.03194444444444455,0.020833333333333398,0.0013888888888889048,both_fail
1,600,2008,benign_assessed,clarify,edge__benign_assessed__clarify,43,42,0.5875,0.5958333333333334,-0.0083333333333334,0.0694444444444444,0.0749999999999999,-0.0055555555555555,0.0763888888888889,0.075,0.0013888888888888,True,True,True,True,False,False,True,True,False,False,0.0,0.0027777777777777,False,False,False,True,False,0.5916666666666668,0.07222222222222216,0.07569444444444445,0.008333333333333415,0.005555555555555494,0.0013888888888888978,both_fail
1,600,2009,benign_assessed,clarify,edge__benign_assessed__clarify,43,42,0.5944444444444444,0.6055555555555555,-0.011111111111111,0.048611111111111,0.0458333333333333,0.0027777777777776,0.0597222222222222,0.0680555555555555,-0.0083333333333333,True,True,True,True,False,False,True,True,False,False,0.0013888888888888,0.0013888888888888,False,False,False,True,False,0.6,0.04722222222222215,0.06388888888888884,0.011111111111111072,0.0027777777777776985,0.008333333333333297,both_fail
1,600,2010,benign_assessed,clarify,edge__benign_assessed__clarify,44,43,0.5930555555555556,0.6027777777777777,-0.0097222222222221,0.0527777777777778,0.05,0.0027777777777777,0.0625,0.0666666666666666,-0.0041666666666666,True,True,True,True,False,False,True,True,False,False,0.0,0.0013888888888888,False,False,False,True,False,0.5979166666666667,0.0513888888888889,0.0645833333333333,0.009722222222222188,0.0027777777777777957,0.004166666666666596,both_fail
1,600,2011,benign_assessed,clarify,edge__benign_assessed__clarify,44,43,0.4277777777777777,0.4361111111111111,-0.0083333333333333,0.0847222222222222,0.0499999999999999,0.0347222222222222,0.0861111111111111,0.0666666666666666,0.0194444444444444,True,True,True,True,False,False,True,True,False,False,0.0013888888888888,0.0027777777777777,False,False,False,True,False,0.4319444444444444,0.06736111111111105,0.07638888888888884,0.008333333333333415,0.0347222222222223,0.0194444444444445,both_fail
1,600,2012,benign_assessed,clarify,edge__benign_assessed__clarify,43,42,0.4277777777777777,0.4152777777777778,0.0124999999999999,0.0694444444444444,0.0444444444444444,0.025,0.0875,0.0625,0.025,True,True,True,True,False,False,True,True,False,False,0.0013888888888888,0.0041666666666666,False,False,False,True,False,0.4215277777777777,0.0569444444444444,0.075,0.0124999999999999,0.02500000000000001,0.024999999999999994,both_fail
1,600,2013,benign_assessed,clarify,edge__benign_assessed__clarify,44,43,0.5930555555555556,0.6027777777777777,-0.0097222222222221,0.0527777777777778,0.05,0.0027777777777777,0.0625,0.0666666666666666,-0.0041666666666666,True,True,True,True,False,False,True,True,False,False,0.0,0.0013888888888888,False,False,False,True,False,0.5979166666666667,0.0513888888888889,0.0645833333333333,0.009722222222222188,0.0027777777777777957,0.004166666666666596,both_fail
1,600,2014,benign_assessed,clarify,edge__benign_assessed__clarify,44,43,0.5666666666666667,0.5680555555555555,-0.0013888888888888,0.0680555555555555,0.0611111111111111,0.0069444444444444,0.0930555555555555,0.1027777777777777,-0.0097222222222222,True,True,True,True,False,False,True,True,False,False,0.0013888888888888,0.0013888888888888,False,False,False,True,False,0.5673611111111111,0.0645833333333333,0.0979166666666666,0.001388888888888884,0.006944444444444392,0.009722222222222202,both_fail
1,600,2015,benign_assessed,clarify,edge__benign_assessed__clarify,43,42,0.5666666666666667,0.5694444444444444,-0.0027777777777777,0.0666666666666666,0.0583333333333333,0.0083333333333333,0.0930555555555555,0.1027777777777777,-0.0097222222222222,True,True,True,True,False,False,True,True,False,False,0.0013888888888888,0.0013888888888888,False,False,False,True,False,0.5680555555555555,0.062499999999999944,0.0979166666666666,0.002777777777777768,0.008333333333333297,0.009722222222222202,both_fail
1,1200,2000,benign_assessed,clarify,edge__benign_assessed__clarify,42,41,0.6652777777777779,0.6597222222222222,0.0055555555555556,0.0027777777777776,0.0388888888888888,-0.0361111111111112,0.0944444444444444,0.0888888888888888,0.0055555555555555,True,True,True,True,False,False,True,True,False,False,0.0027777777777777,0.0027777777777777,False,False,False,True,False,0.6625000000000001,0.0208333333333332,0.09166666666666659,0.005555555555555647,0.0361111111111112,0.005555555555555605,both_fail
1,1200,2001,benign_assessed,clarify,edge__benign_assessed__clarify,43,42,0.5708333333333333,0.5611111111111111,0.0097222222222221,0.0527777777777778,0.0638888888888888,-0.011111111111111,0.0805555555555555,0.0888888888888888,-0.0083333333333333,True,True,True,True,False,False,True,True,False,False,0.0013888888888888,0.0013888888888888,False,False,False,True,False,0.5659722222222222,0.0583333333333333,0.08472222222222214,0.009722222222222188,0.011111111111111002,0.00833333333333329,both_fail
1,1200,2002,benign_assessed,clarify,edge__benign_assessed__clarify,42,41,0.5402777777777777,0.5388888888888889,0.0013888888888888,0.0652777777777777,0.0388888888888888,0.0263888888888889,0.1097222222222222,0.1097222222222222,-1.3877787807814457e-17,True,True,True,True,False,False,True,True,False,False,0.0027777777777777,0.0055555555555555,False,False,False,True,False,0.5395833333333333,0.052083333333333245,0.1097222222222222,0.001388888888888884,0.0263888888888889,0.0,both_fail
1,1200,2003,benign_assessed,clarify,edge__benign_assessed__clarify,44,43,0.5958333333333333,0.6000000000000001,-0.0041666666666667,0.0333333333333333,0.0583333333333333,-0.025,0.0652777777777777,0.0791666666666666,-0.0138888888888888,True,True,True,True,False,False,True,True,False,False,0.0041666666666666,0.0013888888888888,False,False,False,True,False,0.5979166666666667,0.045833333333333295,0.07222222222222215,0.004166666666666763,0.025,0.013888888888888895,both_fail
1,1200,2004,benign_assessed,clarify,edge__benign_assessed__clarify,43,42,0.5069444444444444,0.5333333333333333,-0.0263888888888889,0.0388888888888889,0.0138888888888889,0.025,0.0555555555555555,0.0666666666666666,-0.0111111111111111,True,True,True,True,False,False,True,True,False,False,0.0013888888888888,0.0013888888888888,False,False,False,True,False,0.5201388888888889,0.026388888888888903,0.06111111111111105,0.026388888888888906,0.025,0.0111111111111111,both_fail
1,1200,2005,benign_assessed,clarify,edge__benign_assessed__clarify,42,41,0.4416666666666667,0.4430555555555555,-0.0013888888888888,0.0583333333333332,0.0388888888888889,0.0194444444444443,0.0736111111111111,0.0611111111111111,0.0124999999999999,True,True,True,True,False,False,True,True,False,False,0.0013888888888888,0.0041666666666666,False,False,False,True,False,0.4423611111111111,0.04861111111111105,0.0673611111111111,0.001388888888888773,0.0194444444444443,0.012499999999999997,both_fail
1,1200,2006,benign_assessed,clarify,edge__benign_assessed__clarify,43,42,0.5847222222222221,0.6124999999999999,-0.0277777777777777,0.0444444444444445,0.0333333333333333,0.0111111111111111,0.0763888888888888,0.0861111111111111,-0.0097222222222222,True,True,True,True,False,False,True,True,False,False,0.0027777777777777,0.0013888888888888,False,False,False,True,False,0.598611111111111,0.0388888888888889,0.08124999999999995,0.02777777777777779,0.011111111111111203,0.009722222222222299,both_fail
1,1200,2007,benign_assessed,clarify,edge__benign_assessed__clarify,43,42,0.725,0.7138888888888888,0.0111111111111111,0.0236111111111111,0.0319444444444445,-0.0083333333333334,0.0624999999999999,0.0583333333333333,0.0041666666666666,True,True,True,True,False,False,True,True,False,False,0.0013888888888888,0.0,False,False,False,True,False,0.7194444444444443,0.027777777777777797,0.060416666666666605,0.011111111111111183,0.008333333333333397,0.004166666666666603,both_fail
1,1200,2008,benign_assessed,clarify,edge__benign_assessed__clarify,43,42,0.575,0.5930555555555556,-0.0180555555555556,0.0444444444444445,0.0569444444444443,-0.0124999999999998,0.0791666666666666,0.0805555555555555,-0.0013888888888888,True,True,True,True,False,False,True,True,False,False,0.0027777777777777,0.0027777777777777,False,False,False,True,False,0.5840277777777778,0.0506944444444444,0.07986111111111105,0.018055555555555602,0.012499999999999796,0.0013888888888889117,both_fail
1,1200,2009,benign_assessed,clarify,edge__benign_assessed__clarify,43,42,0.5819444444444445,0.5916666666666667,-0.0097222222222221,0.0583333333333333,0.0513888888888889,0.0069444444444444,0.0652777777777777,0.0666666666666666,-0.0013888888888888,True,True,True,True,False,False,True,True,False,False,0.0013888888888888,0.0013888888888888,False,False,False,True,False,0.5868055555555556,0.0548611111111111,0.06597222222222215,0.009722222222222188,0.006944444444444399,0.0013888888888888978,both_fail
1,1200,2010,benign_assessed,clarify,edge__benign_assessed__clarify,44,43,0.5763888888888888,0.5847222222222223,-0.0083333333333334,0.0666666666666667,0.0527777777777777,0.013888888888889,0.0666666666666666,0.0736111111111111,-0.0069444444444444,True,True,True,True,False,False,True,True,False,False,0.0027777777777777,0.0,False,False,False,True,False,0.5805555555555555,0.0597222222222222,0.07013888888888885,0.008333333333333415,0.013888888888888992,0.006944444444444503,both_fail
1,1200,2011,benign_assessed,clarify,edge__benign_assessed__clarify,44,43,0.4013888888888889,0.4263888888888889,-0.0249999999999999,0.0749999999999999,0.0527777777777777,0.0222222222222222,0.0944444444444444,0.0722222222222222,0.0222222222222222,True,True,True,True,False,False,True,True,False,False,0.0027777777777777,0.0027777777777777,False,False,False,True,False,0.41388888888888886,0.0638888888888888,0.0833333333333333,0.024999999999999967,0.0222222222222222,0.0222222222222222,both_fail
1,1200,2012,benign_assessed,clarify,edge__benign_assessed__clarify,43,42,0.4069444444444444,0.4097222222222222,-0.0027777777777777,0.0625,0.0708333333333333,-0.0083333333333333,0.0944444444444444,0.0708333333333333,0.0236111111111111,True,True,True,True,False,False,True,True,False,False,0.0027777777777777,0.0027777777777777,False,False,False,True,False,0.4083333333333333,0.06666666666666665,0.08263888888888885,0.0027777777777778234,0.008333333333333304,0.023611111111111097,both_fail
1,1200,2013,benign_assessed,clarify,edge__benign_assessed__clarify,44,43,0.5763888888888888,0.5847222222222223,-0.0083333333333334,0.0666666666666667,0.0527777777777777,0.013888888888889,0.0666666666666666,0.0736111111111111,-0.0069444444444444,True,True,True,True,False,False,True,True,False,False,0.0027777777777777,0.0,False,False,False,True,False,0.5805555555555555,0.0597222222222222,0.07013888888888885,0.008333333333333415,0.013888888888888992,0.006944444444444503,both_fail
1,1200,2014,benign_assessed,clarify,edge__benign_assessed__clarify,44,43,0.5708333333333333,0.5625,0.0083333333333333,0.0527777777777778,0.0611111111111111,-0.0083333333333333,0.0805555555555555,0.0888888888888888,-0.0083333333333333,True,True,True,True,False,False,True,True,False,False,0.0013888888888888,0.0013888888888888,False,False,False,True,False,0.5666666666666667,0.05694444444444445,0.08472222222222214,0.008333333333333304,0.008333333333333304,0.00833333333333329,both_fail
1,1200,2015,benign_assessed,clarify,edge__benign_assessed__clarify,43,42,0.5708333333333333,0.5611111111111111,0.0097222222222221,0.0527777777777778,0.0638888888888888,-0.011111111111111,0.0805555555555555,0.0888888888888888,-0.0083333333333333,True,True,True,True,False,False,True,True,False,False,0.0013888888888888,0.0013888888888888,False,False,False,True,False,0.5659722222222222,0.0583333333333333,0.08472222222222214,0.009722222222222188,0.011111111111111002,0.00833333333333329,both_fail
1,2400,2000,benign_assessed,clarify,edge__benign_assessed__clarify,42,41,0.6611111111111112,0.6666666666666667,-0.0055555555555555,0.0013888888888888,0.0222222222222221,-0.0208333333333332,0.0986111111111111,0.0916666666666666,0.0069444444444444,True,True,True,True,False,False,True,True,False,False,0.0013888888888888,0.0027777777777777,False,False,False,True,False,0.663888888888889,0.011805555555555451,0.09513888888888886,0.005555555555555536,0.0208333333333333,0.006944444444444489,both_fail
1,2400,2001,benign_assessed,clarify,edge__benign_assessed__clarify,43,42,0.5666666666666667,0.5875,-0.0208333333333333,0.0597222222222222,0.0402777777777777,0.0194444444444444,0.0888888888888888,0.0888888888888888,1.3877787807814457e-17,True,True,True,True,False,False,True,True,False,False,0.0013888888888888,0.0027777777777777,False,False,False,True,False,0.5770833333333334,0.04999999999999995,0.0888888888888888,0.02083333333333337,0.0194444444444445,0.0,both_fail
1,2400,2002,benign_assessed,clarify,edge__benign_assessed__clarify,42,41,0.5361111111111111,0.5611111111111111,-0.025,0.0652777777777777,0.0402777777777777,0.025,0.1180555555555555,0.1138888888888888,0.0041666666666666,True,True,True,True,False,False,True,True,False,False,0.0027777777777777,0.0027777777777777,False,False,False,True,False,0.5486111111111112,0.0527777777777777,0.11597222222222214,0.025000000000000022,0.025,0.0041666666666666935,both_fail
1,2400,2003,benign_assessed,clarify,edge__benign_assessed__clarify,44,43,0.5944444444444446,0.6222222222222222,-0.0277777777777776,0.0458333333333332,0.0319444444444444,0.0138888888888888,0.0638888888888889,0.0777777777777777,-0.0138888888888888,True,True,True,True,False,False,True,True,False,False,0.0055555555555555,0.0,False,False,False,True,False,0.6083333333333334,0.0388888888888888,0.0708333333333333,0.02777777777777768,0.013888888888888798,0.013888888888888798,both_fail
1,2400,2004,benign_assessed,clarify,edge__benign_assessed__clarify,43,42,0.4833333333333333,0.5208333333333334,-0.0375,0.0666666666666667,0.0277777777777776,0.038888888888889,0.0611111111111111,0.0666666666666666,-0.0055555555555555,True,True,True,True,False,False,True,True,False,False,0.0013888888888888,0.0027777777777777,False,False,False,True,False,0.5020833333333333,0.047222222222222145,0.06388888888888886,0.03750000000000009,0.0388888888888891,0.005555555555555494,both_fail
1,2400,2005,benign_assessed,clarify,edge__benign_assessed__clarify,42,41,0.4555555555555555,0.45,0.0055555555555555,0.0763888888888889,0.0430555555555555,0.0333333333333333,0.0722222222222222,0.0569444444444444,0.0152777777777777,True,True,True,True,False,False,True,True,False,False,0.0,0.0027777777777777,False,False,False,True,False,0.4527777777777777,0.0597222222222222,0.0645833333333333,0.00555555555555548,0.033333333333333395,0.0152777777777778,both_fail
1,2400,2006,benign_assessed,clarify,edge__benign_assessed__clarify,43,42,0.5833333333333334,0.6097222222222222,-0.0263888888888887,0.048611111111111,0.0375,0.0111111111111109,0.0819444444444444,0.0791666666666666,0.0027777777777777,True,True,True,True,False,False,True,True,False,False,0.0041666666666666,0.0027777777777777,False,False,False,True,False,0.5965277777777778,0.0430555555555555,0.08055555555555549,0.026388888888888795,0.011111111111111002,0.0027777777777778095,both_fail
1,2400,2007,benign_assessed,clarify,edge__benign_assessed__clarify,43,42,0.7277777777777777,0.7194444444444444,0.0083333333333333,0.0208333333333333,0.0263888888888889,-0.0055555555555555,0.0597222222222222,0.0611111111111111,-0.0013888888888888,True,True,True,True,False,False,True,True,False,False,0.0,0.0013888888888888,False,False,False,True,False,0.7236111111111111,0.0236111111111111,0.060416666666666646,0.008333333333333304,0.005555555555555598,0.0013888888888889048,both_fail
1,2400,2008,benign_assessed,clarify,edge__benign_assessed__clarify,43,42,0.5652777777777778,0.5986111111111111,-0.0333333333333333,0.0805555555555556,0.0597222222222222,0.0208333333333333,0.0833333333333333,0.075,0.0083333333333333,True,True,True,True,False,False,True,True,False,False,0.0013888888888888,0.0013888888888888,False,False,False,True,False,0.5819444444444444,0.0701388888888889,0.07916666666666665,0.033333333333333326,0.020833333333333405,0.008333333333333304,both_fail
1,2400,2009,benign_assessed,clarify,edge__benign_assessed__clarify,43,42,0.5819444444444444,0.6124999999999999,-0.0305555555555555,0.0625,0.0388888888888889,0.023611111111111,0.0652777777777777,0.0680555555555555,-0.0027777777777777,True,True,True,True,False,False,True,True,False,False,0.0027777777777777,0.0013888888888888,False,False,False,True,False,0.5972222222222221,0.05069444444444445,0.0666666666666666,0.030555555555555558,0.023611111111111097,0.0027777777777777957,both_fail
1,2400,2010,benign_assessed,clarify,edge__benign_assessed__clarify,44,43,0.5833333333333333,0.6069444444444444,-0.0236111111111111,0.0652777777777778,0.0361111111111112,0.0291666666666666,0.0652777777777777,0.0722222222222222,-0.0069444444444444,True,True,True,True,False,False,True,True,False,False,0.0,0.0027777777777777,False,False,False,True,False,0.5951388888888889,0.0506944444444445,0.06874999999999995,0.023611111111111138,0.029166666666666598,0.006944444444444503,both_fail
1,2400,2011,benign_assessed,clarify,edge__benign_assessed__clarify,44,43,0.4125,0.4305555555555555,-0.0180555555555554,0.0972222222222221,0.0638888888888888,0.0333333333333332,0.0916666666666666,0.0763888888888889,0.0152777777777777,True,True,True,True,False,False,True,True,False,False,0.0041666666666666,0.0013888888888888,False,False,False,True,False,0.4215277777777777,0.08055555555555545,0.08402777777777776,0.018055555555555547,0.0333333333333333,0.01527777777777771,both_fail
1,2400,2012,benign_assessed,clarify,edge__benign_assessed__clarify,43,42,0.4277777777777777,0.4097222222222222,0.0180555555555555,0.075,0.0722222222222221,0.0027777777777778,0.0861111111111111,0.0722222222222222,0.0138888888888888,True,True,True,True,False,False,True,True,False,False,0.0055555555555555,0.0013888888888888,False,False,False,True,False,0.41874999999999996,0.07361111111111104,0.07916666666666665,0.01805555555555549,0.002777777777777893,0.013888888888888895,both_fail
1,2400,2013,benign_assessed,clarify,edge__benign_assessed__clarify,44,43,0.5833333333333333,0.6069444444444444,-0.0236111111111111,0.0652777777777778,0.0361111111111112,0.0291666666666666,0.0652777777777777,0.0722222222222222,-0.0069444444444444,True,True,True,True,False,False,True,True,False,False,0.0,0.0027777777777777,False,False,False,True,False,0.5951388888888889,0.0506944444444445,0.06874999999999995,0.023611111111111138,0.029166666666666598,0.006944444444444503,both_fail
1,2400,2014,benign_assessed,clarify,edge__benign_assessed__clarify,44,43,0.5666666666666667,0.5888888888888889,-0.0222222222222222,0.0597222222222222,0.0444444444444444,0.0152777777777778,0.0888888888888888,0.0902777777777777,-0.0013888888888888,True,True,True,True,False,False,True,True,False,False,0.0013888888888888,0.0027777777777777,False,False,False,True,False,0.5777777777777777,0.0520833333333333,0.08958333333333325,0.022222222222222254,0.0152777777777778,0.0013888888888889117,both_fail
1,2400,2015,benign_assessed,clarify,edge__benign_assessed__clarify,43,42,0.5666666666666667,0.5875,-0.0208333333333333,0.0597222222222222,0.0402777777777777,0.0194444444444444,0.0888888888888888,0.0888888888888888,1.3877787807814457e-17,True,True,True,True,False,False,True,True,False,False,0.0013888888888888,0.0027777777777777,False,False,False,True,False,0.5770833333333334,0.04999999999999995,0.0888888888888888,0.02083333333333337,0.0194444444444445,0.0,both_fail
2,600,2000,benign_assessed,clarify,edge__benign_assessed__clarify,42,41,0.4180555555555555,0.4236111111111111,-0.0055555555555555,0.0444444444444444,0.0375,0.0069444444444444,0.1055555555555555,0.1013888888888888,0.0041666666666666,True,True,True,True,False,False,True,True,False,False,0.0027777777777777,0.0027777777777777,False,False,False,True,False,0.4208333333333333,0.0409722222222222,0.10347222222222216,0.005555555555555591,0.006944444444444399,0.0041666666666666935,both_fail
2,600,2001,benign_assessed,clarify,edge__benign_assessed__clarify,43,42,0.3791666666666666,0.3833333333333333,-0.0041666666666667,0.0722222222222222,0.0694444444444444,0.0027777777777778,0.1027777777777777,0.0972222222222222,0.0055555555555555,True,True,True,True,False,False,True,True,False,False,0.0,0.0,False,False,False,True,False,0.38125,0.0708333333333333,0.09999999999999995,0.004166666666666707,0.0027777777777777957,0.005555555555555508,both_fail
2,600,2002,benign_assessed,clarify,edge__benign_assessed__clarify,42,41,0.3791666666666666,0.3833333333333333,-0.0041666666666667,0.0722222222222222,0.0680555555555555,0.0041666666666667,0.1027777777777777,0.0972222222222222,0.0055555555555555,True,True,True,True,False,False,True,True,False,False,0.0,0.0,False,False,False,True,False,0.38125,0.07013888888888885,0.09999999999999995,0.004166666666666707,0.004166666666666707,0.005555555555555508,both_fail
2,600,2003,benign_assessed,clarify,edge__benign_assessed__clarify,44,43,0.375,0.3847222222222222,-0.0097222222222222,0.0722222222222222,0.0680555555555555,0.0041666666666667,0.1083333333333333,0.1027777777777777,0.0055555555555555,True,True,True,True,False,False,True,True,False,False,0.0,0.0,False,False,False,True,False,0.3798611111111111,0.07013888888888885,0.1055555555555555,0.009722222222222188,0.004166666666666707,0.005555555555555591,both_fail
2,600,2004,benign_assessed,clarify,edge__benign_assessed__clarify,43,42,0.3555555555555555,0.3583333333333333,-0.0027777777777777,0.0847222222222222,0.0736111111111111,0.011111111111111,0.0805555555555555,0.0861111111111111,-0.0055555555555555,True,True,True,True,False,False,True,True,False,False,0.0,0.0,False,False,False,True,False,0.3569444444444444,0.07916666666666665,0.0833333333333333,0.002777777777777768,0.0111111111111111,0.005555555555555591,both_fail
2,600,2005,benign_assessed,clarify,edge__benign_assessed__clarify,42,41,0.4347222222222222,0.4513888888888889,-0.0166666666666666,0.0722222222222221,0.0458333333333333,0.0263888888888888,0.1388888888888889,0.1263888888888889,0.0124999999999999,True,True,True,True,False,False,True,True,False,False,0.0013888888888888,0.0027777777777777,False,False,False,True,False,0.44305555555555554,0.05902777777777771,0.13263888888888892,0.01666666666666672,0.026388888888888802,0.012499999999999983,both_fail
2,600,2006,benign_assessed,clarify,edge__benign_assessed__clarify,43,42,0.3402777777777778,0.3319444444444444,0.0083333333333333,0.0444444444444444,0.0680555555555555,-0.0236111111111111,0.1222222222222222,0.125,-0.0027777777777777,True,True,True,True,False,False,True,True,False,False,0.0027777777777777,0.0013888888888888,False,False,False,True,False,0.3361111111111111,0.056249999999999946,0.1236111111111111,0.008333333333333415,0.023611111111111097,0.0027777777777777957,both_fail
2,600,2007,benign_assessed,clarify,edge__benign_assessed__clarify,43,42,0.3180555555555555,0.3138888888888889,0.0041666666666666,0.0666666666666667,0.0777777777777777,-0.011111111111111,0.15,0.1472222222222222,0.0027777777777777,True,True,True,True,False,False,True,True,False,False,0.0027777777777777,0.0013888888888888,False,False,False,True,False,0.3159722222222222,0.07222222222222219,0.14861111111111108,0.004166666666666596,0.011111111111111002,0.0027777777777777957,both_fail
2,600,2008,benign_assessed,clarify,edge__benign_assessed__clarify,43,42,0.4,0.3972222222222222,0.0027777777777778,0.0749999999999999,0.0708333333333333,0.0041666666666665,0.0902777777777777,0.0888888888888888,0.0013888888888888,True,True,True,True,False,False,True,True,False,False,0.0,0.0,False,False,False,True,False,0.39861111111111114,0.0729166666666666,0.08958333333333325,0.0027777777777778234,0.004166666666666596,0.0013888888888889117,both_fail
2,600,2009,benign_assessed,clarify,edge__benign_assessed__clarify,43,42,0.3791666666666666,0.3833333333333333,-0.0041666666666667,0.0694444444444444,0.0708333333333333,-0.0013888888888888,0.1027777777777777,0.0972222222222222,0.0055555555555555,True,True,True,True,False,False,True,True,False,False,0.0,0.0,False,False,False,True,False,0.38125,0.07013888888888886,0.09999999999999995,0.004166666666666707,0.0013888888888888978,0.005555555555555508,both_fail
2,600,2010,benign_assessed,clarify,edge__benign_assessed__clarify,44,43,0.3791666666666666,0.3833333333333333,-0.0041666666666667,0.0694444444444444,0.0708333333333333,-0.0013888888888888,0.1027777777777777,0.0972222222222222,0.0055555555555555,True,True,True,True,False,False,True,True,False,False,0.0,0.0,False,False,False,True,False,0.38125,0.07013888888888886,0.09999999999999995,0.004166666666666707,0.0013888888888888978,0.005555555555555508,both_fail
2,600,2011,benign_assessed,clarify,edge__benign_assessed__clarify,44,43,0.4416666666666666,0.4527777777777778,-0.0111111111111111,0.073611111111111,0.0694444444444444,0.0041666666666665,0.1402777777777777,0.1236111111111111,0.0166666666666666,True,True,True,True,False,False,True,True,False,False,0.0027777777777777,0.0027777777777777,False,False,False,True,False,0.4472222222222222,0.0715277777777777,0.1319444444444444,0.011111111111111183,0.004166666666666596,0.016666666666666594,both_fail
2,600,2012,benign_assessed,clarify,edge__benign_assessed__clarify,43,42,0.4486111111111111,0.4736111111111111,-0.0249999999999999,0.0833333333333333,0.0652777777777777,0.0180555555555555,0.1333333333333333,0.1291666666666666,0.0041666666666666,True,True,True,True,False,False,True,True,False,False,0.0027777777777777,0.0013888888888888,False,False,False,True,False,0.46111111111111114,0.0743055555555555,0.13124999999999995,0.024999999999999967,0.018055555555555602,0.004166666666666707,both_fail
2,600,2013,benign_assessed,clarify,edge__benign_assessed__clarify,44,43,0.3791666666666666,0.3833333333333333,-0.0041666666666667,0.0694444444444444,0.0708333333333333,-0.0013888888888888,0.1027777777777777,0.0972222222222222,0.0055555555555555,True,True,True,True,False,False,True,True,False,False,0.0,0.0,False,False,False,True,False,0.38125,0.07013888888888886,0.09999999999999995,0.004166666666666707,0.0013888888888888978,0.005555555555555508,both_fail
2,600,2014,benign_assessed,clarify,edge__benign_assessed__clarify,44,43,0.3805555555555555,0.3833333333333333,-0.0027777777777778,0.0722222222222222,0.0694444444444444,0.0027777777777778,0.1027777777777777,0.0972222222222222,0.0055555555555555,True,True,True,True,False,False,True,True,False,False,0.0,0.0,False,False,False,True,False,0.3819444444444444,0.0708333333333333,0.09999999999999995,0.0027777777777778234,0.0027777777777777957,0.005555555555555508,both_fail
2,600,2015,benign_assessed,clarify,edge__benign_assessed__clarify,43,42,0.3791666666666666,0.3833333333333333,-0.0041666666666667,0.0722222222222222,0.0694444444444444,0.0027777777777778,0.1027777777777777,0.0972222222222222,0.0055555555555555,True,True,True,True,False,False,True,True,False,False,0.0,0.0,False,False,False,True,False,0.38125,0.0708333333333333,0.09999999999999995,0.004166666666666707,0.0027777777777777957,0.005555555555555508,both_fail
2,1200,2000,benign_assessed,clarify,edge__benign_assessed__clarify,42,41,0.3791666666666666,0.3791666666666666,0.0,0.0986111111111111,0.1124999999999999,-0.0138888888888888,0.1444444444444444,0.1375,0.0069444444444444,True,True,True,True,False,False,True,True,False,False,0.0027777777777777,0.0027777777777777,False,False,False,True,False,0.3791666666666666,0.1055555555555555,0.14097222222222222,0.0,0.013888888888888812,0.006944444444444392,both_fail
2,1200,2001,benign_assessed,clarify,edge__benign_assessed__clarify,43,42,0.3736111111111111,0.3861111111111111,-0.0125,0.0791666666666666,0.0611111111111111,0.0180555555555555,0.1111111111111111,0.1041666666666666,0.0069444444444444,True,True,True,True,False,False,True,True,False,False,0.0013888888888888,0.0013888888888888,False,False,False,True,False,0.3798611111111111,0.07013888888888885,0.10763888888888885,0.012500000000000011,0.01805555555555549,0.006944444444444503,both_fail
2,1200,2002,benign_assessed,clarify,edge__benign_assessed__clarify,42,41,0.3736111111111111,0.3861111111111111,-0.0125,0.0791666666666666,0.0611111111111111,0.0180555555555555,0.1111111111111111,0.1041666666666666,0.0069444444444444,True,True,True,True,False,False,True,True,False,False,0.0013888888888888,0.0013888888888888,False,False,False,True,False,0.3798611111111111,0.07013888888888885,0.10763888888888885,0.012500000000000011,0.01805555555555549,0.006944444444444503,both_fail
2,1200,2003,benign_assessed,clarify,edge__benign_assessed__clarify,44,43,0.3722222222222222,0.3888888888888889,-0.0166666666666666,0.0791666666666666,0.0652777777777778,0.0138888888888888,0.1194444444444444,0.1152777777777777,0.0041666666666666,True,True,True,True,False,False,True,True,False,False,0.0013888888888888,0.0013888888888888,False,False,False,True,False,0.38055555555555554,0.07222222222222219,0.11736111111111105,0.01666666666666672,0.013888888888888798,0.0041666666666666935,both_fail
2,1200,2004,benign_assessed,clarify,edge__benign_assessed__clarify,43,42,0.3263888888888889,0.3319444444444444,-0.0055555555555555,0.1194444444444444,0.1055555555555555,0.0138888888888888,0.0902777777777777,0.0888888888888888,0.0013888888888888,True,True,True,True,False,False,True,True,False,False,0.0013888888888888,0.0013888888888888,False,False,False,True,False,0.3291666666666666,0.11249999999999995,0.08958333333333325,0.00555555555555548,0.013888888888888895,0.0013888888888889117,both_fail
2,1200,2005,benign_assessed,clarify,edge__benign_assessed__clarify,42,41,0.4472222222222222,0.4583333333333333,-0.0111111111111111,0.0541666666666666,0.0569444444444444,-0.0027777777777777,0.1541666666666666,0.1458333333333333,0.0083333333333333,True,True,True,True,False,False,True,True,False,False,0.0013888888888888,0.0027777777777777,False,False,False,True,False,0.4527777777777777,0.0555555555555555,0.14999999999999994,0.011111111111111127,0.0027777777777778026,0.008333333333333304,both_fail
2,1200,2006,benign_assessed,clarify,edge__benign_assessed__clarify,43,42,0.3111111111111111,0.3138888888888889,-0.0027777777777777,0.0833333333333333,0.1041666666666666,-0.0208333333333333,0.1486111111111111,0.1430555555555555,0.0055555555555555,True,True,True,True,False,False,True,True,False,False,0.0027777777777777,0.0027777777777777,False,False,False,True,False,0.3125,0.09374999999999994,0.14583333333333331,0.002777777777777768,0.0208333333333333,0.005555555555555619,both_fail
2,1200,2007,benign_assessed,clarify,edge__benign_assessed__clarify,43,42,0.3125,0.3111111111111111,0.0013888888888888,0.0958333333333333,0.1166666666666666,-0.0208333333333333,0.1611111111111111,0.1541666666666666,0.0069444444444444,True,True,True,True,False,False,True,True,False,False,0.0013888888888888,0.0013888888888888,False,False,False,True,False,0.31180555555555556,0.10624999999999996,0.15763888888888883,0.001388888888888884,0.0208333333333333,0.006944444444444503,both_fail
2,1200,2008,benign_assessed,clarify,edge__benign_assessed__clarify,43,42,0.3819444444444444,0.3874999999999999,-0.0055555555555555,0.0944444444444444,0.0902777777777777,0.0041666666666666,0.0916666666666666,0.0972222222222222,-0.0055555555555555,True,True,True,True,False,False,True,True,False,False,0.0013888888888888,0.0013888888888888,False,False,False,True,False,0.3847222222222222,0.09236111111111106,0.0944444444444444,0.00555555555555548,0.0041666666666666935,0.005555555555555591,both_fail
2,1200,2009,benign_assessed,clarify,edge__benign_assessed__clarify,43,42,0.3763888888888889,0.3902777777777778,-0.0138888888888888,0.0763888888888889,0.0625,0.0138888888888888,0.1138888888888889,0.1069444444444444,0.0069444444444444,True,True,True,True,False,False,True,True,False,False,0.0013888888888888,0.0013888888888888,False,False,False,True,False,0.3833333333333333,0.06944444444444445,0.11041666666666665,0.013888888888888895,0.013888888888888895,0.006944444444444503,both_fail
2,1200,2010,benign_assessed,clarify,edge__benign_assessed__clarify,44,43,0.375,0.3875,-0.0125,0.0777777777777777,0.0583333333333332,0.0194444444444444,0.1097222222222222,0.1027777777777777,0.0069444444444444,True,True,True,True,False,False,True,True,False,False,0.0013888888888888,0.0013888888888888,False,False,False,True,False,0.38125,0.06805555555555545,0.10624999999999996,0.012500000000000011,0.019444444444444493,0.006944444444444489,both_fail
2,1200,2011,benign_assessed,clarify,edge__benign_assessed__clarify,44,43,0.4569444444444444,0.4652777777777777,-0.0083333333333333,0.0611111111111111,0.0597222222222222,0.0013888888888888,0.1430555555555555,0.1430555555555555,-2.775557561562892e-17,True,True,True,True,False,False,True,True,False,False,0.0013888888888888,0.0027777777777777,False,False,False,True,False,0.461111111111111,0.060416666666666646,0.1430555555555555,0.008333333333333304,0.0013888888888889048,0.0,both_fail
2,1200,2012,benign_assessed,clarify,edge__benign_assessed__clarify,43,42,0.4527777777777778,0.4680555555555555,-0.0152777777777777,0.0763888888888889,0.0791666666666667,-0.0027777777777778,0.1541666666666666,0.1611111111111111,-0.0069444444444444,True,True,True,True,False,False,True,True,False,False,0.0041666666666666,0.0027777777777777,False,False,False,True,False,0.46041666666666664,0.0777777777777778,0.15763888888888883,0.015277777777777724,0.0027777777777778095,0.006944444444444503,both_fail
2,1200,2013,benign_assessed,clarify,edge__benign_assessed__clarify,44,43,0.375,0.3875,-0.0125,0.0777777777777777,0.0583333333333332,0.0194444444444444,0.1097222222222222,0.1027777777777777,0.0069444444444444,True,True,True,True,False,False,True,True,False,False,0.0013888888888888,0.0013888888888888,False,False,False,True,False,0.38125,0.06805555555555545,0.10624999999999996,0.012500000000000011,0.019444444444444493,0.006944444444444489,both_fail
2,1200,2014,benign_assessed,clarify,edge__benign_assessed__clarify,44,43,0.3736111111111111,0.3861111111111111,-0.0125,0.0791666666666666,0.0611111111111111,0.0180555555555555,0.1111111111111111,0.1041666666666666,0.0069444444444444,True,True,True,True,False,False,True,True,False,False,0.0013888888888888,0.0013888888888888,False,False,False,True,False,0.3798611111111111,0.07013888888888885,0.10763888888888885,0.012500000000000011,0.01805555555555549,0.006944444444444503,both_fail
2,1200,2015,benign_assessed,clarify,edge__benign_assessed__clarify,43,42,0.3736111111111111,0.3861111111111111,-0.0125,0.0791666666666666,0.0611111111111111,0.0180555555555555,0.1111111111111111,0.1041666666666666,0.0069444444444444,True,True,True,True,False,False,True,True,False,False,0.0013888888888888,0.0013888888888888,False,False,False,True,False,0.3798611111111111,0.07013888888888885,0.10763888888888885,0.012500000000000011,0.01805555555555549,0.006944444444444503,both_fail
2,2400,2000,benign_assessed,clarify,edge__benign_assessed__clarify,42,41,0.3944444444444445,0.4097222222222222,-0.0152777777777777,0.0847222222222221,0.0833333333333333,0.0013888888888888,0.1361111111111111,0.1305555555555555,0.0055555555555555,True,True,True,True,False,False,True,True,False,False,0.0041666666666666,0.0027777777777777,False,False,False,True,False,0.40208333333333335,0.0840277777777777,0.1333333333333333,0.015277777777777724,0.0013888888888888007,0.005555555555555591,both_fail
2,2400,2001,benign_assessed,clarify,edge__benign_assessed__clarify,43,42,0.3708333333333333,0.375,-0.0041666666666666,0.0902777777777777,0.0861111111111111,0.0041666666666666,0.1180555555555555,0.1152777777777777,0.0027777777777777,True,True,True,True,False,False,True,True,False,False,0.0013888888888888,0.0013888888888888,False,False,False,True,False,0.3729166666666667,0.08819444444444441,0.1166666666666666,0.004166666666666707,0.00416666666666661,0.0027777777777777957,both_fail
2,2400,2002,benign_assessed,clarify,edge__benign_assessed__clarify,42,41,0.3708333333333333,0.375,-0.0041666666666666,0.0847222222222222,0.0833333333333333,0.0013888888888888,0.1180555555555555,0.1152777777777777,0.0027777777777777,True,True,True,True,False,False,True,True,False,False,0.0013888888888888,0.0013888888888888,False,False,False,True,False,0.3729166666666667,0.08402777777777776,0.1166666666666666,0.004166666666666707,0.0013888888888888978,0.0027777777777777957,both_fail
2,2400,2003,benign_assessed,clarify,edge__benign_assessed__clarify,44,43,0.386111111111111,0.3930555555555555,-0.0069444444444444,0.0763888888888889,0.0763888888888889,5.551115123125783e-17,0.1152777777777777,0.1152777777777777,0.0,True,True,True,True,False,False,True,True,False,False,0.0013888888888888,0.0013888888888888,False,False,False,True,False,0.3895833333333333,0.0763888888888889,0.1152777777777777,0.006944444444444475,0.0,0.0,both_fail
2,2400,2004,benign_assessed,clarify,edge__benign_assessed__clarify,43,42,0.3513888888888888,0.3736111111111111,-0.0222222222222222,0.1,0.0763888888888889,0.0236111111111111,0.0972222222222222,0.0902777777777777,0.0069444444444444,True,True,True,True,False,False,True,True,False,False,0.0,0.0013888888888888,False,False,False,True,False,0.36249999999999993,0.08819444444444445,0.09374999999999994,0.02222222222222231,0.02361111111111111,0.006944444444444489,both_fail
2,2400,2005,benign_assessed,clarify,edge__benign_assessed__clarify,42,41,0.4125,0.4402777777777777,-0.0277777777777777,0.0972222222222222,0.0722222222222221,0.025,0.1555555555555555,0.1388888888888889,0.0166666666666666,True,True,True,True,False,False,True,True,False,False,0.0013888888888888,0.0027777777777777,False,False,False,True,False,0.4263888888888888,0.08472222222222214,0.1472222222222222,0.027777777777777735,0.02500000000000009,0.016666666666666607,both_fail
2,2400,2006,benign_assessed,clarify,edge__benign_assessed__clarify,43,42,0.3152777777777777,0.3166666666666666,-0.0013888888888888,0.1013888888888889,0.1166666666666667,-0.0152777777777777,0.1611111111111111,0.1569444444444444,0.0041666666666666,True,True,True,True,False,False,True,True,False,False,0.0013888888888888,0.0013888888888888,False,False,False,True,False,0.31597222222222215,0.1090277777777778,0.15902777777777774,0.001388888888888884,0.015277777777777793,0.004166666666666707,both_fail
2,2400,2007,benign_assessed,clarify,edge__benign_assessed__clarify,43,42,0.3097222222222222,0.3166666666666666,-0.0069444444444444,0.0999999999999999,0.1027777777777778,-0.0027777777777778,0.175,0.1597222222222222,0.0152777777777777,True,True,True,True,False,False,True,True,False,False,0.0013888888888888,0.0013888888888888,False,False,False,True,False,0.3131944444444444,0.10138888888888885,0.1673611111111111,0.00694444444444442,0.0027777777777779067,0.015277777777777779,both_fail
2,2400,2008,benign_assessed,clarify,edge__benign_assessed__clarify,43,42,0.3833333333333333,0.375,0.0083333333333333,0.0986111111111111,0.1097222222222222,-0.011111111111111,0.1069444444444444,0.1138888888888889,-0.0069444444444444,True,True,True,True,False,False,True,True,False,False,0.0,0.0013888888888888,False,False,False,True,False,0.37916666666666665,0.10416666666666664,0.11041666666666665,0.008333333333333304,0.0111111111111111,0.006944444444444503,both_fail
2,2400,2009,benign_assessed,clarify,edge__benign_assessed__clarify,43,42,0.3861111111111111,0.3902777777777778,-0.0041666666666666,0.0694444444444444,0.0736111111111111,-0.0041666666666667,0.1125,0.1097222222222222,0.0027777777777777,True,True,True,True,False,False,True,True,False,False,0.0013888888888888,0.0013888888888888,False,False,False,True,False,0.38819444444444445,0.07152777777777775,0.1111111111111111,0.004166666666666652,0.0041666666666666935,0.0027777777777778095,both_fail
2,2400,2010,benign_assessed,clarify,edge__benign_assessed__clarify,44,43,0.3722222222222222,0.3763888888888889,-0.0041666666666666,0.0847222222222222,0.0819444444444444,0.0027777777777777,0.1166666666666666,0.1138888888888889,0.0027777777777777,True,True,True,True,False,False,True,True,False,False,0.0013888888888888,0.0013888888888888,False,False,False,True,False,0.37430555555555556,0.0833333333333333,0.11527777777777776,0.004166666666666707,0.0027777777777777957,0.0027777777777776985,both_fail
2,2400,2011,benign_assessed,clarify,edge__benign_assessed__clarify,44,43,0.4277777777777777,0.4527777777777778,-0.025,0.0777777777777777,0.0680555555555555,0.0097222222222221,0.1458333333333333,0.1347222222222222,0.0111111111111111,True,True,True,True,False,False,True,True,False,False,0.0027777777777777,0.0027777777777777,False,False,False,True,False,0.44027777777777777,0.0729166666666666,0.14027777777777772,0.025000000000000078,0.009722222222222202,0.0111111111111111,both_fail
2,2400,2012,benign_assessed,clarify,edge__benign_assessed__clarify,43,42,0.45,0.4763888888888888,-0.0263888888888888,0.0736111111111111,0.0722222222222223,0.0013888888888888,0.1430555555555555,0.1444444444444444,-0.0013888888888888,True,True,True,True,False,False,True,True,False,False,0.0027777777777777,0.0027777777777777,False,False,False,True,False,0.4631944444444444,0.0729166666666667,0.14374999999999993,0.026388888888888795,0.0013888888888888007,0.0013888888888889117,both_fail
2,2400,2013,benign_assessed,clarify,edge__benign_assessed__clarify,44,43,0.3722222222222222,0.3763888888888889,-0.0041666666666666,0.0847222222222222,0.0819444444444444,0.0027777777777777,0.1166666666666666,0.1138888888888889,0.0027777777777777,True,True,True,True,False,False,True,True,False,False,0.0013888888888888,0.0013888888888888,False,False,False,True,False,0.37430555555555556,0.0833333333333333,0.11527777777777776,0.004166666666666707,0.0027777777777777957,0.0027777777777776985,both_fail
2,2400,2014,benign_assessed,clarify,edge__benign_assessed__clarify,44,43,0.3708333333333333,0.375,-0.0041666666666666,0.0902777777777777,0.0861111111111111,0.0041666666666666,0.1180555555555555,0.1152777777777777,0.0027777777777777,True,True,True,True,False,False,True,True,False,False,0.0013888888888888,0.0013888888888888,False,False,False,True,False,0.3729166666666667,0.08819444444444441,0.1166666666666666,0.004166666666666707,0.00416666666666661,0.0027777777777777957,both_fail
2,2400,2015,benign_assessed,clarify,edge__benign_assessed__clarify,43,42,0.3708333333333333,0.375,-0.0041666666666666,0.0902777777777777,0.0861111111111111,0.0041666666666666,0.1180555555555555,0.1152777777777777,0.0027777777777777,True,True,True,True,False,False,True,True,False,False,0.0013888888888888,0.0013888888888888,False,False,False,True,False,0.3729166666666667,0.08819444444444441,0.1166666666666666,0.004166666666666707,0.00416666666666661,0.0027777777777777957,both_fail
3,600,2000,benign_assessed,clarify,edge__benign_assessed__clarify,42,41,0.3013888888888889,0.2972222222222222,0.0041666666666666,-0.0125,0.0055555555555555,-0.0180555555555555,0.0986111111111111,0.0972222222222222,0.0013888888888888,True,True,True,True,False,False,True,True,False,False,0.0,0.0,False,False,False,True,False,0.29930555555555555,-0.0034722222222222502,0.09791666666666665,0.004166666666666652,0.018055555555555502,0.0013888888888888978,both_fail
3,600,2001,benign_assessed,clarify,edge__benign_assessed__clarify,43,42,0.2611111111111111,0.2722222222222222,-0.011111111111111,0.0374999999999999,0.0236111111111111,0.0138888888888888,0.0791666666666666,0.0847222222222222,-0.0055555555555555,True,True,True,True,False,False,True,True,False,False,0.0,0.0,False,False,False,True,False,0.26666666666666666,0.030555555555555503,0.0819444444444444,0.011111111111111072,0.013888888888888801,0.005555555555555605,both_fail
3,600,2002,benign_assessed,clarify,edge__benign_assessed__clarify,42,41,0.2611111111111111,0.2722222222222222,-0.011111111111111,0.0374999999999999,0.0236111111111111,0.0138888888888888,0.0791666666666666,0.0847222222222222,-0.0055555555555555,True,True,True,True,False,False,True,True,False,False,0.0,0.0,False,False,False,True,False,0.26666666666666666,0.030555555555555503,0.0819444444444444,0.011111111111111072,0.013888888888888801,0.005555555555555605,both_fail
3,600,2003,benign_assessed,clarify,edge__benign_assessed__clarify,44,43,0.2625,0.2722222222222222,-0.0097222222222221,0.0277777777777777,0.0236111111111111,0.0041666666666665,0.0736111111111111,0.0791666666666666,-0.0055555555555555,True,True,True,True,False,False,True,True,False,False,0.0,0.0,False,False,False,True,False,0.2673611111111111,0.0256944444444444,0.07638888888888884,0.009722222222222188,0.0041666666666666,0.005555555555555494,both_fail
3,600,2004,benign_assessed,clarify,edge__benign_assessed__clarify,43,42,0.225,0.2277777777777777,-0.0027777777777777,0.0291666666666666,0.0402777777777777,-0.0111111111111111,0.0875,0.075,0.0124999999999999,True,True,True,True,False,False,True,True,False,False,0.0,0.0,False,False,False,True,False,0.22638888888888886,0.03472222222222215,0.08124999999999999,0.0027777777777776846,0.011111111111111096,0.012499999999999997,both_fail
3,600,2005,benign_assessed,clarify,edge__benign_assessed__clarify,42,41,0.2625,0.2638888888888889,-0.0013888888888888,0.0249999999999999,0.0319444444444444,-0.0069444444444444,0.0888888888888888,0.0875,0.0013888888888888,True,True,True,True,False,False,True,True,False,False,0.0,0.0,False,False,False,True,False,0.26319444444444445,0.02847222222222215,0.0881944444444444,0.001388888888888884,0.0069444444444445,0.0013888888888888007,both_fail
3,600,2006,benign_assessed,clarify,edge__benign_assessed__clarify,43,42,0.0763888888888889,0.0805555555555555,-0.0041666666666666,-0.0166666666666666,-0.0152777777777777,-0.0013888888888888,0.2194444444444444,0.2208333333333333,-0.0013888888888888,True,True,True,True,False,False,True,True,False,False,0.0083333333333333,0.0041666666666666,False,False,False,True,False,0.0784722222222222,-0.01597222222222215,0.22013888888888883,0.00416666666666661,0.0013888888888889013,0.0013888888888889117,both_fail
3,600,2007,benign_assessed,clarify,edge__benign_assessed__clarify,43,42,0.3111111111111111,0.3069444444444444,0.0041666666666666,0.0291666666666666,0.0319444444444444,-0.0027777777777777,0.1027777777777777,0.1111111111111111,-0.0083333333333333,True,True,True,True,False,False,True,True,False,False,0.0,0.0,False,False,False,True,False,0.3090277777777778,0.030555555555555503,0.1069444444444444,0.004166666666666707,0.002777777777777799,0.008333333333333401,both_fail
3,600,2008,benign_assessed,clarify,edge__benign_assessed__clarify,43,42,0.2930555555555555,0.2930555555555555,0.0,0.0027777777777777,0.0041666666666666,-0.0013888888888888,0.0833333333333333,0.0763888888888889,0.0069444444444444,True,True,True,True,False,False,True,True,False,False,0.0,0.0,False,False,False,True,False,0.2930555555555555,0.00347222222222215,0.0798611111111111,0.0,0.0013888888888889,0.006944444444444406,both_fail
3,600,2009,benign_assessed,clarify,edge__benign_assessed__clarify,43,42,0.2625,0.2722222222222222,-0.0097222222222221,0.036111111111111,0.0236111111111111,0.0124999999999999,0.0736111111111111,0.0791666666666666,-0.0055555555555555,True,True,True,True,False,False,True,True,False,False,0.0,0.0,False,False,False,True,False,0.2673611111111111,0.029861111111111047,0.07638888888888884,0.009722222222222188,0.012499999999999897,0.005555555555555494,both_fail
3,600,2010,benign_assessed,clarify,edge__benign_assessed__clarify,44,43,0.2625,0.2722222222222222,-0.0097222222222221,0.036111111111111,0.0236111111111111,0.0124999999999999,0.0736111111111111,0.0791666666666666,-0.0055555555555555,True,True,True,True,False,False,True,True,False,False,0.0,0.0,False,False,False,True,False,0.2673611111111111,0.029861111111111047,0.07638888888888884,0.009722222222222188,0.012499999999999897,0.005555555555555494,both_fail
3,600,2011,benign_assessed,clarify,edge__benign_assessed__clarify,44,43,0.275,0.275,0.0,0.0222222222222222,0.0180555555555555,0.0041666666666666,0.0930555555555555,0.0916666666666666,0.0013888888888888,True,True,True,True,False,False,True,True,False,False,0.0,0.0,False,False,False,True,False,0.275,0.02013888888888885,0.09236111111111106,0.0,0.0041666666666667004,0.0013888888888888978,both_fail
3,600,2012,benign_assessed,clarify,edge__benign_assessed__clarify,43,42,0.2388888888888889,0.2652777777777778,-0.0263888888888888,0.0499999999999999,0.0430555555555555,0.0069444444444443,0.1069444444444444,0.0833333333333333,0.0236111111111111,True,True,True,True,False,False,True,True,False,False,0.0,0.0,False,False,False,True,False,0.2520833333333333,0.046527777777777696,0.09513888888888886,0.02638888888888888,0.006944444444444399,0.023611111111111097,both_fail
3,600,2013,benign_assessed,clarify,edge__benign_assessed__clarify,44,43,0.2625,0.2722222222222222,-0.0097222222222221,0.036111111111111,0.0236111111111111,0.0124999999999999,0.0736111111111111,0.0791666666666666,-0.0055555555555555,True,True,True,True,False,False,True,True,False,False,0.0,0.0,False,False,False,True,False,0.2673611111111111,0.029861111111111047,0.07638888888888884,0.009722222222222188,0.012499999999999897,0.005555555555555494,both_fail
3,600,2014,benign_assessed,clarify,edge__benign_assessed__clarify,44,43,0.2611111111111111,0.2722222222222222,-0.011111111111111,0.0374999999999999,0.0236111111111111,0.0138888888888888,0.0791666666666666,0.0847222222222222,-0.0055555555555555,True,True,True,True,False,False,True,True,False,False,0.0,0.0,False,False,False,True,False,0.26666666666666666,0.030555555555555503,0.0819444444444444,0.011111111111111072,0.013888888888888801,0.005555555555555605,both_fail
3,600,2015,benign_assessed,clarify,edge__benign_assessed__clarify,43,42,0.2611111111111111,0.2722222222222222,-0.011111111111111,0.0374999999999999,0.0236111111111111,0.0138888888888888,0.0791666666666666,0.0847222222222222,-0.0055555555555555,True,True,True,True,False,False,True,True,False,False,0.0,0.0,False,False,False,True,False,0.26666666666666666,0.030555555555555503,0.0819444444444444,0.011111111111111072,0.013888888888888801,0.005555555555555605,both_fail
3,1200,2000,benign_assessed,clarify,edge__benign_assessed__clarify,42,41,0.2763888888888889,0.2875,-0.011111111111111,0.0305555555555555,0.0291666666666666,0.0013888888888888,0.1041666666666666,0.0972222222222222,0.0069444444444444,True,True,True,True,False,False,True,True,False,False,0.0,0.0,False,False,False,True,False,0.28194444444444444,0.02986111111111105,0.10069444444444439,0.011111111111111072,0.0013888888888888978,0.006944444444444406,both_fail
3,1200,2001,benign_assessed,clarify,edge__benign_assessed__clarify,43,42,0.2444444444444444,0.2597222222222222,-0.0152777777777778,0.0458333333333333,0.0277777777777777,0.0180555555555556,0.0916666666666666,0.0888888888888888,0.0027777777777777,True,True,True,True,False,False,True,True,False,False,0.0,0.0,False,False,False,True,False,0.2520833333333333,0.0368055555555555,0.0902777777777777,0.015277777777777779,0.018055555555555602,0.0027777777777778095,both_fail
3,1200,2002,benign_assessed,clarify,edge__benign_assessed__clarify,42,41,0.2458333333333333,0.2625,-0.0166666666666666,0.0444444444444444,0.0263888888888888,0.0180555555555556,0.0944444444444444,0.0916666666666666,0.0027777777777777,True,True,True,True,False,False,True,True,False,False,0.0,0.0,False,False,False,True,False,0.25416666666666665,0.035416666666666596,0.0930555555555555,0.01666666666666672,0.0180555555555556,0.0027777777777777957,both_fail
3,1200,2003,benign_assessed,clarify,edge__benign_assessed__clarify,44,43,0.2472222222222222,0.2583333333333333,-0.0111111111111111,0.0361111111111111,0.0347222222222222,0.0013888888888888,0.0916666666666666,0.0902777777777777,0.0013888888888888,True,True,True,True,False,False,True,True,False,False,0.0,0.0,False,False,False,True,False,0.25277777777777777,0.03541666666666665,0.09097222222222215,0.0111111111111111,0.0013888888888888978,0.0013888888888888978,both_fail
3,1200,2004,benign_assessed,clarify,edge__benign_assessed__clarify,43,42,0.2166666666666666,0.2333333333333333,-0.0166666666666666,0.0472222222222222,0.0416666666666666,0.0055555555555555,0.0958333333333333,0.0833333333333333,0.0125,True,True,True,True,False,False,True,True,False,False,0.0,0.0,False,False,False,True,False,0.22499999999999995,0.0444444444444444,0.08958333333333329,0.01666666666666672,0.005555555555555598,0.012499999999999997,both_fail
3,1200,2005,benign_assessed,clarify,edge__benign_assessed__clarify,42,41,0.2361111111111111,0.2388888888888889,-0.0027777777777777,0.0388888888888889,0.0458333333333333,-0.0069444444444443,0.0972222222222222,0.0958333333333333,0.0013888888888888,True,True,True,True,False,False,True,True,False,False,0.0,0.0,False,False,False,True,False,0.2375,0.0423611111111111,0.09652777777777774,0.0027777777777777957,0.006944444444444399,0.0013888888888888978,both_fail
3,1200,2006,benign_assessed,clarify,edge__benign_assessed__clarify,43,42,0.0722222222222222,0.0819444444444444,-0.0097222222222222,-0.0166666666666666,-0.0152777777777777,-0.0013888888888888,0.2458333333333333,0.2472222222222222,-0.0013888888888889,True,True,True,True,False,False,True,True,False,False,0.0069444444444444,0.0027777777777777,False,False,False,True,False,0.07708333333333331,-0.01597222222222215,0.24652777777777773,0.009722222222222202,0.0013888888888889013,0.0013888888888889117,both_fail
3,1200,2007,benign_assessed,clarify,edge__benign_assessed__clarify,43,42,0.3111111111111111,0.3041666666666666,0.0069444444444444,0.0138888888888888,0.0236111111111111,-0.0097222222222222,0.1125,0.1097222222222222,0.0027777777777777,True,True,True,True,False,False,True,True,False,False,0.0,0.0,False,False,False,True,False,0.30763888888888885,0.01874999999999995,0.1111111111111111,0.006944444444444531,0.0097222222222223,0.0027777777777778095,both_fail
3,1200,2008,benign_assessed,clarify,edge__benign_assessed__clarify,43,42,0.2583333333333333,0.2486111111111111,0.0097222222222221,0.0305555555555555,0.0555555555555555,-0.0249999999999999,0.0875,0.0944444444444444,-0.0069444444444444,True,True,True,True,False,False,True,True,False,False,0.0,0.0,False,False,False,True,False,0.2534722222222222,0.0430555555555555,0.0909722222222222,0.009722222222222215,0.024999999999999998,0.006944444444444406,both_fail
3,1200,2009,benign_assessed,clarify,edge__benign_assessed__clarify,43,42,0.2458333333333333,0.2611111111111111,-0.0152777777777778,0.0416666666666666,0.0263888888888888,0.0152777777777778,0.0916666666666666,0.0875,0.0041666666666666,True,True,True,True,False,False,True,True,False,False,0.0,0.0,False,False,False,True,False,0.2534722222222222,0.0340277777777777,0.08958333333333329,0.015277777777777835,0.015277777777777803,0.00416666666666661,both_fail
3,1200,2010,benign_assessed,clarify,edge__benign_assessed__clarify,44,43,0.2458333333333333,0.2611111111111111,-0.0152777777777778,0.0416666666666666,0.0277777777777777,0.0138888888888889,0.0916666666666666,0.0875,0.0041666666666666,True,True,True,True,False,False,True,True,False,False,0.0,0.0,False,False,False,True,False,0.2534722222222222,0.034722222222222154,0.08958333333333329,0.015277777777777835,0.013888888888888902,0.00416666666666661,both_fail
3,1200,2011,benign_assessed,clarify,edge__benign_assessed__clarify,44,43,0.2680555555555555,0.2652777777777778,0.0027777777777777,0.0138888888888888,0.0277777777777777,-0.0138888888888888,0.0958333333333333,0.0958333333333333,0.0,True,True,True,True,False,False,True,True,False,False,0.0,0.0,False,False,False,True,False,0.2666666666666666,0.02083333333333325,0.0958333333333333,0.0027777777777777124,0.0138888888888889,0.0,both_fail
3,1200,2012,benign_assessed,clarify,edge__benign_assessed__clarify,43,42,0.2388888888888888,0.2527777777777777,-0.0138888888888888,0.0472222222222222,0.0472222222222222,0.0,0.1027777777777777,0.0958333333333333,0.0069444444444444,True,True,True,True,False,False,True,True,False,False,0.0,0.0,False,False,False,True,False,0.24583333333333324,0.0472222222222222,0.09930555555555551,0.013888888888888923,0.0,0.006944444444444406,both_fail
3,1200,2013,benign_assessed,clarify,edge__benign_assessed__clarify,44,43,0.2458333333333333,0.2611111111111111,-0.0152777777777778,0.0416666666666666,0.0277777777777777,0.0138888888888889,0.0916666666666666,0.0875,0.0041666666666666,True,True,True,True,False,False,True,True,False,False,0.0,0.0,False,False,False,True,False,0.2534722222222222,0.034722222222222154,0.08958333333333329,0.015277777777777835,0.013888888888888902,0.00416666666666661,both_fail
3,1200,2014,benign_assessed,clarify,edge__benign_assessed__clarify,44,43,0.2444444444444444,0.2597222222222222,-0.0152777777777778,0.0458333333333333,0.0277777777777777,0.0180555555555556,0.0916666666666666,0.0888888888888888,0.0027777777777777,True,True,True,True,False,False,True,True,False,False,0.0,0.0,False,False,False,True,False,0.2520833333333333,0.0368055555555555,0.0902777777777777,0.015277777777777779,0.018055555555555602,0.0027777777777778095,both_fail
3,1200,2015,benign_assessed,clarify,edge__benign_assessed__clarify,43,42,0.2444444444444444,0.2597222222222222,-0.0152777777777778,0.0458333333333333,0.0277777777777777,0.0180555555555556,0.0916666666666666,0.0888888888888888,0.0027777777777777,True,True,True,True,False,False,True,True,False,False,0.0,0.0,False,False,False,True,False,0.2520833333333333,0.0368055555555555,0.0902777777777777,0.015277777777777779,0.018055555555555602,0.0027777777777778095,both_fail
3,2400,2000,benign_assessed,clarify,edge__benign_assessed__clarify,42,41,0.3083333333333333,0.3083333333333333,0.0,0.0097222222222222,0.0291666666666666,-0.0194444444444443,0.1083333333333333,0.1055555555555555,0.0027777777777777,True,True,True,True,False,False,True,True,False,False,0.0,0.0,False,False,False,True,False,0.3083333333333333,0.0194444444444444,0.1069444444444444,0.0,0.019444444444444403,0.0027777777777777957,both_fail
3,2400,2001,benign_assessed,clarify,edge__benign_assessed__clarify,43,42,0.2527777777777777,0.2541666666666666,-0.0013888888888888,0.0499999999999999,0.0513888888888889,-0.0013888888888889,0.0972222222222222,0.0930555555555555,0.0041666666666666,True,True,True,True,False,False,True,True,False,False,0.0,0.0,False,False,False,True,False,0.25347222222222215,0.0506944444444444,0.09513888888888886,0.001388888888888884,0.001388888888889002,0.0041666666666666935,both_fail
3,2400,2002,benign_assessed,clarify,edge__benign_assessed__clarify,42,41,0.2527777777777777,0.2541666666666666,-0.0013888888888888,0.0499999999999999,0.0527777777777778,-0.0027777777777778,0.0986111111111111,0.0930555555555555,0.0055555555555555,True,True,True,True,False,False,True,True,False,False,0.0,0.0,False,False,False,True,False,0.25347222222222215,0.051388888888888845,0.0958333333333333,0.001388888888888884,0.0027777777777778997,0.005555555555555591,both_fail
3,2400,2003,benign_assessed,clarify,edge__benign_assessed__clarify,44,43,0.2569444444444444,0.2569444444444444,0.0,0.0444444444444444,0.0444444444444444,0.0,0.0944444444444444,0.0902777777777777,0.0041666666666666,True,True,True,True,False,False,True,True,False,False,0.0,0.0,False,False,False,True,False,0.2569444444444444,0.0444444444444444,0.09236111111111106,0.0,0.0,0.0041666666666666935,both_fail
3,2400,2004,benign_assessed,clarify,edge__benign_assessed__clarify,43,42,0.2180555555555555,0.2208333333333333,-0.0027777777777777,0.0638888888888888,0.0638888888888888,0.0,0.0958333333333333,0.0819444444444444,0.0138888888888888,True,True,True,True,False,False,True,True,False,False,0.0013888888888888,0.0,False,False,False,True,False,0.2194444444444444,0.0638888888888888,0.08888888888888885,0.0027777777777777957,0.0,0.013888888888888895,both_fail
3,2400,2005,benign_assessed,clarify,edge__benign_assessed__clarify,42,41,0.2625,0.2625,0.0,0.0277777777777777,0.0333333333333333,-0.0055555555555555,0.1,0.0972222222222222,0.0027777777777777,True,True,True,True,False,False,True,True,False,False,0.0,0.0,False,False,False,True,False,0.2625,0.0305555555555555,0.0986111111111111,0.0,0.005555555555555598,0.0027777777777778095,both_fail
3,2400,2006,benign_assessed,clarify,edge__benign_assessed__clarify,43,42,0.0708333333333333,0.0847222222222222,-0.0138888888888888,-0.0152777777777777,-0.0208333333333333,0.0055555555555555,0.2361111111111111,0.2263888888888889,0.0097222222222222,True,True,True,True,False,False,True,True,False,False,0.0041666666666666,0.0055555555555555,False,False,False,True,False,0.07777777777777775,-0.0180555555555555,0.23125,0.013888888888888895,0.005555555555555602,0.009722222222222215,both_fail
3,2400,2007,benign_assessed,clarify,edge__benign_assessed__clarify,43,42,0.2916666666666667,0.2958333333333333,-0.0041666666666666,0.0458333333333333,0.0569444444444444,-0.0111111111111111,0.1305555555555555,0.1291666666666666,0.0013888888888888,True,True,True,True,False,False,True,True,False,False,0.0,0.0,False,False,False,True,False,0.29374999999999996,0.05138888888888885,0.12986111111111104,0.004166666666666596,0.0111111111111111,0.0013888888888889117,both_fail
3,2400,2008,benign_assessed,clarify,edge__benign_assessed__clarify,43,42,0.2513888888888889,0.25,0.0013888888888888,0.0430555555555555,0.0625,-0.0194444444444444,0.1055555555555555,0.1041666666666666,0.0013888888888888,True,True,True,True,False,False,True,True,False,False,0.0,0.0,False,False,False,True,False,0.25069444444444444,0.05277777777777775,0.10486111111111104,0.001388888888888884,0.0194444444444445,0.0013888888888888978,both_fail
3,2400,2009,benign_assessed,clarify,edge__benign_assessed__clarify,43,42,0.2555555555555555,0.2569444444444444,-0.0013888888888888,0.0458333333333333,0.0472222222222222,-0.0013888888888888,0.0916666666666666,0.0875,0.0041666666666666,True,True,True,True,False,False,True,True,False,False,0.0,0.0,False,False,False,True,False,0.25625,0.04652777777777775,0.08958333333333329,0.0013888888888889395,0.0013888888888888978,0.00416666666666661,both_fail
3,2400,2010,benign_assessed,clarify,edge__benign_assessed__clarify,44,43,0.2555555555555555,0.2569444444444444,-0.0013888888888888,0.0458333333333333,0.0486111111111111,-0.0027777777777778,0.0916666666666666,0.0875,0.0041666666666666,True,True,True,True,False,False,True,True,False,False,0.0,0.0,False,False,False,True,False,0.25625,0.0472222222222222,0.08958333333333329,0.0013888888888889395,0.0027777777777777957,0.00416666666666661,both_fail
3,2400,2011,benign_assessed,clarify,edge__benign_assessed__clarify,44,43,0.2722222222222222,0.2652777777777778,0.0069444444444444,0.0291666666666666,0.0374999999999999,-0.0083333333333333,0.1069444444444444,0.1083333333333333,-0.0013888888888888,True,True,True,True,False,False,True,True,False,False,0.0,0.0,False,False,False,True,False,0.26875,0.03333333333333325,0.10763888888888884,0.00694444444444442,0.0083333333333333,0.0013888888888888978,both_fail
3,2400,2012,benign_assessed,clarify,edge__benign_assessed__clarify,43,42,0.2319444444444444,0.2555555555555555,-0.023611111111111,0.0611111111111111,0.0680555555555555,-0.0069444444444444,0.1138888888888888,0.0986111111111111,0.0152777777777777,True,True,True,True,False,False,True,True,False,False,0.0,0.0027777777777777,False,False,False,True,False,0.24374999999999994,0.0645833333333333,0.10624999999999996,0.023611111111111083,0.006944444444444392,0.01527777777777771,both_fail
3,2400,2013,benign_assessed,clarify,edge__benign_assessed__clarify,44,43,0.2555555555555555,0.2569444444444444,-0.0013888888888888,0.0458333333333333,0.0486111111111111,-0.0027777777777778,0.0916666666666666,0.0875,0.0041666666666666,True,True,True,True,False,False,True,True,False,False,0.0,0.0,False,False,False,True,False,0.25625,0.0472222222222222,0.08958333333333329,0.0013888888888889395,0.0027777777777777957,0.00416666666666661,both_fail
3,2400,2014,benign_assessed,clarify,edge__benign_assessed__clarify,44,43,0.2527777777777777,0.2541666666666666,-0.0013888888888888,0.0499999999999999,0.0513888888888889,-0.0013888888888889,0.0972222222222222,0.0930555555555555,0.0041666666666666,True,True,True,True,False,False,True,True,False,False,0.0,0.0,False,False,False,True,False,0.25347222222222215,0.0506944444444444,0.09513888888888886,0.001388888888888884,0.001388888888889002,0.0041666666666666935,both_fail
3,2400,2015,benign_assessed,clarify,edge__benign_assessed__clarify,43,42,0.2527777777777777,0.2541666666666666,-0.0013888888888888,0.0499999999999999,0.0513888888888889,-0.0013888888888889,0.0972222222222222,0.0930555555555555,0.0041666666666666,True,True,True,True,False,False,True,True,False,False,0.0,0.0,False,False,False,True,False,0.25347222222222215,0.0506944444444444,0.09513888888888886,0.001388888888888884,0.001388888888889002,0.0041666666666666935,both_fail
4,600,2000,benign_assessed,clarify,edge__benign_assessed__clarify,42,41,0.2916666666666666,0.2861111111111111,0.0055555555555554,0.2388888888888889,0.3041666666666666,-0.0652777777777777,0.4305555555555555,0.4472222222222222,-0.0166666666666666,True,True,True,True,True,True,True,True,True,True,0.0597222222222222,0.0416666666666666,False,False,True,False,False,0.28888888888888886,0.27152777777777776,0.4388888888888889,0.00555555555555548,0.06527777777777768,0.016666666666666663,both_pass
4,600,2001,benign_assessed,clarify,edge__benign_assessed__clarify,43,42,0.1694444444444444,0.1569444444444444,0.0125,0.2875,0.3111111111111111,-0.0236111111111111,0.3805555555555555,0.3472222222222222,0.0333333333333332,True,True,True,True,True,True,True,True,True,True,0.0152777777777777,0.0208333333333333,False,False,True,False,False,0.1631944444444444,0.29930555555555555,0.3638888888888888,0.012500000000000011,0.023611111111111138,0.03333333333333327,both_pass
4,600,2002,benign_assessed,clarify,edge__benign_assessed__clarify,42,41,0.1638888888888889,0.1486111111111111,0.0152777777777777,0.2861111111111111,0.3249999999999999,-0.0388888888888888,0.3847222222222222,0.3527777777777778,0.0319444444444444,True,True,True,True,True,True,True,True,True,True,0.0180555555555555,0.0222222222222222,False,False,True,False,False,0.15625,0.30555555555555547,0.36875,0.015277777777777779,0.038888888888888806,0.031944444444444386,both_pass
4,600,2003,benign_assessed,clarify,edge__benign_assessed__clarify,44,43,0.1513888888888889,0.1236111111111111,0.0277777777777778,0.2875,0.325,-0.0375,0.3986111111111111,0.375,0.0236111111111111,True,True,True,True,True,True,True,True,True,True,0.0236111111111111,0.0347222222222222,False,False,True,False,False,0.1375,0.30625,0.3868055555555555,0.027777777777777804,0.03750000000000003,0.023611111111111083,both_pass
4,600,2004,benign_assessed,clarify,edge__benign_assessed__clarify,43,42,0.1555555555555555,0.1458333333333333,0.0097222222222222,0.2444444444444444,0.2833333333333333,-0.0388888888888888,0.3402777777777778,0.3305555555555555,0.0097222222222222,True,True,True,True,True,True,True,True,True,True,0.0138888888888888,0.0166666666666666,False,False,True,False,False,0.1506944444444444,0.26388888888888884,0.33541666666666664,0.009722222222222215,0.03888888888888892,0.009722222222222299,both_pass
4,600,2005,benign_assessed,clarify,edge__benign_assessed__clarify,42,41,0.1555555555555555,0.1430555555555555,0.0125,0.2402777777777777,0.2861111111111111,-0.0458333333333333,0.3555555555555555,0.3541666666666667,0.0013888888888888,True,True,True,True,True,True,True,True,True,True,0.0208333333333333,0.0152777777777777,False,False,True,False,False,0.1493055555555555,0.2631944444444444,0.35486111111111107,0.012500000000000011,0.04583333333333339,0.0013888888888888284,both_pass
4,600,2006,benign_assessed,clarify,edge__benign_assessed__clarify,43,42,0.1736111111111111,0.1458333333333333,0.0277777777777778,0.2888888888888888,0.3597222222222222,-0.0708333333333333,0.3777777777777777,0.3833333333333333,-0.0055555555555555,True,True,True,True,True,True,True,True,True,True,0.0305555555555555,0.0180555555555555,False,False,True,False,False,0.1597222222222222,0.3243055555555555,0.38055555555555554,0.027777777777777818,0.07083333333333341,0.005555555555555591,both_pass
4,600,2007,benign_assessed,clarify,edge__benign_assessed__clarify,43,42,0.1611111111111111,0.1458333333333333,0.0152777777777778,0.2652777777777778,0.3097222222222223,-0.0444444444444444,0.3986111111111111,0.3902777777777778,0.0083333333333333,True,True,True,True,True,True,True,True,True,True,0.0208333333333333,0.0166666666666666,False,False,True,False,False,0.15347222222222218,0.28750000000000003,0.39444444444444443,0.015277777777777807,0.04444444444444451,0.008333333333333304,both_pass
4,600,2008,benign_assessed,clarify,edge__benign_assessed__clarify,43,42,0.1916666666666666,0.1541666666666666,0.0375,0.2583333333333333,0.3097222222222222,-0.0513888888888889,0.3694444444444444,0.3972222222222222,-0.0277777777777777,True,True,True,True,True,True,True,True,True,True,0.0208333333333333,0.0166666666666666,False,False,True,False,False,0.1729166666666666,0.28402777777777777,0.3833333333333333,0.037500000000000006,0.05138888888888887,0.02777777777777779,both_pass
4,600,2009,benign_assessed,clarify,edge__benign_assessed__clarify,43,42,0.1791666666666666,0.1597222222222222,0.0194444444444444,0.2763888888888889,0.3138888888888889,-0.0374999999999999,0.3736111111111111,0.3583333333333333,0.0152777777777777,True,True,True,True,True,True,True,True,True,True,0.0180555555555555,0.0152777777777777,False,False,True,False,False,0.1694444444444444,0.2951388888888889,0.3659722222222222,0.019444444444444403,0.03749999999999998,0.015277777777777835,both_pass
4,600,2010,benign_assessed,clarify,edge__benign_assessed__clarify,44,43,0.1833333333333333,0.1583333333333333,0.025,0.2708333333333333,0.3013888888888889,-0.0305555555555556,0.375,0.3555555555555555,0.0194444444444444,True,True,True,True,True,True,True,True,True,True,0.0125,0.0138888888888888,False,False,True,False,False,0.17083333333333328,0.2861111111111111,0.36527777777777776,0.024999999999999994,0.030555555555555558,0.019444444444444486,both_pass
4,600,2011,benign_assessed,clarify,edge__benign_assessed__clarify,44,43,0.1722222222222222,0.1555555555555555,0.0166666666666666,0.2819444444444444,0.3138888888888889,-0.0319444444444444,0.3930555555555555,0.3694444444444444,0.023611111111111,True,True,True,True,True,True,True,True,True,True,0.0138888888888888,0.0166666666666666,False,False,True,False,False,0.16388888888888886,0.2979166666666666,0.38125,0.01666666666666669,0.0319444444444445,0.023611111111111083,both_pass
4,600,2012,benign_assessed,clarify,edge__benign_assessed__clarify,43,42,0.1763888888888889,0.1527777777777778,0.0236111111111111,0.2763888888888889,0.2986111111111111,-0.0222222222222222,0.3916666666666666,0.3972222222222222,-0.0055555555555555,True,True,True,True,True,True,True,True,True,True,0.0138888888888888,0.0138888888888888,False,False,True,False,False,0.16458333333333336,0.2875,0.3944444444444444,0.02361111111111111,0.0222222222222222,0.005555555555555591,both_pass
4,600,2013,benign_assessed,clarify,edge__benign_assessed__clarify,44,43,0.1833333333333333,0.1583333333333333,0.025,0.2708333333333333,0.3013888888888889,-0.0305555555555556,0.375,0.3555555555555555,0.0194444444444444,True,True,True,True,True,True,True,True,True,True,0.0125,0.0138888888888888,False,False,True,False,False,0.17083333333333328,0.2861111111111111,0.36527777777777776,0.024999999999999994,0.030555555555555558,0.019444444444444486,both_pass
4,600,2014,benign_assessed,clarify,edge__benign_assessed__clarify,44,43,0.1694444444444444,0.1652777777777777,0.0041666666666666,0.2875,0.3055555555555556,-0.0180555555555556,0.3805555555555555,0.3444444444444444,0.036111111111111,True,True,True,True,True,True,True,True,True,True,0.0152777777777777,0.0194444444444444,False,False,True,False,False,0.16736111111111104,0.2965277777777778,0.36249999999999993,0.004166666666666707,0.018055555555555602,0.036111111111111094,both_pass
4,600,2015,benign_assessed,clarify,edge__benign_assessed__clarify,43,42,0.1694444444444444,0.1569444444444444,0.0125,0.2875,0.3111111111111111,-0.0236111111111111,0.3805555555555555,0.3472222222222222,0.0333333333333332,True,True,True,True,True,True,True,True,True,True,0.0152777777777777,0.0208333333333333,False,False,True,False,False,0.1631944444444444,0.29930555555555555,0.3638888888888888,0.012500000000000011,0.023611111111111138,0.03333333333333327,both_pass
4,1200,2000,benign_assessed,clarify,edge__benign_assessed__clarify,42,41,0.3152777777777777,0.3,0.0152777777777777,0.2375,0.2777777777777777,-0.0402777777777776,0.4319444444444444,0.4430555555555555,-0.011111111111111,True,True,True,True,True,True,True,True,True,True,0.0458333333333333,0.0416666666666666,False,False,True,False,False,0.30763888888888885,0.25763888888888886,0.43749999999999994,0.015277777777777724,0.04027777777777769,0.011111111111111072,both_pass
4,1200,2001,benign_assessed,clarify,edge__benign_assessed__clarify,43,42,0.1805555555555555,0.1861111111111111,-0.0055555555555555,0.2666666666666667,0.2541666666666666,0.0125,0.375,0.3361111111111111,0.0388888888888888,True,True,True,True,True,True,True,True,True,True,0.0194444444444444,0.0194444444444444,False,False,True,False,False,0.1833333333333333,0.26041666666666663,0.3555555555555555,0.005555555555555591,0.012500000000000122,0.03888888888888892,both_pass
4,1200,2002,benign_assessed,clarify,edge__benign_assessed__clarify,42,41,0.1763888888888889,0.1680555555555555,0.0083333333333333,0.2736111111111111,0.2652777777777778,0.0083333333333333,0.3791666666666667,0.3458333333333334,0.0333333333333333,True,True,True,True,True,True,True,True,True,True,0.0208333333333333,0.0222222222222222,False,False,True,False,False,0.17222222222222222,0.26944444444444443,0.36250000000000004,0.008333333333333387,0.008333333333333304,0.033333333333333326,both_pass
4,1200,2003,benign_assessed,clarify,edge__benign_assessed__clarify,44,43,0.1583333333333333,0.1333333333333333,0.025,0.2569444444444444,0.2888888888888888,-0.0319444444444444,0.3888888888888889,0.3736111111111111,0.0152777777777777,True,True,True,True,True,True,True,True,True,True,0.0375,0.0347222222222222,False,False,True,False,False,0.14583333333333331,0.2729166666666666,0.38125,0.024999999999999994,0.031944444444444386,0.015277777777777779,both_pass
4,1200,2004,benign_assessed,clarify,edge__benign_assessed__clarify,43,42,0.1458333333333333,0.1555555555555555,-0.0097222222222222,0.2319444444444444,0.2375,-0.0055555555555555,0.3472222222222222,0.3194444444444445,0.0277777777777777,True,True,True,True,True,True,True,True,True,True,0.0194444444444444,0.0180555555555555,False,False,True,False,False,0.1506944444444444,0.2347222222222222,0.33333333333333337,0.009722222222222215,0.005555555555555591,0.027777777777777735,both_pass
4,1200,2005,benign_assessed,clarify,edge__benign_assessed__clarify,42,41,0.1611111111111111,0.1458333333333333,0.0152777777777777,0.2388888888888889,0.2597222222222222,-0.0208333333333333,0.35,0.3388888888888889,0.011111111111111,True,True,True,True,True,True,True,True,True,True,0.0236111111111111,0.0222222222222222,False,False,True,False,False,0.15347222222222218,0.24930555555555556,0.34444444444444444,0.015277777777777807,0.020833333333333287,0.011111111111111072,both_pass
4,1200,2006,benign_assessed,clarify,edge__benign_assessed__clarify,43,42,0.1736111111111111,0.1527777777777777,0.0208333333333333,0.2722222222222221,0.3375,-0.0652777777777778,0.3708333333333333,0.3819444444444445,-0.0111111111111111,True,True,True,True,True,True,True,True,True,True,0.0291666666666666,0.0166666666666666,False,False,True,False,False,0.16319444444444442,0.304861111111111,0.3763888888888889,0.020833333333333398,0.06527777777777793,0.011111111111111183,both_pass
4,1200,2007,benign_assessed,clarify,edge__benign_assessed__clarify,43,42,0.1569444444444444,0.15,0.0069444444444444,0.2722222222222222,0.2819444444444444,-0.0097222222222221,0.3958333333333333,0.3916666666666666,0.0041666666666667,True,True,True,True,True,True,True,True,True,True,0.0208333333333333,0.0277777777777777,False,False,True,False,False,0.15347222222222218,0.2770833333333333,0.39374999999999993,0.006944444444444392,0.009722222222222188,0.004166666666666707,both_pass
4,1200,2008,benign_assessed,clarify,edge__benign_assessed__clarify,43,42,0.1972222222222222,0.1555555555555555,0.0416666666666666,0.2416666666666666,0.2888888888888888,-0.0472222222222221,0.3597222222222222,0.3777777777777777,-0.0180555555555555,True,True,True,True,True,True,True,True,True,True,0.0222222222222222,0.0138888888888888,False,False,True,False,False,0.17638888888888885,0.2652777777777777,0.36874999999999997,0.041666666666666685,0.04722222222222219,0.01805555555555549,both_pass
4,1200,2009,benign_assessed,clarify,edge__benign_assessed__clarify,43,42,0.1875,0.1861111111111111,0.0013888888888888,0.25,0.2569444444444444,-0.0069444444444444,0.3680555555555556,0.3375,0.0305555555555555,True,True,True,True,True,True,True,True,True,True,0.0194444444444444,0.0152777777777777,False,False,True,False,False,0.18680555555555556,0.2534722222222222,0.3527777777777778,0.0013888888888889117,0.00694444444444442,0.030555555555555558,both_pass
4,1200,2010,benign_assessed,clarify,edge__benign_assessed__clarify,44,43,0.1875,0.1875,0.0,0.2569444444444444,0.2527777777777778,0.0041666666666665,0.3694444444444444,0.3347222222222222,0.0347222222222222,True,True,True,True,True,True,True,True,True,True,0.0194444444444444,0.0194444444444444,False,False,True,False,False,0.1875,0.2548611111111111,0.3520833333333333,0.0,0.004166666666666596,0.03472222222222221,both_pass
4,1200,2011,benign_assessed,clarify,edge__benign_assessed__clarify,44,43,0.1666666666666666,0.1763888888888888,-0.0097222222222222,0.2638888888888888,0.25,0.0138888888888887,0.3847222222222222,0.3513888888888888,0.0333333333333333,True,True,True,True,True,True,True,True,True,True,0.0222222222222222,0.0236111111111111,False,False,True,False,False,0.1715277777777777,0.2569444444444444,0.36805555555555547,0.009722222222222188,0.013888888888888784,0.03333333333333338,both_pass
4,1200,2012,benign_assessed,clarify,edge__benign_assessed__clarify,43,42,0.1666666666666666,0.1791666666666666,-0.0125,0.2666666666666666,0.2555555555555555,0.011111111111111,0.3833333333333333,0.3527777777777778,0.0305555555555555,True,True,True,True,True,True,True,True,True,True,0.0222222222222222,0.0208333333333333,False,False,True,False,False,0.1729166666666666,0.26111111111111107,0.3680555555555556,0.012500000000000011,0.011111111111111127,0.030555555555555503,both_pass
4,1200,2013,benign_assessed,clarify,edge__benign_assessed__clarify,44,43,0.1875,0.1875,0.0,0.2569444444444444,0.2527777777777778,0.0041666666666665,0.3694444444444444,0.3347222222222222,0.0347222222222222,True,True,True,True,True,True,True,True,True,True,0.0194444444444444,0.0194444444444444,False,False,True,False,False,0.1875,0.2548611111111111,0.3520833333333333,0.0,0.004166666666666596,0.03472222222222221,both_pass
4,1200,2014,benign_assessed,clarify,edge__benign_assessed__clarify,44,43,0.1805555555555555,0.1833333333333333,-0.0027777777777777,0.2666666666666667,0.2583333333333333,0.0083333333333334,0.3736111111111111,0.3347222222222222,0.0388888888888888,True,True,True,True,True,True,True,True,True,True,0.0194444444444444,0.0194444444444444,False,False,True,False,False,0.1819444444444444,0.2625,0.35416666666666663,0.0027777777777777957,0.008333333333333415,0.03888888888888892,both_pass
4,1200,2015,benign_assessed,clarify,edge__benign_assessed__clarify,43,42,0.1805555555555555,0.1861111111111111,-0.0055555555555555,0.2666666666666667,0.2541666666666666,0.0125,0.375,0.3361111111111111,0.0388888888888888,True,True,True,True,True,True,True,True,True,True,0.0194444444444444,0.0194444444444444,False,False,True,False,False,0.1833333333333333,0.26041666666666663,0.3555555555555555,0.005555555555555591,0.012500000000000122,0.03888888888888892,both_pass
4,2400,2000,benign_assessed,clarify,edge__benign_assessed__clarify,42,41,0.3041666666666666,0.3194444444444445,-0.0152777777777778,0.2486111111111111,0.2819444444444444,-0.0333333333333332,0.4333333333333333,0.4444444444444445,-0.0111111111111111,True,True,True,True,True,True,True,True,True,True,0.0430555555555555,0.0347222222222222,False,False,True,False,False,0.31180555555555556,0.2652777777777777,0.4388888888888889,0.01527777777777789,0.0333333333333333,0.011111111111111183,both_pass
4,2400,2001,benign_assessed,clarify,edge__benign_assessed__clarify,43,42,0.1986111111111111,0.1930555555555555,0.0055555555555555,0.2597222222222222,0.2708333333333333,-0.0111111111111111,0.3722222222222222,0.3402777777777778,0.0319444444444444,True,True,True,True,True,True,True,True,True,True,0.0166666666666666,0.0208333333333333,False,False,True,False,False,0.1958333333333333,0.2652777777777777,0.35624999999999996,0.005555555555555591,0.011111111111111127,0.031944444444444386,both_pass
4,2400,2002,benign_assessed,clarify,edge__benign_assessed__clarify,42,41,0.1861111111111111,0.1722222222222222,0.0138888888888888,0.2722222222222222,0.2902777777777778,-0.0180555555555556,0.3833333333333333,0.3513888888888888,0.0319444444444445,True,True,True,True,True,True,True,True,True,True,0.0194444444444444,0.025,False,False,True,False,False,0.17916666666666664,0.28125,0.367361111111111,0.013888888888888895,0.018055555555555602,0.0319444444444445,both_pass
4,2400,2003,benign_assessed,clarify,edge__benign_assessed__clarify,44,43,0.1763888888888888,0.1472222222222222,0.0291666666666666,0.2708333333333333,0.3041666666666667,-0.0333333333333333,0.3902777777777778,0.3722222222222222,0.0180555555555555,True,True,True,True,True,True,True,True,True,True,0.0402777777777777,0.0388888888888888,False,False,True,False,False,0.16180555555555548,0.2875,0.38125,0.02916666666666659,0.03333333333333338,0.018055555555555602,both_pass
4,2400,2004,benign_assessed,clarify,edge__benign_assessed__clarify,43,42,0.1625,0.1722222222222222,-0.0097222222222222,0.2375,0.2583333333333333,-0.0208333333333332,0.3472222222222222,0.3097222222222222,0.0374999999999999,True,True,True,True,True,True,True,True,True,True,0.0125,0.0180555555555555,False,False,True,False,False,0.1673611111111111,0.24791666666666665,0.32847222222222217,0.009722222222222188,0.020833333333333315,0.03750000000000003,both_pass
4,2400,2005,benign_assessed,clarify,edge__benign_assessed__clarify,42,41,0.1611111111111111,0.1541666666666666,0.0069444444444444,0.2430555555555555,0.2763888888888889,-0.0333333333333333,0.3597222222222222,0.35,0.0097222222222221,True,True,True,True,True,True,True,True,True,True,0.0166666666666666,0.0208333333333333,False,False,True,False,False,0.15763888888888883,0.2597222222222222,0.35486111111111107,0.006944444444444503,0.03333333333333341,0.009722222222222243,both_pass
4,2400,2006,benign_assessed,clarify,edge__benign_assessed__clarify,43,42,0.1791666666666666,0.1583333333333333,0.0208333333333333,0.3083333333333333,0.3486111111111111,-0.0402777777777777,0.3791666666666666,0.375,0.0041666666666666,True,True,True,True,True,True,True,True,True,True,0.025,0.0208333333333333,False,False,True,False,False,0.16874999999999996,0.32847222222222217,0.3770833333333333,0.020833333333333315,0.0402777777777778,0.004166666666666596,both_pass
4,2400,2007,benign_assessed,clarify,edge__benign_assessed__clarify,43,42,0.1611111111111111,0.1555555555555555,0.0055555555555555,0.2819444444444444,0.3097222222222222,-0.0277777777777777,0.4069444444444444,0.4041666666666667,0.0027777777777777,True,True,True,True,True,True,True,True,True,True,0.0208333333333333,0.0222222222222222,False,False,True,False,False,0.1583333333333333,0.2958333333333333,0.40555555555555556,0.005555555555555591,0.02777777777777779,0.0027777777777777124,both_pass
4,2400,2008,benign_assessed,clarify,edge__benign_assessed__clarify,43,42,0.1972222222222222,0.1791666666666666,0.0180555555555555,0.2388888888888889,0.2930555555555555,-0.0541666666666666,0.3527777777777777,0.3555555555555555,-0.0027777777777778,True,True,True,True,True,True,True,True,True,True,0.025,0.0194444444444444,False,False,True,False,False,0.1881944444444444,0.2659722222222222,0.35416666666666663,0.018055555555555575,0.05416666666666661,0.0027777777777778234,both_pass
4,2400,2009,benign_assessed,clarify,edge__benign_assessed__clarify,43,42,0.1930555555555555,0.1986111111111111,-0.0055555555555555,0.2597222222222222,0.2625,-0.0027777777777778,0.3722222222222222,0.3333333333333333,0.0388888888888889,True,True,True,True,True,True,True,True,True,True,0.0180555555555555,0.025,False,False,True,False,False,0.1958333333333333,0.26111111111111107,0.35277777777777775,0.005555555555555591,0.0027777777777778234,0.03888888888888886,both_pass
4,2400,2010,benign_assessed,clarify,edge__benign_assessed__clarify,44,43,0.1972222222222222,0.1958333333333333,0.0013888888888888,0.2666666666666667,0.2666666666666667,0.0,0.3722222222222222,0.3347222222222222,0.0374999999999999,True,True,True,True,True,True,True,True,True,True,0.0152777777777777,0.0208333333333333,False,False,True,False,False,0.19652777777777775,0.2666666666666667,0.3534722222222222,0.001388888888888884,0.0,0.03749999999999998,both_pass
4,2400,2011,benign_assessed,clarify,edge__benign_assessed__clarify,44,43,0.1805555555555555,0.1666666666666666,0.0138888888888888,0.2666666666666667,0.2861111111111111,-0.0194444444444443,0.3833333333333333,0.3625,0.0208333333333333,True,True,True,True,True,True,True,True,True,True,0.0166666666666666,0.0236111111111111,False,False,True,False,False,0.17361111111111105,0.2763888888888889,0.3729166666666667,0.013888888888888895,0.019444444444444375,0.020833333333333315,both_pass
4,2400,2012,benign_assessed,clarify,edge__benign_assessed__clarify,43,42,0.1736111111111111,0.1472222222222222,0.0263888888888889,0.2708333333333333,0.3111111111111111,-0.0402777777777778,0.3833333333333333,0.3875,-0.0041666666666666,True,True,True,True,True,True,True,True,True,True,0.0194444444444444,0.0180555555555555,False,False,True,False,False,0.16041666666666665,0.2909722222222222,0.38541666666666663,0.026388888888888906,0.0402777777777778,0.004166666666666707,both_pass
4,2400,2013,benign_assessed,clarify,edge__benign_assessed__clarify,44,43,0.1972222222222222,0.1958333333333333,0.0013888888888888,0.2666666666666667,0.2666666666666667,0.0,0.3722222222222222,0.3347222222222222,0.0374999999999999,True,True,True,True,True,True,True,True,True,True,0.0152777777777777,0.0208333333333333,False,False,True,False,False,0.19652777777777775,0.2666666666666667,0.3534722222222222,0.001388888888888884,0.0,0.03749999999999998,both_pass
4,2400,2014,benign_assessed,clarify,edge__benign_assessed__clarify,44,43,0.1986111111111111,0.1888888888888888,0.0097222222222222,0.2597222222222222,0.275,-0.0152777777777778,0.3722222222222222,0.3388888888888889,0.0333333333333333,True,True,True,True,True,True,True,True,True,True,0.0166666666666666,0.0208333333333333,False,False,True,False,False,0.19374999999999995,0.2673611111111111,0.3555555555555555,0.009722222222222299,0.015277777777777835,0.03333333333333327,both_pass
4,2400,2015,benign_assessed,clarify,edge__benign_assessed__clarify,43,42,0.1986111111111111,0.1930555555555555,0.0055555555555555,0.2597222222222222,0.2708333333333333,-0.0111111111111111,0.3722222222222222,0.3402777777777778,0.0319444444444444,True,True,True,True,True,True,True,True,True,True,0.0166666666666666,0.0208333333333333,False,False,True,False,False,0.1958333333333333,0.2652777777777777,0.35624999999999996,0.005555555555555591,0.011111111111111127,0.031944444444444386,both_pass
5,600,2000,benign_assessed,clarify,edge__benign_assessed__clarify,42,41,0.4847222222222222,0.4819444444444444,0.0027777777777778,0.1208333333333332,0.1180555555555555,0.0027777777777777,0.2722222222222222,0.2777777777777778,-0.0055555555555555,True,True,True,True,False,False,True,True,False,False,0.0069444444444444,0.0055555555555555,False,False,False,True,False,0.4833333333333333,0.11944444444444435,0.275,0.0027777777777778234,0.0027777777777776985,0.005555555555555591,both_fail
5,600,2001,benign_assessed,clarify,edge__benign_assessed__clarify,43,42,0.4361111111111111,0.4263888888888889,0.0097222222222222,0.1277777777777777,0.1333333333333333,-0.0055555555555555,0.275,0.2791666666666667,-0.0041666666666666,True,True,True,True,False,False,True,True,False,False,0.0027777777777777,0.0041666666666666,False,False,False,True,False,0.43125,0.1305555555555555,0.27708333333333335,0.009722222222222243,0.005555555555555591,0.004166666666666652,both_fail
5,600,2002,benign_assessed,clarify,edge__benign_assessed__clarify,42,41,0.4375,0.4305555555555556,0.0069444444444444,0.1138888888888889,0.125,-0.011111111111111,0.275,0.2777777777777778,-0.0027777777777777,True,True,True,True,False,False,True,True,False,False,0.0027777777777777,0.0027777777777777,False,False,False,True,False,0.4340277777777778,0.11944444444444445,0.2763888888888889,0.00694444444444442,0.0111111111111111,0.002777777777777768,both_fail
5,600,2003,benign_assessed,clarify,edge__benign_assessed__clarify,44,43,0.4375,0.4347222222222222,0.0027777777777777,0.1208333333333333,0.1263888888888888,-0.0055555555555555,0.275,0.2763888888888889,-0.0013888888888888,True,True,True,True,False,False,True,True,False,False,0.0027777777777777,0.0027777777777777,False,False,False,True,False,0.4361111111111111,0.12361111111111106,0.27569444444444446,0.0027777777777778234,0.005555555555555494,0.001388888888888884,both_fail
5,600,2004,benign_assessed,clarify,edge__benign_assessed__clarify,43,42,0.3986111111111111,0.4138888888888888,-0.0152777777777777,0.125,0.1083333333333333,0.0166666666666666,0.2625,0.2569444444444445,0.0055555555555555,True,True,True,True,False,False,True,True,False,False,0.0041666666666666,0.0041666666666666,False,False,False,True,False,0.40624999999999994,0.11666666666666664,0.25972222222222224,0.015277777777777724,0.016666666666666705,0.005555555555555536,both_fail
5,600,2005,benign_assessed,clarify,edge__benign_assessed__clarify,42,41,0.3583333333333333,0.3361111111111111,0.0222222222222222,0.1208333333333333,0.1625,-0.0416666666666666,0.3138888888888889,0.3305555555555555,-0.0166666666666666,True,True,True,True,False,True,True,True,False,True,0.0055555555555555,0.0041666666666666,False,True,False,False,True,0.3472222222222222,0.14166666666666666,0.3222222222222222,0.0222222222222222,0.0416666666666667,0.016666666666666607,absent_only
5,600,2006,benign_assessed,clarify,edge__benign_assessed__clarify,43,42,0.3874999999999999,0.3874999999999999,0.0,0.2430555555555555,0.2444444444444444,-0.0013888888888888,0.3902777777777778,0.3916666666666666,-0.0013888888888888,True,True,True,True,True,True,True,True,True,True,0.0208333333333333,0.0180555555555555,False,False,True,False,False,0.3874999999999999,0.24374999999999997,0.39097222222222217,0.0,0.0013888888888889117,0.0013888888888888284,both_pass
5,600,2007,benign_assessed,clarify,edge__benign_assessed__clarify,43,42,0.4013888888888889,0.4027777777777777,-0.0013888888888888,0.1624999999999999,0.1680555555555555,-0.0055555555555555,0.3291666666666666,0.3361111111111111,-0.0069444444444444,True,True,True,True,True,True,True,True,True,True,0.0083333333333333,0.0069444444444444,False,False,True,False,False,0.4020833333333333,0.1652777777777777,0.3326388888888888,0.001388888888888773,0.005555555555555619,0.006944444444444475,both_pass
5,600,2008,benign_assessed,clarify,edge__benign_assessed__clarify,43,42,0.4708333333333333,0.4777777777777777,-0.0069444444444444,0.1472222222222222,0.1430555555555556,0.0041666666666666,0.2555555555555556,0.2597222222222222,-0.0041666666666666,True,True,True,True,False,False,True,True,False,False,0.0055555555555555,0.0055555555555555,False,False,False,True,False,0.47430555555555554,0.1451388888888889,0.25763888888888886,0.006944444444444364,0.004166666666666596,0.004166666666666596,both_fail
5,600,2009,benign_assessed,clarify,edge__benign_assessed__clarify,43,42,0.4361111111111111,0.4388888888888889,-0.0027777777777777,0.1347222222222222,0.1277777777777777,0.0069444444444444,0.2791666666666667,0.2805555555555555,-0.0013888888888888,True,True,True,True,False,False,True,True,False,False,0.0027777777777777,0.0027777777777777,False,False,False,True,False,0.4375,0.13124999999999995,0.2798611111111111,0.002777777777777768,0.006944444444444475,0.0013888888888888284,both_fail
5,600,2010,benign_assessed,clarify,edge__benign_assessed__clarify,44,43,0.4416666666666666,0.4319444444444444,0.0097222222222222,0.1138888888888889,0.1291666666666667,-0.0152777777777777,0.2708333333333333,0.2763888888888889,-0.0055555555555555,True,True,True,True,False,False,True,True,False,False,0.0027777777777777,0.0027777777777777,False,False,False,True,False,0.4368055555555555,0.1215277777777778,0.27361111111111114,0.009722222222222188,0.015277777777777807,0.005555555555555591,both_fail
5,600,2011,benign_assessed,clarify,edge__benign_assessed__clarify,44,43,0.35,0.3388888888888889,0.011111111111111,0.1513888888888889,0.1624999999999999,-0.011111111111111,0.3319444444444445,0.3388888888888889,-0.0069444444444444,True,True,True,True,True,True,True,True,True,True,0.0041666666666666,0.0041666666666666,False,False,True,False,False,0.34444444444444444,0.1569444444444444,0.3354166666666667,0.011111111111111072,0.011111111111110988,0.00694444444444442,both_pass
5,600,2012,benign_assessed,clarify,edge__benign_assessed__clarify,43,42,0.3458333333333333,0.325,0.0208333333333333,0.1458333333333333,0.175,-0.0291666666666666,0.3208333333333333,0.3375,-0.0166666666666666,True,True,True,True,False,True,True,True,False,True,0.0041666666666666,0.0027777777777777,False,True,False,False,True,0.3354166666666667,0.16041666666666665,0.32916666666666666,0.020833333333333315,0.029166666666666702,0.01666666666666672,absent_only
5,600,2013,benign_assessed,clarify,edge__benign_assessed__clarify,44,43,0.4416666666666666,0.4319444444444444,0.0097222222222222,0.1138888888888889,0.1291666666666667,-0.0152777777777777,0.2708333333333333,0.2763888888888889,-0.0055555555555555,True,True,True,True,False,False,True,True,False,False,0.0027777777777777,0.0027777777777777,False,False,False,True,False,0.4368055555555555,0.1215277777777778,0.27361111111111114,0.009722222222222188,0.015277777777777807,0.005555555555555591,both_fail
5,600,2014,benign_assessed,clarify,edge__benign_assessed__clarify,44,43,0.4361111111111111,0.4263888888888889,0.0097222222222222,0.125,0.1333333333333333,-0.0083333333333333,0.275,0.2805555555555555,-0.0055555555555555,True,True,True,True,False,False,True,True,False,False,0.0027777777777777,0.0027777777777777,False,False,False,True,False,0.43125,0.12916666666666665,0.2777777777777778,0.009722222222222243,0.008333333333333304,0.00555555555555548,both_fail
5,600,2015,benign_assessed,clarify,edge__benign_assessed__clarify,43,42,0.4361111111111111,0.4263888888888889,0.0097222222222222,0.1277777777777777,0.1333333333333333,-0.0055555555555555,0.275,0.2791666666666667,-0.0041666666666666,True,True,True,True,False,False,True,True,False,False,0.0027777777777777,0.0041666666666666,False,False,False,True,False,0.43125,0.1305555555555555,0.27708333333333335,0.009722222222222243,0.005555555555555591,0.004166666666666652,both_fail
5,1200,2000,benign_assessed,clarify,edge__benign_assessed__clarify,42,41,0.4916666666666666,0.4819444444444444,0.0097222222222222,0.1041666666666666,0.1194444444444444,-0.0152777777777777,0.2708333333333333,0.2777777777777778,-0.0069444444444444,True,True,True,True,False,False,True,True,False,False,0.0055555555555555,0.0069444444444444,False,False,False,True,False,0.4868055555555555,0.11180555555555549,0.2743055555555556,0.009722222222222188,0.015277777777777793,0.006944444444444475,both_fail
5,1200,2001,benign_assessed,clarify,edge__benign_assessed__clarify,43,42,0.4375,0.4291666666666666,0.0083333333333333,0.1263888888888888,0.1319444444444444,-0.0055555555555555,0.2680555555555555,0.2736111111111111,-0.0055555555555555,True,True,True,True,False,False,True,True,False,False,0.0027777777777777,0.0027777777777777,False,False,False,True,False,0.4333333333333333,0.1291666666666666,0.27083333333333326,0.008333333333333415,0.005555555555555591,0.005555555555555591,both_fail
5,1200,2002,benign_assessed,clarify,edge__benign_assessed__clarify,42,41,0.4347222222222222,0.425,0.0097222222222222,0.1319444444444444,0.1347222222222222,-0.0027777777777778,0.2708333333333333,0.2777777777777778,-0.0069444444444444,True,True,True,True,False,False,True,True,False,False,0.0027777777777777,0.0027777777777777,False,False,False,True,False,0.4298611111111111,0.1333333333333333,0.2743055555555556,0.009722222222222188,0.0027777777777777957,0.006944444444444475,both_fail
5,1200,2003,benign_assessed,clarify,edge__benign_assessed__clarify,44,43,0.4416666666666666,0.4305555555555555,0.0111111111111111,0.125,0.1347222222222222,-0.0097222222222222,0.2652777777777778,0.2736111111111111,-0.0083333333333333,True,True,True,True,False,False,True,True,False,False,0.0041666666666666,0.0027777777777777,False,False,False,True,False,0.43611111111111106,0.1298611111111111,0.26944444444444443,0.011111111111111072,0.009722222222222188,0.008333333333333304,both_fail
5,1200,2004,benign_assessed,clarify,edge__benign_assessed__clarify,43,42,0.3916666666666666,0.3930555555555555,-0.0013888888888888,0.1333333333333333,0.1291666666666667,0.0041666666666666,0.2666666666666666,0.2722222222222222,-0.0055555555555555,True,True,True,True,False,False,True,True,False,False,0.0041666666666666,0.0027777777777777,False,False,False,True,False,0.39236111111111105,0.13125,0.2694444444444444,0.001388888888888884,0.004166666666666596,0.005555555555555591,both_fail
5,1200,2005,benign_assessed,clarify,edge__benign_assessed__clarify,42,41,0.3722222222222222,0.3583333333333333,0.0138888888888888,0.1430555555555555,0.1652777777777778,-0.0222222222222223,0.3013888888888889,0.3097222222222222,-0.0083333333333333,True,True,True,True,False,True,True,True,False,True,0.0083333333333333,0.0055555555555555,False,True,False,False,True,0.3652777777777777,0.15416666666666665,0.3055555555555555,0.013888888888888895,0.02222222222222231,0.008333333333333304,absent_only
5,1200,2006,benign_assessed,clarify,edge__benign_assessed__clarify,43,42,0.3708333333333333,0.3763888888888889,-0.0055555555555555,0.2583333333333333,0.2680555555555556,-0.0097222222222222,0.3916666666666666,0.3999999999999999,-0.0083333333333333,True,True,True,True,True,True,True,True,True,True,0.0138888888888888,0.0097222222222222,False,False,True,False,False,0.3736111111111111,0.26319444444444445,0.39583333333333326,0.005555555555555591,0.009722222222222299,0.008333333333333304,both_pass
5,1200,2007,benign_assessed,clarify,edge__benign_assessed__clarify,43,42,0.4111111111111111,0.4055555555555555,0.0055555555555555,0.1680555555555555,0.1708333333333332,-0.0027777777777777,0.3305555555555556,0.3375,-0.0069444444444444,True,True,True,True,True,True,True,True,True,True,0.0069444444444444,0.0055555555555555,False,False,True,False,False,0.4083333333333333,0.16944444444444434,0.3340277777777778,0.005555555555555591,0.0027777777777776846,0.00694444444444442,both_pass
5,1200,2008,benign_assessed,clarify,edge__benign_assessed__clarify,43,42,0.4569444444444444,0.4652777777777778,-0.0083333333333333,0.186111111111111,0.1749999999999999,0.0111111111111111,0.2722222222222222,0.2763888888888889,-0.0041666666666666,True,True,True,True,True,True,True,True,True,True,0.0041666666666666,0.0027777777777777,False,False,True,False,False,0.4611111111111111,0.18055555555555547,0.2743055555555556,0.008333333333333415,0.0111111111111111,0.004166666666666707,both_pass
5,1200,2009,benign_assessed,clarify,edge__benign_assessed__clarify,43,42,0.4333333333333333,0.4277777777777777,0.0055555555555555,0.1388888888888889,0.1361111111111111,0.0027777777777777,0.2736111111111111,0.2791666666666667,-0.0055555555555555,True,True,True,True,False,False,True,True,False,False,0.0027777777777777,0.0027777777777777,False,False,False,True,False,0.43055555555555547,0.1375,0.2763888888888889,0.005555555555555591,0.0027777777777777957,0.005555555555555591,both_fail
5,1200,2010,benign_assessed,clarify,edge__benign_assessed__clarify,44,43,0.4416666666666666,0.4305555555555555,0.0111111111111111,0.1263888888888888,0.1305555555555556,-0.0041666666666667,0.2652777777777778,0.2736111111111111,-0.0083333333333333,True,True,True,True,False,False,True,True,False,False,0.0041666666666666,0.0027777777777777,False,False,False,True,False,0.43611111111111106,0.1284722222222222,0.26944444444444443,0.011111111111111072,0.004166666666666791,0.008333333333333304,both_fail
5,1200,2011,benign_assessed,clarify,edge__benign_assessed__clarify,44,43,0.3708333333333333,0.3694444444444444,0.0013888888888888,0.1597222222222222,0.1569444444444445,0.0027777777777777,0.3180555555555556,0.3194444444444445,-0.0013888888888888,True,True,True,True,True,True,True,True,True,True,0.0069444444444444,0.0055555555555555,False,False,True,False,False,0.37013888888888885,0.15833333333333335,0.31875000000000003,0.001388888888888884,0.0027777777777777124,0.001388888888888884,both_pass
5,1200,2012,benign_assessed,clarify,edge__benign_assessed__clarify,43,42,0.3694444444444444,0.3430555555555555,0.0263888888888888,0.1319444444444444,0.1819444444444444,-0.0499999999999999,0.3125,0.3277777777777778,-0.0152777777777777,True,True,True,True,False,True,True,True,False,True,0.0069444444444444,0.0041666666666666,False,True,False,False,True,0.35624999999999996,0.1569444444444444,0.32013888888888886,0.026388888888888906,0.05000000000000002,0.015277777777777779,absent_only
5,1200,2013,benign_assessed,clarify,edge__benign_assessed__clarify,44,43,0.4416666666666666,0.4305555555555555,0.0111111111111111,0.1263888888888888,0.1305555555555556,-0.0041666666666667,0.2652777777777778,0.2736111111111111,-0.0083333333333333,True,True,True,True,False,False,True,True,False,False,0.0041666666666666,0.0027777777777777,False,False,False,True,False,0.43611111111111106,0.1284722222222222,0.26944444444444443,0.011111111111111072,0.004166666666666791,0.008333333333333304,both_fail
5,1200,2014,benign_assessed,clarify,edge__benign_assessed__clarify,44,43,0.4402777777777777,0.4291666666666666,0.0111111111111111,0.1236111111111111,0.1319444444444444,-0.0083333333333333,0.2666666666666666,0.2736111111111111,-0.0069444444444444,True,True,True,True,False,False,True,True,False,False,0.0027777777777777,0.0027777777777777,False,False,False,True,False,0.4347222222222221,0.12777777777777774,0.2701388888888888,0.011111111111111127,0.00833333333333329,0.006944444444444475,both_fail
5,1200,2015,benign_assessed,clarify,edge__benign_assessed__clarify,43,42,0.4375,0.4291666666666666,0.0083333333333333,0.1263888888888888,0.1319444444444444,-0.0055555555555555,0.2680555555555555,0.2736111111111111,-0.0055555555555555,True,True,True,True,False,False,True,True,False,False,0.0027777777777777,0.0027777777777777,False,False,False,True,False,0.4333333333333333,0.1291666666666666,0.27083333333333326,0.008333333333333415,0.005555555555555591,0.005555555555555591,both_fail
5,2400,2000,benign_assessed,clarify,edge__benign_assessed__clarify,42,41,0.4972222222222222,0.4958333333333333,0.0013888888888888,0.1041666666666666,0.1013888888888889,0.0027777777777777,0.275,0.2819444444444444,-0.0069444444444444,True,True,True,True,False,False,True,True,False,False,0.0041666666666666,0.0041666666666666,False,False,False,True,False,0.49652777777777773,0.10277777777777775,0.27847222222222223,0.001388888888888884,0.0027777777777776985,0.006944444444444364,both_fail
5,2400,2001,benign_assessed,clarify,edge__benign_assessed__clarify,43,42,0.4416666666666666,0.4208333333333333,0.0208333333333333,0.1263888888888888,0.148611111111111,-0.0222222222222222,0.2569444444444445,0.2708333333333333,-0.0138888888888888,True,True,True,True,False,False,True,True,False,False,0.0041666666666666,0.0027777777777777,False,False,False,True,False,0.4312499999999999,0.1374999999999999,0.2638888888888889,0.020833333333333315,0.0222222222222222,0.01388888888888884,both_fail
5,2400,2002,benign_assessed,clarify,edge__benign_assessed__clarify,42,41,0.4402777777777777,0.4194444444444444,0.0208333333333333,0.1208333333333333,0.1472222222222222,-0.0263888888888888,0.2583333333333333,0.2722222222222222,-0.0138888888888888,True,True,True,True,False,False,True,True,False,False,0.0041666666666666,0.0027777777777777,False,False,False,True,False,0.429861111111111,0.13402777777777775,0.2652777777777777,0.020833333333333315,0.026388888888888892,0.013888888888888895,both_fail
5,2400,2003,benign_assessed,clarify,edge__benign_assessed__clarify,44,43,0.4430555555555555,0.425,0.0180555555555555,0.125,0.1388888888888889,-0.0138888888888888,0.2569444444444445,0.2708333333333333,-0.0138888888888888,True,True,True,True,False,False,True,True,False,False,0.0041666666666666,0.0027777777777777,False,False,False,True,False,0.43402777777777773,0.13194444444444445,0.2638888888888889,0.01805555555555549,0.013888888888888895,0.01388888888888884,both_fail
5,2400,2004,benign_assessed,clarify,edge__benign_assessed__clarify,43,42,0.3694444444444444,0.3736111111111111,-0.0041666666666666,0.1402777777777777,0.1222222222222222,0.0180555555555554,0.2763888888888889,0.2805555555555555,-0.0041666666666666,True,True,True,True,False,False,True,True,False,False,0.0013888888888888,0.0027777777777777,False,False,False,True,False,0.3715277777777778,0.13124999999999995,0.27847222222222223,0.004166666666666707,0.01805555555555549,0.004166666666666596,both_fail
5,2400,2005,benign_assessed,clarify,edge__benign_assessed__clarify,42,41,0.3680555555555555,0.3625,0.0055555555555555,0.1291666666666667,0.1402777777777777,-0.011111111111111,0.3041666666666667,0.2986111111111111,0.0055555555555555,True,True,True,True,False,False,True,True,False,False,0.0027777777777777,0.0027777777777777,False,False,False,True,False,0.36527777777777776,0.1347222222222222,0.30138888888888893,0.005555555555555536,0.011111111111110988,0.005555555555555591,both_fail
5,2400,2006,benign_assessed,clarify,edge__benign_assessed__clarify,43,42,0.375,0.3722222222222222,0.0027777777777777,0.2430555555555555,0.2527777777777777,-0.0097222222222221,0.3875,0.3972222222222222,-0.0097222222222221,True,True,True,True,True,True,True,True,True,True,0.0166666666666666,0.0125,False,False,True,False,False,0.3736111111111111,0.24791666666666662,0.3923611111111111,0.0027777777777778234,0.009722222222222215,0.009722222222222188,both_pass
5,2400,2007,benign_assessed,clarify,edge__benign_assessed__clarify,43,42,0.3958333333333333,0.4069444444444444,-0.0111111111111111,0.1791666666666666,0.1708333333333332,0.0083333333333333,0.3319444444444445,0.3361111111111111,-0.0041666666666666,True,True,True,True,True,True,True,True,True,True,0.0055555555555555,0.0055555555555555,False,False,True,False,False,0.40138888888888885,0.1749999999999999,0.3340277777777778,0.011111111111111072,0.008333333333333415,0.004166666666666596,both_pass
5,2400,2008,benign_assessed,clarify,edge__benign_assessed__clarify,43,42,0.4319444444444444,0.4402777777777777,-0.0083333333333333,0.1902777777777778,0.1875,0.0027777777777778,0.2708333333333333,0.2722222222222222,-0.0013888888888888,True,True,True,True,True,True,True,True,True,True,0.0041666666666666,0.0041666666666666,False,False,True,False,False,0.43611111111111106,0.18888888888888888,0.27152777777777776,0.008333333333333304,0.0027777777777777957,0.001388888888888884,both_pass
5,2400,2009,benign_assessed,clarify,edge__benign_assessed__clarify,43,42,0.4430555555555555,0.4277777777777777,0.0152777777777777,0.1222222222222222,0.1444444444444444,-0.0222222222222222,0.2583333333333333,0.2708333333333333,-0.0125,True,True,True,True,False,False,True,True,False,False,0.0027777777777777,0.0027777777777777,False,False,False,True,False,0.43541666666666656,0.1333333333333333,0.2645833333333333,0.015277777777777779,0.0222222222222222,0.012500000000000011,both_fail
5,2400,2010,benign_assessed,clarify,edge__benign_assessed__clarify,44,43,0.4444444444444444,0.425,0.0194444444444444,0.1222222222222222,0.1388888888888889,-0.0166666666666666,0.2541666666666667,0.2680555555555555,-0.0138888888888888,True,True,True,True,False,False,True,True,False,False,0.0055555555555555,0.0027777777777777,False,False,False,True,False,0.43472222222222223,0.13055555555555554,0.26111111111111107,0.01944444444444443,0.01666666666666669,0.013888888888888784,both_fail
5,2400,2011,benign_assessed,clarify,edge__benign_assessed__clarify,44,43,0.3819444444444444,0.3680555555555555,0.0138888888888888,0.1208333333333333,0.1416666666666666,-0.0208333333333333,0.3041666666666667,0.3125,-0.0083333333333333,True,True,True,True,False,False,True,True,False,False,0.0055555555555555,0.0027777777777777,False,False,False,True,False,0.375,0.13124999999999995,0.30833333333333335,0.013888888888888895,0.0208333333333333,0.008333333333333304,both_fail
5,2400,2012,benign_assessed,clarify,edge__benign_assessed__clarify,43,42,0.3541666666666667,0.35,0.0041666666666667,0.1388888888888888,0.1569444444444444,-0.0180555555555556,0.3152777777777778,0.3152777777777777,5.551115123125783e-17,True,True,True,True,False,True,True,True,False,True,0.0055555555555555,0.0027777777777777,False,True,False,False,True,0.3520833333333333,0.14791666666666659,0.31527777777777777,0.004166666666666707,0.018055555555555575,1.1102230246251565e-16,absent_only
5,2400,2013,benign_assessed,clarify,edge__benign_assessed__clarify,44,43,0.4444444444444444,0.425,0.0194444444444444,0.1222222222222222,0.1388888888888889,-0.0166666666666666,0.2541666666666667,0.2680555555555555,-0.0138888888888888,True,True,True,True,False,False,True,True,False,False,0.0055555555555555,0.0027777777777777,False,False,False,True,False,0.43472222222222223,0.13055555555555554,0.26111111111111107,0.01944444444444443,0.01666666666666669,0.013888888888888784,both_fail
5,2400,2014,benign_assessed,clarify,edge__benign_assessed__clarify,44,43,0.4416666666666666,0.4208333333333333,0.0208333333333333,0.1263888888888888,0.148611111111111,-0.0222222222222222,0.2569444444444445,0.2708333333333333,-0.0138888888888888,True,True,True,True,False,False,True,True,False,False,0.0041666666666666,0.0027777777777777,False,False,False,True,False,0.4312499999999999,0.1374999999999999,0.2638888888888889,0.020833333333333315,0.0222222222222222,0.01388888888888884,both_fail
5,2400,2015,benign_assessed,clarify,edge__benign_assessed__clarify,43,42,0.4416666666666666,0.4208333333333333,0.0208333333333333,0.1263888888888888,0.148611111111111,-0.0222222222222222,0.2569444444444445,0.2708333333333333,-0.0138888888888888,True,True,True,True,False,False,True,True,False,False,0.0041666666666666,0.0027777777777777,False,False,False,True,False,0.4312499999999999,0.1374999999999999,0.2638888888888889,0.020833333333333315,0.0222222222222222,0.01388888888888884,both_fail
6,600,2000,benign_assessed,clarify,edge__benign_assessed__clarify,42,41,0.8013888888888888,0.798611111111111,0.0027777777777777,0.0527777777777778,0.0569444444444444,-0.0041666666666666,0.0694444444444444,0.0722222222222222,-0.0027777777777777,True,True,True,True,False,False,True,True,False,False,0.0,0.0,False,False,False,True,False,0.7999999999999999,0.0548611111111111,0.0708333333333333,0.002777777777777768,0.004166666666666603,0.0027777777777777957,both_fail
6,600,2001,benign_assessed,clarify,edge__benign_assessed__clarify,43,42,0.5444444444444444,0.5555555555555556,-0.0111111111111111,0.0972222222222223,0.0944444444444444,0.0027777777777778,0.0472222222222222,0.0444444444444444,0.0027777777777777,True,True,True,True,False,False,False,False,False,False,0.0027777777777777,0.0027777777777777,False,False,False,True,False,0.55,0.09583333333333335,0.045833333333333295,0.011111111111111183,0.002777777777777893,0.0027777777777778026,both_fail
6,600,2002,benign_assessed,clarify,edge__benign_assessed__clarify,42,41,0.5430555555555555,0.5541666666666667,-0.0111111111111111,0.1,0.0944444444444444,0.0055555555555556,0.0486111111111111,0.0458333333333333,0.0027777777777777,True,True,True,True,False,False,False,False,False,False,0.0027777777777777,0.0027777777777777,False,False,False,True,False,0.5486111111111112,0.09722222222222221,0.0472222222222222,0.011111111111111183,0.005555555555555605,0.0027777777777777957,both_fail
6,600,2003,benign_assessed,clarify,edge__benign_assessed__clarify,44,43,0.5347222222222222,0.5527777777777777,-0.0180555555555554,0.1069444444444444,0.0986111111111111,0.0083333333333333,0.0513888888888888,0.0444444444444444,0.0069444444444444,True,True,True,True,False,False,False,False,False,False,0.0041666666666666,0.0055555555555555,False,False,False,True,False,0.54375,0.10277777777777775,0.0479166666666666,0.01805555555555549,0.008333333333333304,0.006944444444444406,both_fail
6,600,2004,benign_assessed,clarify,edge__benign_assessed__clarify,43,42,0.5402777777777777,0.5513888888888888,-0.011111111111111,0.0916666666666667,0.0861111111111112,0.0055555555555555,0.0430555555555555,0.0361111111111111,0.0069444444444444,True,True,True,True,False,False,False,False,False,False,0.0,0.0041666666666666,False,False,False,True,False,0.5458333333333333,0.08888888888888895,0.039583333333333304,0.011111111111111072,0.005555555555555508,0.006944444444444399,both_fail
6,600,2005,benign_assessed,clarify,edge__benign_assessed__clarify,42,41,0.3305555555555556,0.3347222222222222,-0.0041666666666665,0.0972222222222222,0.1194444444444444,-0.0222222222222222,0.0611111111111111,0.0513888888888888,0.0097222222222222,True,True,True,True,False,False,True,True,False,False,0.0,0.0027777777777777,False,False,False,True,False,0.33263888888888893,0.1083333333333333,0.05624999999999995,0.004166666666666596,0.0222222222222222,0.009722222222222299,both_fail
6,600,2006,benign_assessed,clarify,edge__benign_assessed__clarify,43,42,0.5319444444444444,0.5499999999999999,-0.0180555555555554,0.1013888888888889,0.0930555555555556,0.0083333333333333,0.0527777777777777,0.0541666666666666,-0.0013888888888888,True,True,True,True,False,False,False,False,False,False,0.0,0.0,False,False,False,True,False,0.5409722222222222,0.09722222222222225,0.05347222222222215,0.01805555555555549,0.008333333333333304,0.0013888888888888978,both_fail
6,600,2007,benign_assessed,clarify,edge__benign_assessed__clarify,43,42,0.5277777777777778,0.5277777777777778,0.0,0.1611111111111111,0.1624999999999999,-0.0013888888888888,0.0722222222222222,0.0791666666666666,-0.0069444444444444,True,True,True,True,True,True,False,False,False,False,0.0013888888888888,0.0013888888888888,False,False,True,False,False,0.5277777777777778,0.16180555555555548,0.0756944444444444,0.0,0.0013888888888888007,0.006944444444444392,both_pass
6,600,2008,benign_assessed,clarify,edge__benign_assessed__clarify,43,42,0.5458333333333333,0.5430555555555555,0.0027777777777777,0.0888888888888889,0.1055555555555556,-0.0166666666666667,0.0472222222222222,0.0472222222222222,0.0,True,True,True,True,False,False,False,False,False,False,0.0,0.0,False,False,False,True,False,0.5444444444444444,0.09722222222222225,0.0472222222222222,0.002777777777777768,0.01666666666666669,0.0,both_fail
6,600,2009,benign_assessed,clarify,edge__benign_assessed__clarify,43,42,0.5527777777777777,0.5638888888888889,-0.0111111111111111,0.0902777777777779,0.0875,0.0027777777777778,0.0430555555555555,0.0388888888888888,0.0041666666666666,True,True,True,True,False,False,False,False,False,False,0.0013888888888888,0.0027777777777777,False,False,False,True,False,0.5583333333333333,0.08888888888888895,0.040972222222222146,0.011111111111111183,0.0027777777777779067,0.0041666666666667004,both_fail
6,600,2010,benign_assessed,clarify,edge__benign_assessed__clarify,44,43,0.5541666666666666,0.5652777777777778,-0.0111111111111111,0.0902777777777779,0.0847222222222222,0.0055555555555556,0.0430555555555555,0.0375,0.0055555555555555,True,True,True,True,False,False,False,False,False,False,0.0,0.0027777777777777,False,False,False,True,False,0.5597222222222222,0.08750000000000005,0.040277777777777746,0.011111111111111183,0.005555555555555702,0.005555555555555501,both_fail
6,600,2011,benign_assessed,clarify,edge__benign_assessed__clarify,44,43,0.5055555555555555,0.5152777777777777,-0.0097222222222221,0.1069444444444444,0.1055555555555556,0.0013888888888887,0.0722222222222222,0.0736111111111111,-0.0013888888888888,True,True,True,True,False,False,False,False,False,False,0.0,0.0013888888888888,False,False,False,True,False,0.5104166666666666,0.10625,0.07291666666666666,0.009722222222222188,0.0013888888888888007,0.0013888888888888978,both_fail
6,600,2012,benign_assessed,clarify,edge__benign_assessed__clarify,43,42,0.4875,0.4986111111111111,-0.0111111111111111,0.1125000000000001,0.0930555555555555,0.0194444444444445,0.0736111111111111,0.0777777777777777,-0.0041666666666666,True,True,True,True,False,False,False,False,False,False,0.0,0.0013888888888888,False,False,False,True,False,0.4930555555555556,0.1027777777777778,0.0756944444444444,0.011111111111111127,0.019444444444444597,0.004166666666666596,both_fail
6,600,2013,benign_assessed,clarify,edge__benign_assessed__clarify,44,43,0.5541666666666666,0.5652777777777778,-0.0111111111111111,0.0902777777777779,0.0847222222222222,0.0055555555555556,0.0430555555555555,0.0375,0.0055555555555555,True,True,True,True,False,False,False,False,False,False,0.0,0.0027777777777777,False,False,False,True,False,0.5597222222222222,0.08750000000000005,0.040277777777777746,0.011111111111111183,0.005555555555555702,0.005555555555555501,both_fail
6,600,2014,benign_assessed,clarify,edge__benign_assessed__clarify,44,43,0.5444444444444444,0.5555555555555556,-0.0111111111111111,0.0972222222222223,0.0944444444444444,0.0027777777777778,0.0472222222222222,0.0444444444444444,0.0027777777777777,True,True,True,True,False,False,False,False,False,False,0.0027777777777777,0.0027777777777777,False,False,False,True,False,0.55,0.09583333333333335,0.045833333333333295,0.011111111111111183,0.002777777777777893,0.0027777777777778026,both_fail
6,600,2015,benign_assessed,clarify,edge__benign_assessed__clarify,43,42,0.5444444444444444,0.5555555555555556,-0.0111111111111111,0.0972222222222223,0.0944444444444444,0.0027777777777778,0.0472222222222222,0.0444444444444444,0.0027777777777777,True,True,True,True,False,False,False,False,False,False,0.0027777777777777,0.0027777777777777,False,False,False,True,False,0.55,0.09583333333333335,0.045833333333333295,0.011111111111111183,0.002777777777777893,0.0027777777777778026,both_fail
6,1200,2000,benign_assessed,clarify,edge__benign_assessed__clarify,42,41,0.7999999999999999,0.8013888888888888,-0.0013888888888888,0.0541666666666666,0.0722222222222223,-0.0180555555555556,0.0722222222222222,0.0736111111111111,-0.0013888888888888,True,True,True,True,False,False,True,True,False,False,0.0,0.0,False,False,False,True,False,0.8006944444444444,0.06319444444444444,0.07291666666666666,0.001388888888888884,0.0180555555555557,0.0013888888888888978,both_fail
6,1200,2001,benign_assessed,clarify,edge__benign_assessed__clarify,43,42,0.5333333333333333,0.5472222222222223,-0.0138888888888889,0.0916666666666666,0.0819444444444443,0.0097222222222222,0.0458333333333333,0.0430555555555555,0.0027777777777777,True,True,True,True,False,False,False,False,False,False,0.0027777777777777,0.0027777777777777,False,False,False,True,False,0.5402777777777779,0.08680555555555546,0.0444444444444444,0.01388888888888895,0.009722222222222299,0.0027777777777778026,both_fail
6,1200,2002,benign_assessed,clarify,edge__benign_assessed__clarify,42,41,0.5319444444444444,0.5458333333333333,-0.0138888888888888,0.0930555555555555,0.0833333333333333,0.0097222222222221,0.0472222222222222,0.0444444444444444,0.0027777777777777,True,True,True,True,False,False,False,False,False,False,0.0027777777777777,0.0027777777777777,False,False,False,True,False,0.5388888888888889,0.08819444444444441,0.045833333333333295,0.01388888888888884,0.009722222222222202,0.0027777777777778026,both_fail
6,1200,2003,benign_assessed,clarify,edge__benign_assessed__clarify,44,43,0.5361111111111112,0.5472222222222223,-0.011111111111111,0.084722222222222,0.0916666666666666,-0.0069444444444446,0.0486111111111111,0.0472222222222222,0.0013888888888888,True,True,True,True,False,False,False,False,False,False,0.0,0.0,False,False,False,True,False,0.5416666666666667,0.0881944444444443,0.04791666666666665,0.011111111111111072,0.0069444444444446,0.0013888888888888978,both_fail
6,1200,2004,benign_assessed,clarify,edge__benign_assessed__clarify,43,42,0.5194444444444444,0.5444444444444444,-0.025,0.0944444444444445,0.0791666666666667,0.0152777777777778,0.0375,0.0361111111111111,0.0013888888888888,True,True,True,True,False,False,False,False,False,False,0.0013888888888888,0.0013888888888888,False,False,False,True,False,0.5319444444444443,0.08680555555555561,0.03680555555555555,0.025000000000000022,0.015277777777777793,0.0013888888888888978,both_fail
6,1200,2005,benign_assessed,clarify,edge__benign_assessed__clarify,42,41,0.3208333333333333,0.323611111111111,-0.0027777777777777,0.1152777777777777,0.15,-0.0347222222222223,0.0611111111111111,0.0527777777777777,0.0083333333333333,True,True,True,True,False,True,True,True,False,True,0.0,0.0013888888888888,False,True,False,False,True,0.3222222222222222,0.13263888888888886,0.0569444444444444,0.0027777777777777124,0.03472222222222229,0.008333333333333401,absent_only
6,1200,2006,benign_assessed,clarify,edge__benign_assessed__clarify,43,42,0.5152777777777777,0.5361111111111111,-0.0208333333333333,0.1083333333333333,0.0916666666666666,0.0166666666666667,0.0569444444444444,0.0527777777777777,0.0041666666666666,True,True,True,True,False,False,False,False,False,False,0.0,0.0,False,False,False,True,False,0.5256944444444445,0.09999999999999995,0.054861111111111055,0.02083333333333337,0.01666666666666669,0.0041666666666667004,both_fail
6,1200,2007,benign_assessed,clarify,edge__benign_assessed__clarify,43,42,0.5319444444444444,0.5305555555555556,0.0013888888888888,0.1208333333333333,0.1347222222222223,-0.0138888888888889,0.0597222222222222,0.0680555555555555,-0.0083333333333333,True,True,True,True,False,False,False,False,False,False,0.0013888888888888,0.0013888888888888,False,False,False,True,False,0.53125,0.1277777777777778,0.06388888888888884,0.001388888888888884,0.013888888888888992,0.008333333333333297,both_fail
6,1200,2008,benign_assessed,clarify,edge__benign_assessed__clarify,43,42,0.5263888888888889,0.5291666666666667,-0.0027777777777777,0.0888888888888889,0.1083333333333333,-0.0194444444444444,0.0486111111111111,0.0527777777777777,-0.0041666666666666,True,True,True,True,False,False,False,False,False,False,0.0,0.0,False,False,False,True,False,0.5277777777777778,0.0986111111111111,0.0506944444444444,0.002777777777777768,0.01944444444444439,0.004166666666666603,both_fail
6,1200,2009,benign_assessed,clarify,edge__benign_assessed__clarify,43,42,0.5416666666666666,0.5569444444444444,-0.0152777777777777,0.0791666666666667,0.0791666666666667,0.0,0.0388888888888888,0.0333333333333333,0.0055555555555555,True,True,True,True,False,False,False,False,False,False,0.0013888888888888,0.0027777777777777,False,False,False,True,False,0.5493055555555555,0.0791666666666667,0.03611111111111105,0.015277777777777724,0.0,0.005555555555555501,both_fail
6,1200,2010,benign_assessed,clarify,edge__benign_assessed__clarify,44,43,0.5444444444444444,0.5597222222222221,-0.0152777777777777,0.0763888888888889,0.0777777777777779,-0.0013888888888889,0.0361111111111111,0.0319444444444444,0.0041666666666666,True,True,True,True,False,False,False,False,False,False,0.0013888888888888,0.0013888888888888,False,False,False,True,False,0.5520833333333333,0.07708333333333339,0.034027777777777754,0.015277777777777724,0.0013888888888890089,0.0041666666666667004,both_fail
6,1200,2011,benign_assessed,clarify,edge__benign_assessed__clarify,44,43,0.4833333333333333,0.4847222222222222,-0.0013888888888888,0.0986111111111111,0.1055555555555555,-0.0069444444444444,0.0763888888888889,0.075,0.0013888888888888,True,True,True,True,False,False,False,False,False,False,0.0013888888888888,0.0013888888888888,False,False,False,True,False,0.4840277777777777,0.1020833333333333,0.07569444444444445,0.0013888888888889395,0.006944444444444406,0.0013888888888888978,both_fail
6,1200,2012,benign_assessed,clarify,edge__benign_assessed__clarify,43,42,0.4875,0.4583333333333333,0.0291666666666666,0.0958333333333333,0.1152777777777778,-0.0194444444444444,0.0624999999999999,0.0847222222222222,-0.0222222222222222,True,True,True,True,False,False,False,False,False,False,0.0013888888888888,0.0013888888888888,False,False,False,True,False,0.47291666666666665,0.10555555555555554,0.07361111111111104,0.029166666666666674,0.0194444444444445,0.022222222222222296,both_fail
6,1200,2013,benign_assessed,clarify,edge__benign_assessed__clarify,44,43,0.5444444444444444,0.5597222222222221,-0.0152777777777777,0.0763888888888889,0.0777777777777779,-0.0013888888888889,0.0361111111111111,0.0319444444444444,0.0041666666666666,True,True,True,True,False,False,False,False,False,False,0.0013888888888888,0.0013888888888888,False,False,False,True,False,0.5520833333333333,0.07708333333333339,0.034027777777777754,0.015277777777777724,0.0013888888888890089,0.0041666666666667004,both_fail
6,1200,2014,benign_assessed,clarify,edge__benign_assessed__clarify,44,43,0.5333333333333333,0.5458333333333333,-0.0124999999999999,0.0916666666666666,0.0833333333333333,0.0083333333333333,0.0458333333333333,0.0430555555555555,0.0027777777777777,True,True,True,True,False,False,False,False,False,False,0.0027777777777777,0.0027777777777777,False,False,False,True,False,0.5395833333333333,0.08749999999999995,0.0444444444444444,0.012499999999999956,0.008333333333333304,0.0027777777777778026,both_fail
6,1200,2015,benign_assessed,clarify,edge__benign_assessed__clarify,43,42,0.5333333333333333,0.5472222222222223,-0.0138888888888889,0.0916666666666666,0.0819444444444443,0.0097222222222222,0.0458333333333333,0.0430555555555555,0.0027777777777777,True,True,True,True,False,False,False,False,False,False,0.0027777777777777,0.0027777777777777,False,False,False,True,False,0.5402777777777779,0.08680555555555546,0.0444444444444444,0.01388888888888895,0.009722222222222299,0.0027777777777778026,both_fail
6,2400,2000,benign_assessed,clarify,edge__benign_assessed__clarify,42,41,0.7972222222222222,0.8013888888888888,-0.0041666666666666,0.0486111111111112,0.0736111111111111,-0.0249999999999999,0.0638888888888889,0.0611111111111111,0.0027777777777777,True,True,True,True,False,False,True,True,False,False,0.0013888888888888,0.0,False,False,False,True,False,0.7993055555555555,0.06111111111111115,0.0625,0.004166666666666652,0.024999999999999897,0.0027777777777777957,both_fail
6,2400,2001,benign_assessed,clarify,edge__benign_assessed__clarify,43,42,0.5138888888888888,0.5444444444444444,-0.0305555555555555,0.1083333333333333,0.0833333333333333,0.025,0.0472222222222222,0.0402777777777777,0.0069444444444444,True,True,True,True,False,False,False,False,False,False,0.0013888888888888,0.0013888888888888,False,False,False,True,False,0.5291666666666666,0.0958333333333333,0.04374999999999995,0.030555555555555558,0.024999999999999994,0.006944444444444503,both_fail
6,2400,2002,benign_assessed,clarify,edge__benign_assessed__clarify,42,41,0.5125,0.5444444444444444,-0.0319444444444444,0.1111111111111111,0.0847222222222222,0.0263888888888889,0.0486111111111111,0.0388888888888888,0.0097222222222222,True,True,True,True,False,False,False,False,False,False,0.0013888888888888,0.0027777777777777,False,False,False,True,False,0.5284722222222222,0.09791666666666665,0.04374999999999995,0.03194444444444444,0.026388888888888906,0.009722222222222299,both_fail
6,2400,2003,benign_assessed,clarify,edge__benign_assessed__clarify,44,43,0.5083333333333333,0.5347222222222222,-0.0263888888888889,0.1125,0.1013888888888888,0.0111111111111111,0.05,0.05,0.0,True,True,True,True,False,False,False,False,False,False,0.0,0.0,False,False,False,True,False,0.5215277777777778,0.1069444444444444,0.05,0.026388888888888906,0.011111111111111197,0.0,both_fail
6,2400,2004,benign_assessed,clarify,edge__benign_assessed__clarify,43,42,0.5069444444444444,0.5388888888888889,-0.0319444444444444,0.1027777777777778,0.0736111111111111,0.0291666666666666,0.0375,0.0347222222222222,0.0027777777777777,True,True,True,True,False,False,False,False,False,False,0.0,0.0027777777777777,False,False,False,True,False,0.5229166666666667,0.08819444444444445,0.0361111111111111,0.03194444444444444,0.029166666666666702,0.0027777777777777957,both_fail
6,2400,2005,benign_assessed,clarify,edge__benign_assessed__clarify,42,41,0.3333333333333333,0.3291666666666666,0.0041666666666667,0.0999999999999999,0.1541666666666666,-0.0541666666666666,0.0569444444444444,0.0555555555555555,0.0013888888888888,True,True,True,True,False,False,True,True,False,False,0.0,0.0,False,False,False,True,False,0.33124999999999993,0.12708333333333324,0.05624999999999995,0.004166666666666707,0.054166666666666696,0.0013888888888889048,both_fail
6,2400,2006,benign_assessed,clarify,edge__benign_assessed__clarify,43,42,0.5152777777777777,0.5402777777777777,-0.025,0.1041666666666667,0.0777777777777778,0.0263888888888889,0.0527777777777777,0.0375,0.0152777777777777,True,True,True,True,False,False,False,False,False,False,0.0,0.0027777777777777,False,False,False,True,False,0.5277777777777777,0.09097222222222226,0.04513888888888885,0.025000000000000022,0.026388888888888892,0.015277777777777703,both_fail
6,2400,2007,benign_assessed,clarify,edge__benign_assessed__clarify,43,42,0.523611111111111,0.5333333333333333,-0.0097222222222222,0.1402777777777779,0.1388888888888889,0.0013888888888889,0.0624999999999999,0.0722222222222222,-0.0097222222222222,True,True,True,True,False,False,False,False,False,False,0.0013888888888888,0.0,False,False,False,True,False,0.5284722222222222,0.1395833333333334,0.06736111111111105,0.009722222222222299,0.001388888888888995,0.009722222222222299,both_fail
6,2400,2008,benign_assessed,clarify,edge__benign_assessed__clarify,43,42,0.523611111111111,0.5263888888888889,-0.0027777777777778,0.0791666666666667,0.1083333333333332,-0.0291666666666665,0.0444444444444444,0.0499999999999999,-0.0055555555555555,True,True,True,True,False,False,False,False,False,False,0.0027777777777777,0.0013888888888888,False,False,False,True,False,0.5249999999999999,0.09374999999999994,0.04722222222222215,0.002777777777777879,0.029166666666666494,0.005555555555555501,both_fail
6,2400,2009,benign_assessed,clarify,edge__benign_assessed__clarify,43,42,0.5194444444444444,0.5499999999999999,-0.0305555555555555,0.1,0.0833333333333333,0.0166666666666667,0.0402777777777777,0.0347222222222222,0.0055555555555555,True,True,True,True,False,False,False,False,False,False,0.0013888888888888,0.0013888888888888,False,False,False,True,False,0.5347222222222221,0.09166666666666665,0.03749999999999995,0.030555555555555558,0.016666666666666705,0.005555555555555494,both_fail
6,2400,2010,benign_assessed,clarify,edge__benign_assessed__clarify,44,43,0.523611111111111,0.5527777777777777,-0.0291666666666666,0.0972222222222223,0.0791666666666667,0.0180555555555556,0.0375,0.0305555555555555,0.0069444444444444,True,True,True,True,False,False,False,False,False,False,0.0013888888888888,0.0027777777777777,False,False,False,True,False,0.5381944444444444,0.08819444444444449,0.03402777777777775,0.029166666666666674,0.01805555555555559,0.0069444444444445,both_fail
6,2400,2011,benign_assessed,clarify,edge__benign_assessed__clarify,44,43,0.5013888888888889,0.5055555555555555,-0.0041666666666666,0.1055555555555555,0.1041666666666667,0.0013888888888887,0.0638888888888889,0.0680555555555555,-0.0041666666666666,True,True,True,True,False,False,False,False,False,False,0.0013888888888888,0.0013888888888888,False,False,False,True,False,0.5034722222222222,0.1048611111111111,0.0659722222222222,0.004166666666666652,0.0013888888888888007,0.004166666666666596,both_fail
6,2400,2012,benign_assessed,clarify,edge__benign_assessed__clarify,43,42,0.4722222222222222,0.4763888888888889,-0.0041666666666667,0.1208333333333333,0.1097222222222222,0.0111111111111111,0.0722222222222222,0.0763888888888888,-0.0041666666666666,True,True,True,True,False,False,False,False,False,False,0.0027777777777777,0.0027777777777777,False,False,False,True,False,0.47430555555555554,0.11527777777777776,0.0743055555555555,0.004166666666666707,0.011111111111111113,0.004166666666666596,both_fail
6,2400,2013,benign_assessed,clarify,edge__benign_assessed__clarify,44,43,0.523611111111111,0.5527777777777777,-0.0291666666666666,0.0972222222222223,0.0791666666666667,0.0180555555555556,0.0375,0.0305555555555555,0.0069444444444444,True,True,True,True,False,False,False,False,False,False,0.0013888888888888,0.0027777777777777,False,False,False,True,False,0.5381944444444444,0.08819444444444449,0.03402777777777775,0.029166666666666674,0.01805555555555559,0.0069444444444445,both_fail
6,2400,2014,benign_assessed,clarify,edge__benign_assessed__clarify,44,43,0.5138888888888888,0.5444444444444444,-0.0305555555555555,0.1083333333333333,0.0833333333333333,0.025,0.0472222222222222,0.0402777777777777,0.0069444444444444,True,True,True,True,False,False,False,False,False,False,0.0013888888888888,0.0013888888888888,False,False,False,True,False,0.5291666666666666,0.0958333333333333,0.04374999999999995,0.030555555555555558,0.024999999999999994,0.006944444444444503,both_fail
6,2400,2015,benign_assessed,clarify,edge__benign_assessed__clarify,43,42,0.5138888888888888,0.5444444444444444,-0.0305555555555555,0.1083333333333333,0.0833333333333333,0.025,0.0472222222222222,0.0402777777777777,0.0069444444444444,True,True,True,True,False,False,False,False,False,False,0.0013888888888888,0.0013888888888888,False,False,False,True,False,0.5291666666666666,0.0958333333333333,0.04374999999999995,0.030555555555555558,0.024999999999999994,0.006944444444444503,both_fail
7,600,2000,benign_assessed,clarify,edge__benign_assessed__clarify,42,41,0.5027777777777778,0.4777777777777778,0.0249999999999999,0.2277777777777777,0.2819444444444444,-0.0541666666666666,0.2972222222222222,0.3305555555555556,-0.0333333333333333,True,True,True,True,True,True,True,True,True,True,0.0083333333333333,0.0069444444444444,False,False,True,False,False,0.4902777777777778,0.25486111111111104,0.3138888888888889,0.024999999999999967,0.054166666666666696,0.03333333333333338,both_pass
7,600,2001,benign_assessed,clarify,edge__benign_assessed__clarify,43,42,0.2944444444444444,0.3305555555555555,-0.036111111111111,0.3277777777777778,0.2708333333333333,0.0569444444444444,0.2902777777777778,0.2763888888888888,0.0138888888888889,True,True,True,True,True,True,True,True,True,True,0.0041666666666666,0.0111111111111111,False,False,True,False,False,0.31249999999999994,0.29930555555555555,0.2833333333333333,0.036111111111111094,0.056944444444444464,0.013888888888889006,both_pass
7,600,2002,benign_assessed,clarify,edge__benign_assessed__clarify,42,41,0.2958333333333333,0.3208333333333333,-0.025,0.3305555555555555,0.2972222222222222,0.0333333333333333,0.2916666666666667,0.2847222222222222,0.0069444444444444,True,True,True,True,True,True,True,True,True,True,0.0069444444444444,0.0138888888888888,False,False,True,False,False,0.3083333333333333,0.3138888888888889,0.2881944444444444,0.025000000000000022,0.03333333333333327,0.006944444444444475,both_pass
7,600,2003,benign_assessed,clarify,edge__benign_assessed__clarify,44,43,0.2958333333333333,0.3569444444444444,-0.0611111111111111,0.3166666666666667,0.2333333333333333,0.0833333333333333,0.2833333333333333,0.2402777777777777,0.0430555555555555,True,True,True,True,True,True,True,True,True,True,0.0041666666666666,0.0125,False,False,True,False,False,0.32638888888888884,0.275,0.2618055555555555,0.061111111111111116,0.0833333333333334,0.043055555555555625,both_pass
7,600,2004,benign_assessed,clarify,edge__benign_assessed__clarify,43,42,0.3208333333333333,0.3402777777777778,-0.0194444444444444,0.2625,0.2333333333333332,0.0291666666666667,0.2611111111111111,0.2236111111111111,0.0375,True,True,True,True,True,True,True,True,True,True,0.0041666666666666,0.0111111111111111,False,False,True,False,False,0.33055555555555555,0.24791666666666662,0.2423611111111111,0.019444444444444486,0.029166666666666813,0.03750000000000003,both_pass
7,600,2005,benign_assessed,clarify,edge__benign_assessed__clarify,42,41,0.2666666666666666,0.3041666666666667,-0.0375,0.3361111111111111,0.2944444444444444,0.0416666666666666,0.2972222222222222,0.2888888888888888,0.0083333333333333,True,True,True,True,True,True,True,True,True,True,0.0125,0.0111111111111111,False,False,True,False,False,0.28541666666666665,0.31527777777777777,0.2930555555555555,0.03750000000000009,0.041666666666666685,0.008333333333333415,both_pass
7,600,2006,benign_assessed,clarify,edge__benign_assessed__clarify,43,42,0.2666666666666666,0.2916666666666667,-0.025,0.2347222222222222,0.2097222222222222,0.025,0.3319444444444444,0.3041666666666667,0.0277777777777777,True,True,True,True,True,True,True,True,True,True,0.0083333333333333,0.0208333333333333,False,False,True,False,False,0.2791666666666667,0.2222222222222222,0.31805555555555554,0.025000000000000078,0.024999999999999994,0.02777777777777768,both_pass
7,600,2007,benign_assessed,clarify,edge__benign_assessed__clarify,43,42,0.3083333333333333,0.3791666666666666,-0.0708333333333333,0.2763888888888888,0.2041666666666666,0.0722222222222221,0.2777777777777778,0.2444444444444444,0.0333333333333333,True,True,True,True,True,True,True,True,True,True,0.0041666666666666,0.0097222222222222,False,False,True,False,False,0.34374999999999994,0.2402777777777777,0.26111111111111107,0.0708333333333333,0.07222222222222219,0.03333333333333338,both_pass
7,600,2008,benign_assessed,clarify,edge__benign_assessed__clarify,43,42,0.3430555555555555,0.3583333333333333,-0.0152777777777777,0.2875000000000001,0.2555555555555555,0.0319444444444446,0.2708333333333333,0.2430555555555555,0.0277777777777777,True,True,True,True,True,True,True,True,True,True,0.0013888888888888,0.0097222222222222,False,False,True,False,False,0.3506944444444444,0.2715277777777778,0.2569444444444444,0.015277777777777779,0.03194444444444461,0.027777777777777818,both_pass
7,600,2009,benign_assessed,clarify,edge__benign_assessed__clarify,43,42,0.3,0.3125,-0.0125,0.2930555555555555,0.2680555555555555,0.025,0.2749999999999999,0.2805555555555555,-0.0055555555555555,True,True,True,True,True,True,True,True,True,True,0.0083333333333333,0.0097222222222222,False,False,True,False,False,0.30625,0.2805555555555555,0.2777777777777777,0.012500000000000011,0.025000000000000022,0.005555555555555591,both_pass
7,600,2010,benign_assessed,clarify,edge__benign_assessed__clarify,44,43,0.2930555555555555,0.3555555555555555,-0.0625,0.3138888888888888,0.2333333333333333,0.0805555555555554,0.2791666666666667,0.2458333333333333,0.0333333333333333,True,True,True,True,True,True,True,True,True,True,0.0041666666666666,0.0097222222222222,False,False,True,False,False,0.3243055555555555,0.273611111111111,0.26249999999999996,0.0625,0.08055555555555546,0.03333333333333338,both_pass
7,600,2011,benign_assessed,clarify,edge__benign_assessed__clarify,44,43,0.3569444444444444,0.3541666666666667,0.0027777777777777,0.3236111111111111,0.3361111111111111,-0.0124999999999999,0.2875,0.2875,0.0,True,True,True,True,True,True,True,True,True,True,0.0138888888888888,0.0138888888888888,False,False,True,False,False,0.3555555555555555,0.3298611111111111,0.2875,0.0027777777777777124,0.012499999999999956,0.0,both_pass
7,600,2012,benign_assessed,clarify,edge__benign_assessed__clarify,43,42,0.3597222222222222,0.3708333333333333,-0.0111111111111111,0.3291666666666666,0.3180555555555555,0.0111111111111111,0.2875,0.2916666666666667,-0.0041666666666667,True,True,True,True,True,True,True,True,True,True,0.0138888888888888,0.0138888888888888,False,False,True,False,False,0.36527777777777776,0.32361111111111107,0.2895833333333333,0.011111111111111072,0.011111111111111127,0.004166666666666707,both_pass
7,600,2013,benign_assessed,clarify,edge__benign_assessed__clarify,44,43,0.2930555555555555,0.3555555555555555,-0.0625,0.3138888888888888,0.2333333333333333,0.0805555555555554,0.2791666666666667,0.2458333333333333,0.0333333333333333,True,True,True,True,True,True,True,True,True,True,0.0041666666666666,0.0097222222222222,False,False,True,False,False,0.3243055555555555,0.273611111111111,0.26249999999999996,0.0625,0.08055555555555546,0.03333333333333338,both_pass
7,600,2014,benign_assessed,clarify,edge__benign_assessed__clarify,44,43,0.2944444444444444,0.3305555555555555,-0.036111111111111,0.3277777777777778,0.2749999999999999,0.0527777777777778,0.2902777777777778,0.2777777777777777,0.0125,True,True,True,True,True,True,True,True,True,True,0.0041666666666666,0.0097222222222222,False,False,True,False,False,0.31249999999999994,0.3013888888888888,0.28402777777777777,0.036111111111111094,0.05277777777777787,0.012500000000000122,both_pass
7,600,2015,benign_assessed,clarify,edge__benign_assessed__clarify,43,42,0.2944444444444444,0.3305555555555555,-0.036111111111111,0.3277777777777778,0.2708333333333333,0.0569444444444444,0.2902777777777778,0.2763888888888888,0.0138888888888889,True,True,True,True,True,True,True,True,True,True,0.0041666666666666,0.0111111111111111,False,False,True,False,False,0.31249999999999994,0.29930555555555555,0.2833333333333333,0.036111111111111094,0.056944444444444464,0.013888888888889006,both_pass
7,1200,2000,benign_assessed,clarify,edge__benign_assessed__clarify,42,41,0.4819444444444444,0.4375,0.0444444444444444,0.2166666666666666,0.2638888888888888,-0.0472222222222222,0.2916666666666666,0.3416666666666667,-0.05,True,True,True,True,True,True,True,True,True,True,0.0097222222222222,0.0055555555555555,False,False,True,False,False,0.4597222222222222,0.2402777777777777,0.31666666666666665,0.0444444444444444,0.04722222222222219,0.0500000000000001,both_pass
7,1200,2001,benign_assessed,clarify,edge__benign_assessed__clarify,43,42,0.3138888888888889,0.3222222222222222,-0.0083333333333333,0.3097222222222222,0.2986111111111111,0.0111111111111111,0.2777777777777778,0.2708333333333333,0.0069444444444444,True,True,True,True,True,True,True,True,True,True,0.0027777777777777,0.0097222222222222,False,False,True,False,False,0.31805555555555554,0.30416666666666664,0.2743055555555556,0.008333333333333304,0.011111111111111072,0.006944444444444475,both_pass
7,1200,2002,benign_assessed,clarify,edge__benign_assessed__clarify,42,41,0.3291666666666666,0.3291666666666666,0.0,0.2986111111111111,0.3013888888888889,-0.0027777777777777,0.2847222222222222,0.2722222222222222,0.0125,True,True,True,True,True,True,True,True,True,True,0.0069444444444444,0.0083333333333333,False,False,True,False,False,0.3291666666666666,0.3,0.27847222222222223,0.0,0.002777777777777768,0.012500000000000011,both_pass
7,1200,2003,benign_assessed,clarify,edge__benign_assessed__clarify,44,43,0.3111111111111111,0.3374999999999999,-0.0263888888888888,0.298611111111111,0.2750000000000001,0.0236111111111109,0.275,0.2444444444444444,0.0305555555555555,True,True,True,True,True,True,True,True,True,True,0.0041666666666666,0.0069444444444444,False,False,True,False,False,0.3243055555555555,0.28680555555555554,0.2597222222222222,0.026388888888888795,0.023611111111110916,0.030555555555555614,both_pass
7,1200,2004,benign_assessed,clarify,edge__benign_assessed__clarify,43,42,0.2875,0.3166666666666666,-0.0291666666666666,0.2583333333333332,0.2361111111111111,0.022222222222222,0.261111111111111,0.2458333333333333,0.0152777777777777,True,True,True,True,True,True,True,True,True,True,0.0083333333333333,0.0069444444444444,False,False,True,False,False,0.30208333333333326,0.24722222222222215,0.25347222222222215,0.02916666666666662,0.022222222222222088,0.015277777777777724,both_pass
7,1200,2005,benign_assessed,clarify,edge__benign_assessed__clarify,42,41,0.2916666666666667,0.3277777777777778,-0.036111111111111,0.2986111111111111,0.2902777777777778,0.0083333333333333,0.2958333333333333,0.2555555555555555,0.0402777777777777,True,True,True,True,True,True,True,True,True,True,0.0083333333333333,0.0111111111111111,False,False,True,False,False,0.30972222222222223,0.29444444444444445,0.27569444444444435,0.036111111111111094,0.008333333333333304,0.0402777777777778,both_pass
7,1200,2006,benign_assessed,clarify,edge__benign_assessed__clarify,43,42,0.2583333333333333,0.2819444444444444,-0.0236111111111111,0.2208333333333333,0.2152777777777778,0.0055555555555555,0.2958333333333333,0.3083333333333333,-0.0125,True,True,True,True,True,True,True,True,True,True,0.0125,0.0208333333333333,False,False,True,False,False,0.2701388888888888,0.21805555555555556,0.30208333333333326,0.023611111111111083,0.005555555555555508,0.012500000000000011,both_pass
7,1200,2007,benign_assessed,clarify,edge__benign_assessed__clarify,43,42,0.3194444444444445,0.3611111111111111,-0.0416666666666666,0.2791666666666667,0.25,0.0291666666666666,0.2611111111111111,0.2347222222222222,0.0263888888888889,True,True,True,True,True,False,True,True,True,False,0.0027777777777777,0.0111111111111111,True,False,False,False,True,0.3402777777777778,0.26458333333333334,0.24791666666666667,0.04166666666666663,0.029166666666666674,0.026388888888888934,present_only
7,1200,2008,benign_assessed,clarify,edge__benign_assessed__clarify,43,42,0.3291666666666666,0.3583333333333333,-0.0291666666666666,0.2833333333333334,0.2708333333333333,0.0125,0.2763888888888889,0.2444444444444444,0.0319444444444444,True,True,True,True,True,True,True,True,True,True,0.0013888888888888,0.0055555555555555,False,False,True,False,False,0.34374999999999994,0.27708333333333335,0.26041666666666663,0.029166666666666674,0.012500000000000067,0.0319444444444445,both_pass
7,1200,2009,benign_assessed,clarify,edge__benign_assessed__clarify,43,42,0.3055555555555556,0.3166666666666666,-0.011111111111111,0.288888888888889,0.2833333333333333,0.0055555555555556,0.2819444444444444,0.2680555555555555,0.0138888888888888,True,True,True,True,True,True,True,True,True,True,0.0027777777777777,0.0125,False,False,True,False,False,0.3111111111111111,0.28611111111111115,0.2749999999999999,0.011111111111111016,0.005555555555555647,0.013888888888888895,both_pass
7,1200,2010,benign_assessed,clarify,edge__benign_assessed__clarify,44,43,0.3125,0.3402777777777777,-0.0277777777777777,0.2888888888888888,0.2652777777777778,0.023611111111111,0.2625,0.2430555555555555,0.0194444444444444,True,True,True,True,True,True,True,True,True,True,0.0041666666666666,0.0055555555555555,False,False,True,False,False,0.32638888888888884,0.2770833333333333,0.25277777777777777,0.02777777777777768,0.023611111111111027,0.019444444444444514,both_pass
7,1200,2011,benign_assessed,clarify,edge__benign_assessed__clarify,44,43,0.3333333333333333,0.3736111111111111,-0.0402777777777777,0.3347222222222221,0.3277777777777777,0.0069444444444444,0.3027777777777777,0.3013888888888889,0.0013888888888888,True,True,True,True,True,True,True,True,True,True,0.0111111111111111,0.0125,False,False,True,False,False,0.3534722222222222,0.33124999999999993,0.30208333333333326,0.0402777777777778,0.006944444444444364,0.0013888888888888284,both_pass
7,1200,2012,benign_assessed,clarify,edge__benign_assessed__clarify,43,42,0.3361111111111111,0.3833333333333333,-0.0472222222222222,0.3319444444444444,0.2999999999999999,0.0319444444444445,0.3055555555555555,0.2916666666666666,0.0138888888888888,True,True,True,True,True,True,True,True,True,True,0.0097222222222222,0.0111111111111111,False,False,True,False,False,0.35972222222222217,0.3159722222222221,0.29861111111111105,0.04722222222222222,0.0319444444444445,0.01388888888888895,both_pass
7,1200,2013,benign_assessed,clarify,edge__benign_assessed__clarify,44,43,0.3125,0.3402777777777777,-0.0277777777777777,0.2888888888888888,0.2652777777777778,0.023611111111111,0.2625,0.2430555555555555,0.0194444444444444,True,True,True,True,True,True,True,True,True,True,0.0041666666666666,0.0055555555555555,False,False,True,False,False,0.32638888888888884,0.2770833333333333,0.25277777777777777,0.02777777777777768,0.023611111111111027,0.019444444444444514,both_pass
7,1200,2014,benign_assessed,clarify,edge__benign_assessed__clarify,44,43,0.3138888888888889,0.3277777777777778,-0.0138888888888888,0.3097222222222222,0.2930555555555555,0.0166666666666666,0.2777777777777778,0.2652777777777778,0.0125,True,True,True,True,True,True,True,True,True,True,0.0027777777777777,0.0097222222222222,False,False,True,False,False,0.3208333333333333,0.3013888888888888,0.2715277777777778,0.013888888888888895,0.016666666666666663,0.012500000000000011,both_pass
7,1200,2015,benign_assessed,clarify,edge__benign_assessed__clarify,43,42,0.3138888888888889,0.3222222222222222,-0.0083333333333333,0.3097222222222222,0.2986111111111111,0.0111111111111111,0.2777777777777778,0.2708333333333333,0.0069444444444444,True,True,True,True,True,True,True,True,True,True,0.0027777777777777,0.0097222222222222,False,False,True,False,False,0.31805555555555554,0.30416666666666664,0.2743055555555556,0.008333333333333304,0.011111111111111072,0.006944444444444475,both_pass
7,2400,2000,benign_assessed,clarify,edge__benign_assessed__clarify,42,41,0.5069444444444444,0.4402777777777777,0.0666666666666666,0.2013888888888888,0.2777777777777778,-0.0763888888888889,0.2875,0.3277777777777778,-0.0402777777777778,True,True,True,True,True,True,True,True,True,True,0.0097222222222222,0.0041666666666666,False,False,True,False,False,0.4736111111111111,0.23958333333333331,0.3076388888888889,0.06666666666666671,0.07638888888888898,0.0402777777777778,both_pass
7,2400,2001,benign_assessed,clarify,edge__benign_assessed__clarify,43,42,0.3291666666666666,0.3305555555555555,-0.0013888888888888,0.2902777777777778,0.2930555555555555,-0.0027777777777777,0.2736111111111111,0.2611111111111111,0.0125,True,True,True,True,True,True,True,True,True,True,0.0027777777777777,0.0125,False,False,True,False,False,0.32986111111111105,0.29166666666666663,0.2673611111111111,0.001388888888888884,0.0027777777777777124,0.012499999999999956,both_pass
7,2400,2002,benign_assessed,clarify,edge__benign_assessed__clarify,42,41,0.3263888888888889,0.3402777777777778,-0.0138888888888888,0.3041666666666666,0.3013888888888889,0.0027777777777777,0.2861111111111111,0.2625,0.0236111111111111,True,True,True,True,True,True,True,True,True,True,0.0055555555555555,0.0111111111111111,False,False,True,False,False,0.33333333333333337,0.3027777777777777,0.2743055555555556,0.013888888888888895,0.0027777777777777124,0.023611111111111083,both_pass
7,2400,2003,benign_assessed,clarify,edge__benign_assessed__clarify,44,43,0.3277777777777778,0.3541666666666666,-0.0263888888888888,0.2888888888888888,0.2458333333333333,0.0430555555555554,0.2652777777777778,0.2277777777777777,0.0375,True,True,True,True,True,True,True,True,True,True,0.0055555555555555,0.0097222222222222,False,False,True,False,False,0.3409722222222222,0.26736111111111105,0.24652777777777773,0.026388888888888795,0.043055555555555514,0.03750000000000009,both_pass
7,2400,2004,benign_assessed,clarify,edge__benign_assessed__clarify,43,42,0.3138888888888889,0.3208333333333333,-0.0069444444444444,0.25,0.25,-5.551115123125783e-17,0.2458333333333333,0.2472222222222222,-0.0013888888888888,True,True,True,True,True,True,True,True,True,True,0.0055555555555555,0.0041666666666666,False,False,True,False,False,0.3173611111111111,0.25,0.24652777777777773,0.00694444444444442,0.0,0.0013888888888889117,both_pass
7,2400,2005,benign_assessed,clarify,edge__benign_assessed__clarify,42,41,0.2958333333333333,0.3180555555555556,-0.0222222222222222,0.2930555555555555,0.2847222222222221,0.0083333333333334,0.2888888888888888,0.2722222222222222,0.0166666666666666,True,True,True,True,True,True,True,True,True,True,0.0125,0.0111111111111111,False,False,True,False,False,0.30694444444444446,0.2888888888888888,0.2805555555555555,0.02222222222222231,0.008333333333333415,0.016666666666666607,both_pass
7,2400,2006,benign_assessed,clarify,edge__benign_assessed__clarify,43,42,0.2722222222222222,0.2833333333333333,-0.0111111111111111,0.2222222222222222,0.2263888888888888,-0.0041666666666665,0.3138888888888889,0.3180555555555556,-0.0041666666666667,True,True,True,True,True,True,True,True,True,True,0.0055555555555555,0.0180555555555555,False,False,True,False,False,0.2777777777777778,0.2243055555555555,0.3159722222222222,0.011111111111111127,0.004166666666666596,0.004166666666666707,both_pass
7,2400,2007,benign_assessed,clarify,edge__benign_assessed__clarify,43,42,0.3097222222222222,0.3638888888888889,-0.0541666666666666,0.2888888888888888,0.2416666666666667,0.0472222222222221,0.2611111111111111,0.2486111111111111,0.0125,True,True,True,True,True,True,True,True,True,True,0.0041666666666666,0.0125,False,False,True,False,False,0.3368055555555555,0.2652777777777777,0.2548611111111111,0.054166666666666696,0.04722222222222211,0.012500000000000039,both_pass
7,2400,2008,benign_assessed,clarify,edge__benign_assessed__clarify,43,42,0.3388888888888889,0.3583333333333333,-0.0194444444444444,0.2819444444444444,0.2611111111111111,0.0208333333333333,0.2680555555555556,0.2430555555555555,0.025,True,True,True,True,True,True,True,True,True,True,0.0055555555555555,0.0069444444444444,False,False,True,False,False,0.3486111111111111,0.27152777777777776,0.25555555555555554,0.019444444444444375,0.02083333333333326,0.025000000000000105,both_pass
7,2400,2009,benign_assessed,clarify,edge__benign_assessed__clarify,43,42,0.3222222222222222,0.3333333333333333,-0.011111111111111,0.2819444444444444,0.2527777777777778,0.0291666666666665,0.2763888888888889,0.2583333333333333,0.0180555555555556,True,True,True,True,True,True,True,True,True,True,0.0055555555555555,0.0125,False,False,True,False,False,0.3277777777777777,0.2673611111111111,0.2673611111111111,0.011111111111111127,0.029166666666666563,0.018055555555555602,both_pass
7,2400,2010,benign_assessed,clarify,edge__benign_assessed__clarify,44,43,0.325,0.3513888888888888,-0.0263888888888888,0.2847222222222221,0.2444444444444444,0.0402777777777776,0.2638888888888889,0.2305555555555555,0.0333333333333333,True,True,True,True,True,True,True,True,True,True,0.0055555555555555,0.0097222222222222,False,False,True,False,False,0.3381944444444444,0.2645833333333333,0.2472222222222222,0.026388888888888795,0.04027777777777769,0.03333333333333338,both_pass
7,2400,2011,benign_assessed,clarify,edge__benign_assessed__clarify,44,43,0.3388888888888889,0.3861111111111111,-0.0472222222222222,0.3597222222222223,0.323611111111111,0.0361111111111112,0.3125,0.3,0.0125,True,True,True,True,True,True,True,True,True,True,0.0083333333333333,0.0097222222222222,False,False,True,False,False,0.36250000000000004,0.3416666666666667,0.30625,0.04722222222222222,0.03611111111111126,0.012500000000000011,both_pass
7,2400,2012,benign_assessed,clarify,edge__benign_assessed__clarify,43,42,0.3375,0.375,-0.0374999999999999,0.3625,0.3180555555555555,0.0444444444444445,0.323611111111111,0.2944444444444444,0.0291666666666666,True,True,True,True,True,True,True,True,True,True,0.0083333333333333,0.0111111111111111,False,False,True,False,False,0.35625,0.34027777777777773,0.3090277777777777,0.03749999999999998,0.04444444444444451,0.02916666666666662,both_pass
7,2400,2013,benign_assessed,clarify,edge__benign_assessed__clarify,44,43,0.325,0.3513888888888888,-0.0263888888888888,0.2847222222222221,0.2444444444444444,0.0402777777777776,0.2638888888888889,0.2305555555555555,0.0333333333333333,True,True,True,True,True,True,True,True,True,True,0.0055555555555555,0.0097222222222222,False,False,True,False,False,0.3381944444444444,0.2645833333333333,0.2472222222222222,0.026388888888888795,0.04027777777777769,0.03333333333333338,both_pass
7,2400,2014,benign_assessed,clarify,edge__benign_assessed__clarify,44,43,0.3291666666666666,0.3305555555555555,-0.0013888888888888,0.2902777777777778,0.2930555555555555,-0.0027777777777777,0.2736111111111111,0.2611111111111111,0.0125,True,True,True,True,True,True,True,True,True,True,0.0027777777777777,0.0125,False,False,True,False,False,0.32986111111111105,0.29166666666666663,0.2673611111111111,0.001388888888888884,0.0027777777777777124,0.012499999999999956,both_pass
7,2400,2015,benign_assessed,clarify,edge__benign_assessed__clarify,43,42,0.3291666666666666,0.3305555555555555,-0.0013888888888888,0.2902777777777778,0.2930555555555555,-0.0027777777777777,0.2736111111111111,0.2611111111111111,0.0125,True,True,True,True,True,True,True,True,True,True,0.0027777777777777,0.0125,False,False,True,False,False,0.32986111111111105,0.29166666666666663,0.2673611111111111,0.001388888888888884,0.0027777777777777124,0.012499999999999956,both_pass
0,600,2000,risky_assessed,refuse,edge__risky_assessed__refuse,42,41,0.5208333333333334,0.4486111111111111,0.0722222222222222,0.1486111111111111,0.2569444444444443,-0.1083333333333332,0.2347222222222222,0.3625,-0.1277777777777777,True,True,True,True,False,True,True,True,False,True,0.0069444444444444,0.0166666666666666,False,True,False,False,True,0.4847222222222223,0.20277777777777772,0.2986111111111111,0.07222222222222224,0.1083333333333332,0.1277777777777778,absent_only
0,600,2001,risky_assessed,refuse,edge__risky_assessed__refuse,43,42,0.4833333333333333,0.4208333333333333,0.0625,0.148611111111111,0.2638888888888889,-0.1152777777777778,0.2513888888888889,0.3777777777777777,-0.1263888888888888,True,True,True,True,False,True,True,True,False,True,0.0055555555555555,0.0194444444444444,False,True,False,False,True,0.4520833333333333,0.20624999999999993,0.3145833333333333,0.0625,0.1152777777777779,0.12638888888888883,absent_only
0,600,2002,risky_assessed,refuse,edge__risky_assessed__refuse,42,41,0.4541666666666666,0.3944444444444444,0.0597222222222222,0.1708333333333333,0.2888888888888889,-0.1180555555555555,0.2736111111111111,0.4,-0.1263888888888888,True,True,True,True,True,True,True,True,True,True,0.0069444444444444,0.0194444444444444,False,False,True,False,False,0.4243055555555555,0.22986111111111113,0.3368055555555556,0.05972222222222223,0.11805555555555561,0.12638888888888894,both_pass
0,600,2003,risky_assessed,refuse,edge__risky_assessed__refuse,44,43,0.5388888888888889,0.4666666666666667,0.0722222222222221,0.1180555555555554,0.2249999999999999,-0.1069444444444445,0.2166666666666666,0.3347222222222222,-0.1180555555555556,True,True,True,True,False,True,True,True,False,True,0.0055555555555555,0.0222222222222222,False,True,False,False,True,0.5027777777777778,0.17152777777777764,0.2756944444444444,0.07222222222222219,0.1069444444444445,0.11805555555555561,absent_only
0,600,2004,risky_assessed,refuse,edge__risky_assessed__refuse,43,42,0.4819444444444444,0.4333333333333333,0.0486111111111111,0.1527777777777778,0.2222222222222222,-0.0694444444444443,0.1666666666666666,0.2916666666666666,-0.1249999999999999,True,True,True,True,True,True,True,True,True,True,0.0041666666666666,0.0125,False,False,True,False,False,0.4576388888888888,0.1875,0.22916666666666657,0.048611111111111105,0.06944444444444442,0.12499999999999997,both_pass
0,600,2005,risky_assessed,refuse,edge__risky_assessed__refuse,42,41,0.4736111111111111,0.3138888888888889,0.1597222222222222,0.1652777777777777,0.2027777777777778,-0.0375,0.2708333333333333,0.4874999999999999,-0.2166666666666665,True,True,True,True,True,True,True,True,True,True,0.0027777777777777,0.0583333333333333,False,False,True,False,False,0.39375,0.18402777777777773,0.3791666666666666,0.1597222222222222,0.03750000000000012,0.21666666666666656,both_pass
0,600,2006,risky_assessed,refuse,edge__risky_assessed__refuse,43,42,0.4722222222222222,0.4069444444444444,0.0652777777777777,0.1708333333333332,0.2708333333333333,-0.1,0.2180555555555555,0.3847222222222222,-0.1666666666666666,True,True,True,True,True,True,True,True,True,True,0.0083333333333333,0.0125,False,False,True,False,False,0.4395833333333333,0.22083333333333327,0.3013888888888888,0.06527777777777782,0.10000000000000012,0.16666666666666669,both_pass
0,600,2007,risky_assessed,refuse,edge__risky_assessed__refuse,43,42,0.5388888888888889,0.4430555555555555,0.0958333333333333,0.1180555555555555,0.3097222222222222,-0.1916666666666666,0.2125,0.3625,-0.15,True,True,True,True,False,True,True,True,False,True,0.0069444444444444,0.0291666666666666,False,True,False,False,True,0.49097222222222214,0.21388888888888885,0.2875,0.09583333333333338,0.19166666666666668,0.15,absent_only
0,600,2008,risky_assessed,refuse,edge__risky_assessed__refuse,43,42,0.5694444444444444,0.4916666666666667,0.0777777777777777,0.1347222222222222,0.2569444444444444,-0.1222222222222222,0.2236111111111111,0.3763888888888889,-0.1527777777777777,True,True,True,True,False,True,True,True,False,True,0.0027777777777777,0.0152777777777777,False,True,False,False,True,0.5305555555555556,0.1958333333333333,0.3,0.07777777777777772,0.12222222222222223,0.1527777777777778,absent_only
0,600,2009,risky_assessed,refuse,edge__risky_assessed__refuse,43,42,0.5375,0.4666666666666667,0.0708333333333333,0.126388888888889,0.2374999999999999,-0.1111111111111109,0.2125,0.3375,-0.125,True,True,True,True,False,True,True,True,False,True,0.0069444444444444,0.0180555555555555,False,True,False,False,True,0.5020833333333333,0.18194444444444446,0.275,0.0708333333333333,0.11111111111111091,0.12500000000000003,absent_only
0,600,2010,risky_assessed,refuse,edge__risky_assessed__refuse,44,43,0.5291666666666667,0.4513888888888889,0.0777777777777777,0.1180555555555555,0.2597222222222221,-0.1416666666666665,0.2194444444444444,0.35,-0.1305555555555556,True,True,True,True,False,True,True,True,False,True,0.0069444444444444,0.0194444444444444,False,True,False,False,True,0.4902777777777778,0.18888888888888877,0.2847222222222222,0.07777777777777778,0.14166666666666658,0.1305555555555556,absent_only
0,600,2011,risky_assessed,refuse,edge__risky_assessed__refuse,44,43,0.4708333333333333,0.3208333333333333,0.15,0.1569444444444444,0.1944444444444444,-0.0374999999999999,0.2597222222222222,0.4930555555555555,-0.2333333333333332,True,True,True,True,True,True,True,True,True,True,0.0069444444444444,0.0472222222222222,False,False,True,False,False,0.3958333333333333,0.17569444444444438,0.3763888888888889,0.15000000000000002,0.037500000000000006,0.23333333333333334,both_pass
0,600,2012,risky_assessed,refuse,edge__risky_assessed__refuse,43,42,0.4736111111111111,0.3138888888888889,0.1597222222222222,0.1263888888888888,0.2027777777777777,-0.0763888888888888,0.2680555555555555,0.4902777777777777,-0.2222222222222222,True,True,True,True,False,True,True,True,False,True,0.0083333333333333,0.0472222222222222,False,True,False,False,True,0.39375,0.16458333333333325,0.3791666666666666,0.1597222222222222,0.0763888888888889,0.2222222222222222,absent_only
0,600,2013,risky_assessed,refuse,edge__risky_assessed__refuse,44,43,0.5291666666666667,0.4513888888888889,0.0777777777777777,0.1180555555555555,0.2597222222222221,-0.1416666666666665,0.2194444444444444,0.35,-0.1305555555555556,True,True,True,True,False,True,True,True,False,True,0.0069444444444444,0.0194444444444444,False,True,False,False,True,0.4902777777777778,0.18888888888888877,0.2847222222222222,0.07777777777777778,0.14166666666666658,0.1305555555555556,absent_only
0,600,2014,risky_assessed,refuse,edge__risky_assessed__refuse,44,43,0.4861111111111111,0.4194444444444444,0.0666666666666666,0.1458333333333333,0.2638888888888889,-0.1180555555555555,0.2513888888888889,0.3805555555555556,-0.1291666666666667,True,True,True,True,False,True,True,True,False,True,0.0055555555555555,0.0194444444444444,False,True,False,False,True,0.4527777777777777,0.2048611111111111,0.3159722222222222,0.06666666666666671,0.11805555555555561,0.1291666666666667,absent_only
0,600,2015,risky_assessed,refuse,edge__risky_assessed__refuse,43,42,0.4833333333333333,0.4208333333333333,0.0625,0.148611111111111,0.2638888888888889,-0.1152777777777778,0.2513888888888889,0.3777777777777777,-0.1263888888888888,True,True,True,True,False,True,True,True,False,True,0.0055555555555555,0.0194444444444444,False,True,False,False,True,0.4520833333333333,0.20624999999999993,0.3145833333333333,0.0625,0.1152777777777779,0.12638888888888883,absent_only
0,1200,2000,risky_assessed,refuse,edge__risky_assessed__refuse,42,41,0.5472222222222223,0.4430555555555555,0.1041666666666667,0.125,0.2555555555555555,-0.1305555555555555,0.2166666666666666,0.3722222222222222,-0.1555555555555555,True,True,True,True,False,True,True,True,False,True,0.0055555555555555,0.0097222222222222,False,True,False,False,True,0.4951388888888889,0.19027777777777774,0.2944444444444444,0.1041666666666668,0.13055555555555548,0.15555555555555559,absent_only
0,1200,2001,risky_assessed,refuse,edge__risky_assessed__refuse,43,42,0.4625,0.4319444444444444,0.0305555555555555,0.1583333333333333,0.2541666666666666,-0.0958333333333333,0.2583333333333333,0.3777777777777777,-0.1194444444444444,True,True,True,True,True,True,True,True,True,True,0.0069444444444444,0.0180555555555555,False,False,True,False,False,0.4472222222222222,0.20624999999999993,0.31805555555555554,0.030555555555555614,0.0958333333333333,0.11944444444444441,both_pass
0,1200,2002,risky_assessed,refuse,edge__risky_assessed__refuse,42,41,0.4347222222222222,0.4125,0.0222222222222222,0.1791666666666667,0.2652777777777778,-0.0861111111111111,0.2805555555555555,0.3916666666666666,-0.1111111111111111,True,True,True,True,True,True,True,True,True,True,0.0069444444444444,0.0194444444444444,False,False,True,False,False,0.42361111111111105,0.22222222222222224,0.336111111111111,0.0222222222222222,0.08611111111111108,0.1111111111111111,both_pass
0,1200,2003,risky_assessed,refuse,edge__risky_assessed__refuse,44,43,0.5333333333333333,0.4722222222222222,0.0611111111111111,0.1333333333333333,0.2291666666666666,-0.0958333333333333,0.2111111111111111,0.3416666666666667,-0.1305555555555555,True,True,True,True,False,True,True,True,False,True,0.0069444444444444,0.0208333333333333,False,True,False,False,True,0.5027777777777778,0.18124999999999997,0.2763888888888889,0.061111111111111116,0.0958333333333333,0.13055555555555556,absent_only
0,1200,2004,risky_assessed,refuse,edge__risky_assessed__refuse,43,42,0.475,0.4125,0.0625,0.1486111111111111,0.2527777777777779,-0.1041666666666667,0.1847222222222222,0.3180555555555555,-0.1333333333333333,True,True,True,True,False,True,True,True,False,True,0.0041666666666666,0.0166666666666666,False,True,False,False,True,0.44375,0.2006944444444445,0.25138888888888883,0.0625,0.10416666666666677,0.13333333333333328,absent_only
0,1200,2005,risky_assessed,refuse,edge__risky_assessed__refuse,42,41,0.4972222222222222,0.3347222222222222,0.1624999999999999,0.1444444444444445,0.2166666666666666,-0.0722222222222221,0.2597222222222222,0.4902777777777777,-0.2305555555555555,True,True,True,True,False,True,True,True,False,True,0.0041666666666666,0.0458333333333333,False,True,False,False,True,0.4159722222222222,0.18055555555555552,0.37499999999999994,0.16249999999999998,0.0722222222222221,0.2305555555555555,absent_only
0,1200,2006,risky_assessed,refuse,edge__risky_assessed__refuse,43,42,0.4611111111111111,0.4069444444444444,0.0541666666666666,0.1916666666666666,0.2666666666666667,-0.075,0.2333333333333333,0.3902777777777778,-0.1569444444444444,True,True,True,True,True,True,True,True,True,True,0.0069444444444444,0.0166666666666666,False,False,True,False,False,0.43402777777777773,0.22916666666666666,0.31180555555555556,0.054166666666666696,0.07500000000000012,0.15694444444444447,both_pass
0,1200,2007,risky_assessed,refuse,edge__risky_assessed__refuse,43,42,0.5430555555555555,0.4527777777777778,0.0902777777777777,0.1305555555555556,0.2958333333333333,-0.1652777777777777,0.1972222222222222,0.3847222222222222,-0.1874999999999999,True,True,True,True,False,True,True,True,False,True,0.0027777777777777,0.0263888888888888,False,True,False,False,True,0.4979166666666667,0.21319444444444444,0.2909722222222222,0.09027777777777773,0.1652777777777777,0.1875,absent_only
0,1200,2008,risky_assessed,refuse,edge__risky_assessed__refuse,43,42,0.5513888888888889,0.4791666666666667,0.0722222222222222,0.1208333333333333,0.2430555555555555,-0.1222222222222221,0.2291666666666666,0.3875,-0.1583333333333333,True,True,True,True,False,True,True,True,False,True,0.0041666666666666,0.0138888888888888,False,True,False,False,True,0.5152777777777778,0.1819444444444444,0.3083333333333333,0.07222222222222224,0.12222222222222219,0.1583333333333334,absent_only
0,1200,2009,risky_assessed,refuse,edge__risky_assessed__refuse,43,42,0.525,0.4680555555555555,0.0569444444444444,0.1458333333333332,0.2347222222222221,-0.0888888888888889,0.2291666666666666,0.3541666666666667,-0.125,True,True,True,True,False,True,True,True,False,True,0.0013888888888888,0.0208333333333333,False,True,False,False,True,0.4965277777777778,0.19027777777777766,0.29166666666666663,0.05694444444444452,0.0888888888888889,0.12500000000000008,absent_only
0,1200,2010,risky_assessed,refuse,edge__risky_assessed__refuse,44,43,0.5347222222222222,0.4722222222222222,0.0625,0.1347222222222223,0.2194444444444444,-0.0847222222222221,0.2041666666666666,0.3472222222222222,-0.1430555555555555,True,True,True,True,False,True,True,True,False,True,0.0013888888888888,0.0180555555555555,False,True,False,False,True,0.5034722222222222,0.17708333333333334,0.2756944444444444,0.0625,0.08472222222222209,0.1430555555555556,absent_only
0,1200,2011,risky_assessed,refuse,edge__risky_assessed__refuse,44,43,0.4722222222222222,0.3305555555555555,0.1416666666666666,0.175,0.2083333333333333,-0.0333333333333332,0.2513888888888889,0.4930555555555555,-0.2416666666666666,True,True,True,True,True,True,True,True,True,True,0.0055555555555555,0.0416666666666666,False,False,True,False,False,0.40138888888888885,0.19166666666666665,0.37222222222222223,0.14166666666666672,0.0333333333333333,0.24166666666666664,both_pass
0,1200,2012,risky_assessed,refuse,edge__risky_assessed__refuse,43,42,0.475,0.325,0.1499999999999999,0.1347222222222223,0.1944444444444444,-0.0597222222222221,0.2791666666666667,0.4847222222222222,-0.2055555555555555,True,True,True,True,False,True,True,True,False,True,0.0069444444444444,0.05,False,True,False,False,True,0.4,0.16458333333333336,0.3819444444444444,0.14999999999999997,0.05972222222222209,0.20555555555555555,absent_only
0,1200,2013,risky_assessed,refuse,edge__risky_assessed__refuse,44,43,0.5347222222222222,0.4722222222222222,0.0625,0.1347222222222223,0.2194444444444444,-0.0847222222222221,0.2041666666666666,0.3472222222222222,-0.1430555555555555,True,True,True,True,False,True,True,True,False,True,0.0013888888888888,0.0180555555555555,False,True,False,False,True,0.5034722222222222,0.17708333333333334,0.2756944444444444,0.0625,0.08472222222222209,0.1430555555555556,absent_only
0,1200,2014,risky_assessed,refuse,edge__risky_assessed__refuse,44,43,0.4638888888888889,0.4305555555555556,0.0333333333333333,0.1569444444444444,0.2555555555555555,-0.0986111111111111,0.2583333333333333,0.3791666666666666,-0.1208333333333332,True,True,True,True,True,True,True,True,True,True,0.0069444444444444,0.0180555555555555,False,False,True,False,False,0.44722222222222224,0.20624999999999993,0.31875,0.033333333333333326,0.0986111111111111,0.12083333333333329,both_pass
0,1200,2015,risky_assessed,refuse,edge__risky_assessed__refuse,43,42,0.4625,0.4319444444444444,0.0305555555555555,0.1583333333333333,0.2541666666666666,-0.0958333333333333,0.2583333333333333,0.3777777777777777,-0.1194444444444444,True,True,True,True,True,True,True,True,True,True,0.0069444444444444,0.0180555555555555,False,False,True,False,False,0.4472222222222222,0.20624999999999993,0.31805555555555554,0.030555555555555614,0.0958333333333333,0.11944444444444441,both_pass
0,2400,2000,risky_assessed,refuse,edge__risky_assessed__refuse,42,41,0.5166666666666667,0.4513888888888888,0.0652777777777778,0.1402777777777777,0.2527777777777777,-0.1125,0.2222222222222222,0.3513888888888888,-0.1291666666666666,True,True,True,True,False,True,True,True,False,True,0.0083333333333333,0.0152777777777777,False,True,False,False,True,0.4840277777777777,0.1965277777777777,0.28680555555555554,0.06527777777777793,0.11250000000000002,0.1291666666666666,absent_only
0,2400,2001,risky_assessed,refuse,edge__risky_assessed__refuse,43,42,0.4666666666666667,0.4013888888888889,0.0652777777777777,0.1486111111111111,0.2666666666666666,-0.1180555555555554,0.2541666666666666,0.3916666666666666,-0.1375,True,True,True,True,False,True,True,True,False,True,0.0083333333333333,0.0208333333333333,False,True,False,False,True,0.4340277777777778,0.20763888888888887,0.32291666666666663,0.06527777777777777,0.1180555555555555,0.1375,absent_only
0,2400,2002,risky_assessed,refuse,edge__risky_assessed__refuse,42,41,0.4333333333333333,0.3805555555555555,0.0527777777777778,0.173611111111111,0.2958333333333334,-0.1222222222222223,0.2805555555555555,0.4083333333333334,-0.1277777777777778,True,True,True,True,True,True,True,True,True,True,0.0097222222222222,0.0222222222222222,False,False,True,False,False,0.4069444444444444,0.2347222222222222,0.34444444444444444,0.05277777777777781,0.1222222222222224,0.12777777777777788,both_pass
0,2400,2003,risky_assessed,refuse,edge__risky_assessed__refuse,44,43,0.5291666666666667,0.4513888888888889,0.0777777777777777,0.1374999999999999,0.2361111111111111,-0.0986111111111111,0.2138888888888888,0.3527777777777778,-0.1388888888888889,True,True,True,True,False,True,True,True,False,True,0.0041666666666666,0.0180555555555555,False,True,False,False,True,0.4902777777777778,0.1868055555555555,0.2833333333333333,0.07777777777777778,0.0986111111111112,0.138888888888889,absent_only
0,2400,2004,risky_assessed,refuse,edge__risky_assessed__refuse,43,42,0.4736111111111111,0.4222222222222222,0.0513888888888888,0.1597222222222222,0.2444444444444445,-0.0847222222222223,0.1833333333333333,0.2861111111111111,-0.1027777777777777,True,True,True,True,True,True,True,True,True,True,0.0041666666666666,0.0111111111111111,False,False,True,False,False,0.44791666666666663,0.20208333333333334,0.2347222222222222,0.05138888888888887,0.08472222222222228,0.1027777777777778,both_pass
0,2400,2005,risky_assessed,refuse,edge__risky_assessed__refuse,42,41,0.4736111111111111,0.3236111111111111,0.1499999999999999,0.1666666666666666,0.211111111111111,-0.0444444444444444,0.2694444444444445,0.4902777777777777,-0.2208333333333332,True,True,True,True,True,True,True,True,True,True,0.0041666666666666,0.0444444444444444,False,False,True,False,False,0.39861111111111114,0.1888888888888888,0.3798611111111111,0.14999999999999997,0.0444444444444444,0.22083333333333321,both_pass
0,2400,2006,risky_assessed,refuse,edge__risky_assessed__refuse,43,42,0.4694444444444444,0.4027777777777778,0.0666666666666666,0.1638888888888888,0.2638888888888889,-0.1,0.2291666666666666,0.3763888888888889,-0.1472222222222222,True,True,True,True,True,True,True,True,True,True,0.0083333333333333,0.0180555555555555,False,False,True,False,False,0.4361111111111111,0.21388888888888885,0.30277777777777776,0.0666666666666666,0.10000000000000009,0.14722222222222228,both_pass
0,2400,2007,risky_assessed,refuse,edge__risky_assessed__refuse,43,42,0.5458333333333334,0.4472222222222222,0.0986111111111112,0.1166666666666667,0.3069444444444444,-0.1902777777777777,0.1999999999999999,0.386111111111111,-0.1861111111111111,True,True,True,True,False,True,True,True,False,True,0.0055555555555555,0.025,False,True,False,False,True,0.4965277777777778,0.21180555555555555,0.29305555555555546,0.0986111111111112,0.1902777777777777,0.18611111111111112,absent_only
0,2400,2008,risky_assessed,refuse,edge__risky_assessed__refuse,43,42,0.5472222222222222,0.4736111111111111,0.073611111111111,0.1222222222222223,0.2611111111111112,-0.1388888888888888,0.2249999999999999,0.3777777777777777,-0.1527777777777778,True,True,True,True,False,True,True,True,False,True,0.0041666666666666,0.0152777777777777,False,True,False,False,True,0.5104166666666666,0.19166666666666674,0.3013888888888888,0.07361111111111107,0.1388888888888889,0.15277777777777782,absent_only
0,2400,2009,risky_assessed,refuse,edge__risky_assessed__refuse,43,42,0.5333333333333333,0.4541666666666666,0.0791666666666666,0.1333333333333333,0.2402777777777777,-0.1069444444444444,0.2152777777777777,0.3555555555555555,-0.1402777777777778,True,True,True,True,False,True,True,True,False,True,0.0069444444444444,0.0152777777777777,False,True,False,False,True,0.49374999999999997,0.1868055555555555,0.2854166666666666,0.07916666666666672,0.1069444444444444,0.1402777777777778,absent_only
0,2400,2010,risky_assessed,refuse,edge__risky_assessed__refuse,44,43,0.5388888888888889,0.4444444444444445,0.0944444444444443,0.1208333333333334,0.2513888888888888,-0.1305555555555553,0.1986111111111111,0.3638888888888889,-0.1652777777777777,True,True,True,True,False,True,True,True,False,True,0.0027777777777777,0.0125,False,True,False,False,True,0.4916666666666667,0.1861111111111111,0.28125,0.09444444444444439,0.13055555555555537,0.16527777777777777,absent_only
0,2400,2011,risky_assessed,refuse,edge__risky_assessed__refuse,44,43,0.4611111111111111,0.3194444444444444,0.1416666666666667,0.1749999999999999,0.2097222222222222,-0.0347222222222223,0.2555555555555556,0.5208333333333334,-0.2652777777777778,True,True,True,True,True,True,True,True,True,True,0.0069444444444444,0.0305555555555555,False,False,True,False,False,0.3902777777777777,0.19236111111111104,0.3881944444444445,0.14166666666666666,0.03472222222222229,0.2652777777777778,both_pass
0,2400,2012,risky_assessed,refuse,edge__risky_assessed__refuse,43,42,0.4736111111111111,0.3277777777777778,0.1458333333333333,0.1388888888888888,0.1888888888888888,-0.0499999999999999,0.2652777777777778,0.4930555555555555,-0.2277777777777777,True,True,True,True,False,True,True,True,False,True,0.0069444444444444,0.0458333333333333,False,True,False,False,True,0.40069444444444446,0.1638888888888888,0.37916666666666665,0.14583333333333331,0.04999999999999999,0.22777777777777775,absent_only
0,2400,2013,risky_assessed,refuse,edge__risky_assessed__refuse,44,43,0.5388888888888889,0.4444444444444445,0.0944444444444443,0.1208333333333334,0.2513888888888888,-0.1305555555555553,0.1986111111111111,0.3638888888888889,-0.1652777777777777,True,True,True,True,False,True,True,True,False,True,0.0027777777777777,0.0125,False,True,False,False,True,0.4916666666666667,0.1861111111111111,0.28125,0.09444444444444439,0.13055555555555537,0.16527777777777777,absent_only
0,2400,2014,risky_assessed,refuse,edge__risky_assessed__refuse,44,43,0.4680555555555555,0.3986111111111111,0.0694444444444444,0.1472222222222222,0.2680555555555555,-0.1208333333333332,0.2541666666666666,0.3958333333333333,-0.1416666666666667,True,True,True,True,False,True,True,True,False,True,0.0083333333333333,0.0208333333333333,False,True,False,False,True,0.4333333333333333,0.20763888888888885,0.32499999999999996,0.06944444444444442,0.12083333333333329,0.14166666666666672,absent_only
0,2400,2015,risky_assessed,refuse,edge__risky_assessed__refuse,43,42,0.4666666666666667,0.4013888888888889,0.0652777777777777,0.1486111111111111,0.2666666666666666,-0.1180555555555554,0.2541666666666666,0.3916666666666666,-0.1375,True,True,True,True,False,True,True,True,False,True,0.0083333333333333,0.0208333333333333,False,True,False,False,True,0.4340277777777778,0.20763888888888887,0.32291666666666663,0.06527777777777777,0.1180555555555555,0.1375,absent_only
1,600,2000,risky_assessed,refuse,edge__risky_assessed__refuse,42,41,0.576388888888889,0.5930555555555556,-0.0166666666666666,0.0652777777777776,0.0791666666666666,-0.0138888888888889,0.0930555555555555,0.0986111111111111,-0.0055555555555555,True,True,True,True,False,False,True,True,False,False,0.0013888888888888,0.0013888888888888,False,False,False,True,False,0.5847222222222223,0.0722222222222221,0.0958333333333333,0.016666666666666607,0.013888888888888992,0.005555555555555591,both_fail
1,600,2001,risky_assessed,refuse,edge__risky_assessed__refuse,43,42,0.5666666666666667,0.6069444444444444,-0.0402777777777777,0.0666666666666666,0.0277777777777777,0.0388888888888888,0.0930555555555555,0.0888888888888888,0.0041666666666666,True,True,True,True,False,False,True,True,False,False,0.0013888888888888,0.0013888888888888,False,False,False,True,False,0.5868055555555556,0.04722222222222215,0.09097222222222215,0.040277777777777746,0.038888888888888896,0.004166666666666707,both_fail
1,600,2002,risky_assessed,refuse,edge__risky_assessed__refuse,42,41,0.5430555555555555,0.5805555555555556,-0.0375,0.0652777777777777,0.0347222222222222,0.0305555555555555,0.1152777777777777,0.1125,0.0027777777777777,True,True,True,True,False,False,True,True,False,False,0.0027777777777777,0.0027777777777777,False,False,False,True,False,0.5618055555555556,0.04999999999999995,0.11388888888888885,0.03750000000000009,0.030555555555555496,0.0027777777777776985,both_fail
1,600,2003,risky_assessed,refuse,edge__risky_assessed__refuse,44,43,0.6041666666666667,0.6263888888888889,-0.0222222222222221,0.0388888888888888,0.0347222222222222,0.0041666666666666,0.0680555555555555,0.0722222222222222,-0.0041666666666666,True,True,True,True,False,False,True,True,False,False,0.0013888888888888,0.0,False,False,False,True,False,0.6152777777777778,0.0368055555555555,0.07013888888888885,0.022222222222222143,0.004166666666666596,0.004166666666666707,both_fail
1,600,2004,risky_assessed,refuse,edge__risky_assessed__refuse,43,42,0.5902777777777777,0.6069444444444444,-0.0166666666666667,0.0375,0.0388888888888888,-0.0013888888888887,0.0569444444444444,0.0666666666666666,-0.0097222222222222,True,True,True,True,False,False,True,True,False,False,0.0013888888888888,0.0,False,False,False,True,False,0.598611111111111,0.0381944444444444,0.0618055555555555,0.01666666666666672,0.0013888888888888007,0.009722222222222195,both_fail
1,600,2005,risky_assessed,refuse,edge__risky_assessed__refuse,42,41,0.4638888888888889,0.4597222222222222,0.0041666666666666,0.0805555555555556,0.0833333333333333,-0.0027777777777777,0.0652777777777777,0.0666666666666666,-0.0013888888888888,True,True,True,True,False,False,True,True,False,False,0.0013888888888888,0.0013888888888888,False,False,False,True,False,0.4618055555555556,0.08194444444444446,0.06597222222222215,0.004166666666666707,0.0027777777777776985,0.0013888888888888978,both_fail
1,600,2006,risky_assessed,refuse,edge__risky_assessed__refuse,43,42,0.4986111111111111,0.5166666666666666,-0.0180555555555554,0.0402777777777777,0.0472222222222222,-0.0069444444444445,0.0666666666666666,0.0680555555555555,-0.0013888888888888,True,True,True,True,False,False,True,True,False,False,0.0,0.0,False,False,False,True,False,0.5076388888888889,0.04374999999999995,0.06736111111111104,0.01805555555555549,0.006944444444444503,0.0013888888888888978,both_fail
1,600,2007,risky_assessed,refuse,edge__risky_assessed__refuse,43,42,0.7388888888888889,0.7958333333333334,-0.0569444444444444,0.0166666666666666,0.0722222222222221,-0.0555555555555555,0.0597222222222222,0.0555555555555555,0.0041666666666666,True,True,True,True,False,False,True,True,False,False,0.0027777777777777,0.0,False,False,False,True,False,0.7673611111111112,0.044444444444444356,0.05763888888888885,0.056944444444444464,0.055555555555555504,0.0041666666666667004,both_fail
1,600,2008,risky_assessed,refuse,edge__risky_assessed__refuse,43,42,0.6513888888888889,0.6708333333333334,-0.0194444444444444,0.0124999999999999,0.009722222222222,0.0027777777777778,0.0722222222222222,0.0777777777777777,-0.0055555555555555,True,True,True,True,False,False,True,True,False,False,0.0013888888888888,0.0013888888888888,False,False,False,True,False,0.6611111111111112,0.01111111111111095,0.07499999999999996,0.019444444444444486,0.0027777777777778997,0.005555555555555494,both_fail
1,600,2009,risky_assessed,refuse,edge__risky_assessed__refuse,43,42,0.5944444444444444,0.6361111111111111,-0.0416666666666666,0.048611111111111,0.0055555555555556,0.0430555555555554,0.0597222222222222,0.0569444444444444,0.0027777777777777,True,True,True,True,False,False,True,True,False,False,0.0013888888888888,0.0013888888888888,False,False,False,True,False,0.6152777777777778,0.0270833333333333,0.0583333333333333,0.04166666666666663,0.0430555555555554,0.0027777777777777957,both_fail
1,600,2010,risky_assessed,refuse,edge__risky_assessed__refuse,44,43,0.5930555555555556,0.6361111111111111,-0.0430555555555555,0.0527777777777778,0.0097222222222222,0.0430555555555555,0.0625,0.0569444444444444,0.0055555555555555,True,True,True,True,False,False,True,True,False,False,0.0,0.0,False,False,False,True,False,0.6145833333333333,0.03125,0.059722222222222204,0.043055555555555514,0.0430555555555556,0.005555555555555598,both_fail
1,600,2011,risky_assessed,refuse,edge__risky_assessed__refuse,44,43,0.4277777777777777,0.4319444444444444,-0.0041666666666667,0.0847222222222222,0.0833333333333333,0.0013888888888888,0.0861111111111111,0.0833333333333333,0.0027777777777777,True,True,True,True,False,False,True,True,False,False,0.0013888888888888,0.0013888888888888,False,False,False,True,False,0.429861111111111,0.08402777777777776,0.0847222222222222,0.004166666666666707,0.0013888888888888978,0.0027777777777777957,both_fail
1,600,2012,risky_assessed,refuse,edge__risky_assessed__refuse,43,42,0.4333333333333333,0.4375,-0.0041666666666666,0.0499999999999999,0.0527777777777777,-0.0027777777777777,0.0652777777777777,0.0625,0.0027777777777777,True,True,True,True,False,False,True,True,False,False,0.0041666666666666,0.0041666666666666,False,False,False,True,False,0.4354166666666667,0.0513888888888888,0.06388888888888886,0.004166666666666707,0.0027777777777778026,0.0027777777777776985,both_fail
1,600,2013,risky_assessed,refuse,edge__risky_assessed__refuse,44,43,0.5930555555555556,0.6361111111111111,-0.0430555555555555,0.0527777777777778,0.0097222222222222,0.0430555555555555,0.0625,0.0569444444444444,0.0055555555555555,True,True,True,True,False,False,True,True,False,False,0.0,0.0,False,False,False,True,False,0.6145833333333333,0.03125,0.059722222222222204,0.043055555555555514,0.0430555555555556,0.005555555555555598,both_fail
1,600,2014,risky_assessed,refuse,edge__risky_assessed__refuse,44,43,0.5666666666666667,0.6069444444444444,-0.0402777777777777,0.0680555555555555,0.0277777777777777,0.0402777777777777,0.0930555555555555,0.0888888888888888,0.0041666666666666,True,True,True,True,False,False,True,True,False,False,0.0013888888888888,0.0013888888888888,False,False,False,True,False,0.5868055555555556,0.047916666666666594,0.09097222222222215,0.040277777777777746,0.040277777777777794,0.004166666666666707,both_fail
1,600,2015,risky_assessed,refuse,edge__risky_assessed__refuse,43,42,0.5666666666666667,0.6069444444444444,-0.0402777777777777,0.0666666666666666,0.0277777777777777,0.0388888888888888,0.0930555555555555,0.0888888888888888,0.0041666666666666,True,True,True,True,False,False,True,True,False,False,0.0013888888888888,0.0013888888888888,False,False,False,True,False,0.5868055555555556,0.04722222222222215,0.09097222222222215,0.040277777777777746,0.038888888888888896,0.004166666666666707,both_fail
1,1200,2000,risky_assessed,refuse,edge__risky_assessed__refuse,42,41,0.5930555555555554,0.5986111111111111,-0.0055555555555556,0.05,0.0555555555555554,-0.0055555555555554,0.0944444444444444,0.1027777777777777,-0.0083333333333333,True,True,True,True,False,False,True,True,False,False,0.0041666666666666,0.0041666666666666,False,False,False,True,False,0.5958333333333332,0.0527777777777777,0.09861111111111105,0.005555555555555647,0.005555555555555397,0.008333333333333304,both_fail
1,1200,2001,risky_assessed,refuse,edge__risky_assessed__refuse,43,42,0.5708333333333333,0.5861111111111111,-0.0152777777777778,0.0527777777777778,0.0333333333333333,0.0194444444444444,0.0805555555555555,0.0847222222222222,-0.0041666666666666,True,True,True,True,False,False,True,True,False,False,0.0013888888888888,0.0013888888888888,False,False,False,True,False,0.5784722222222223,0.04305555555555555,0.08263888888888885,0.015277777777777835,0.0194444444444445,0.0041666666666666935,both_fail
1,1200,2002,risky_assessed,refuse,edge__risky_assessed__refuse,42,41,0.5402777777777777,0.5486111111111112,-0.0083333333333334,0.0652777777777777,0.0625,0.0027777777777777,0.1097222222222222,0.1180555555555555,-0.0083333333333333,True,True,True,True,False,False,True,True,False,False,0.0027777777777777,0.0027777777777777,False,False,False,True,False,0.5444444444444445,0.06388888888888886,0.11388888888888885,0.008333333333333415,0.0027777777777776985,0.008333333333333304,both_fail
1,1200,2003,risky_assessed,refuse,edge__risky_assessed__refuse,44,43,0.5958333333333333,0.6,-0.0041666666666666,0.0333333333333333,0.0555555555555556,-0.0222222222222223,0.0652777777777777,0.0819444444444444,-0.0166666666666666,True,True,True,True,False,False,True,True,False,False,0.0041666666666666,0.0027777777777777,False,False,False,True,False,0.5979166666666667,0.04444444444444445,0.07361111111111104,0.004166666666666652,0.022222222222222303,0.016666666666666705,both_fail
1,1200,2004,risky_assessed,refuse,edge__risky_assessed__refuse,43,42,0.5625,0.5805555555555555,-0.0180555555555554,0.0513888888888888,0.0430555555555556,0.0083333333333331,0.0680555555555555,0.0791666666666666,-0.0111111111111111,True,True,True,True,False,False,True,True,False,False,0.0013888888888888,0.0013888888888888,False,False,False,True,False,0.5715277777777777,0.0472222222222222,0.07361111111111104,0.01805555555555549,0.008333333333333207,0.0111111111111111,both_fail
1,1200,2005,risky_assessed,refuse,edge__risky_assessed__refuse,42,41,0.4388888888888889,0.4347222222222222,0.0041666666666667,0.0666666666666666,0.086111111111111,-0.0194444444444444,0.0791666666666666,0.0777777777777777,0.0013888888888888,True,True,True,True,False,False,True,True,False,False,0.0,0.0,False,False,False,True,False,0.43680555555555556,0.0763888888888888,0.07847222222222214,0.004166666666666707,0.019444444444444403,0.0013888888888888978,both_fail
1,1200,2006,risky_assessed,refuse,edge__risky_assessed__refuse,43,42,0.4888888888888889,0.5222222222222221,-0.0333333333333332,0.036111111111111,0.0375,-0.0013888888888889,0.0597222222222222,0.0611111111111111,-0.0013888888888888,True,True,True,True,False,False,True,True,False,False,0.0055555555555555,0.0041666666666666,False,False,False,True,False,0.5055555555555555,0.036805555555555494,0.060416666666666646,0.03333333333333327,0.001388888888889002,0.0013888888888889048,both_fail
1,1200,2007,risky_assessed,refuse,edge__risky_assessed__refuse,43,42,0.725,0.7861111111111112,-0.0611111111111112,0.0236111111111111,0.0902777777777776,-0.0666666666666665,0.0624999999999999,0.0569444444444444,0.0055555555555555,True,True,True,True,False,False,True,True,False,False,0.0013888888888888,0.0,False,False,False,True,False,0.7555555555555555,0.056944444444444346,0.05972222222222215,0.06111111111111123,0.0666666666666665,0.005555555555555501,both_fail
1,1200,2008,risky_assessed,refuse,edge__risky_assessed__refuse,43,42,0.648611111111111,0.6611111111111112,-0.0125000000000001,-0.0138888888888888,0.0055555555555554,-0.0194444444444442,0.0805555555555555,0.0861111111111111,-0.0055555555555555,True,True,True,True,False,False,True,True,False,False,0.0041666666666666,0.0041666666666666,False,False,False,True,False,0.6548611111111111,-0.0041666666666667004,0.0833333333333333,0.012500000000000178,0.0194444444444442,0.005555555555555591,both_fail
1,1200,2009,risky_assessed,refuse,edge__risky_assessed__refuse,43,42,0.5819444444444445,0.5944444444444444,-0.0124999999999999,0.0583333333333333,0.0458333333333333,0.0124999999999999,0.0652777777777777,0.0694444444444444,-0.0041666666666666,True,True,True,True,False,False,True,True,False,False,0.0013888888888888,0.0013888888888888,False,False,False,True,False,0.5881944444444445,0.0520833333333333,0.06736111111111105,0.012499999999999956,0.012499999999999997,0.004166666666666707,both_fail
1,1200,2010,risky_assessed,refuse,edge__risky_assessed__refuse,44,43,0.5763888888888888,0.5944444444444444,-0.0180555555555556,0.0666666666666667,0.0472222222222222,0.0194444444444444,0.0666666666666666,0.0722222222222222,-0.0055555555555555,True,True,True,True,False,False,True,True,False,False,0.0027777777777777,0.0013888888888888,False,False,False,True,False,0.5854166666666667,0.05694444444444445,0.06944444444444439,0.018055555555555602,0.019444444444444493,0.005555555555555605,both_fail
1,1200,2011,risky_assessed,refuse,edge__risky_assessed__refuse,44,43,0.4013888888888889,0.4125,-0.011111111111111,0.0749999999999999,0.0763888888888889,-0.0013888888888889,0.0944444444444444,0.0958333333333333,-0.0013888888888888,True,True,True,True,False,False,True,True,False,False,0.0027777777777777,0.0027777777777777,False,False,False,True,False,0.40694444444444444,0.0756944444444444,0.09513888888888886,0.011111111111111072,0.001388888888888995,0.0013888888888888978,both_fail
1,1200,2012,risky_assessed,refuse,edge__risky_assessed__refuse,43,42,0.4263888888888889,0.4291666666666666,-0.0027777777777777,0.0527777777777777,0.0597222222222222,-0.0069444444444444,0.0722222222222222,0.0722222222222222,-1.3877787807814457e-17,True,True,True,True,False,False,True,True,False,False,0.0027777777777777,0.0041666666666666,False,False,False,True,False,0.4277777777777777,0.05624999999999995,0.0722222222222222,0.0027777777777777124,0.006944444444444496,0.0,both_fail
1,1200,2013,risky_assessed,refuse,edge__risky_assessed__refuse,44,43,0.5763888888888888,0.5944444444444444,-0.0180555555555556,0.0666666666666667,0.0472222222222222,0.0194444444444444,0.0666666666666666,0.0722222222222222,-0.0055555555555555,True,True,True,True,False,False,True,True,False,False,0.0027777777777777,0.0013888888888888,False,False,False,True,False,0.5854166666666667,0.05694444444444445,0.06944444444444439,0.018055555555555602,0.019444444444444493,0.005555555555555605,both_fail
1,1200,2014,risky_assessed,refuse,edge__risky_assessed__refuse,44,43,0.5708333333333333,0.5861111111111111,-0.0152777777777778,0.0527777777777778,0.0333333333333333,0.0194444444444444,0.0805555555555555,0.0847222222222222,-0.0041666666666666,True,True,True,True,False,False,True,True,False,False,0.0013888888888888,0.0013888888888888,False,False,False,True,False,0.5784722222222223,0.04305555555555555,0.08263888888888885,0.015277777777777835,0.0194444444444445,0.0041666666666666935,both_fail
1,1200,2015,risky_assessed,refuse,edge__risky_assessed__refuse,43,42,0.5708333333333333,0.5861111111111111,-0.0152777777777778,0.0527777777777778,0.0333333333333333,0.0194444444444444,0.0805555555555555,0.0847222222222222,-0.0041666666666666,True,True,True,True,False,False,True,True,False,False,0.0013888888888888,0.0013888888888888,False,False,False,True,False,0.5784722222222223,0.04305555555555555,0.08263888888888885,0.015277777777777835,0.0194444444444445,0.0041666666666666935,both_fail
1,2400,2000,risky_assessed,refuse,edge__risky_assessed__refuse,42,41,0.5819444444444445,0.5819444444444445,0.0,0.0652777777777776,0.0749999999999999,-0.0097222222222222,0.0916666666666666,0.0930555555555555,-0.0013888888888888,True,True,True,True,False,False,True,True,False,False,0.0013888888888888,0.0027777777777777,False,False,False,True,False,0.5819444444444445,0.07013888888888875,0.09236111111111106,0.0,0.009722222222222299,0.0013888888888888978,both_fail
1,2400,2001,risky_assessed,refuse,edge__risky_assessed__refuse,43,42,0.5666666666666667,0.5819444444444445,-0.0152777777777778,0.0597222222222222,0.0458333333333332,0.0138888888888889,0.0888888888888888,0.0888888888888888,0.0,True,True,True,True,False,False,True,True,False,False,0.0013888888888888,0.0013888888888888,False,False,False,True,False,0.5743055555555556,0.0527777777777777,0.0888888888888888,0.015277777777777835,0.013888888888889,0.0,both_fail
1,2400,2002,risky_assessed,refuse,edge__risky_assessed__refuse,42,41,0.5361111111111111,0.5472222222222223,-0.0111111111111111,0.0652777777777777,0.0652777777777777,0.0,0.1180555555555555,0.1180555555555555,0.0,True,True,True,True,False,False,True,True,False,False,0.0027777777777777,0.0041666666666666,False,False,False,True,False,0.5416666666666667,0.0652777777777777,0.1180555555555555,0.011111111111111183,0.0,0.0,both_fail
1,2400,2003,risky_assessed,refuse,edge__risky_assessed__refuse,44,43,0.5944444444444446,0.5986111111111112,-0.0041666666666666,0.0458333333333332,0.0555555555555553,-0.009722222222222,0.0638888888888889,0.0722222222222222,-0.0083333333333333,True,True,True,True,False,False,True,True,False,False,0.0055555555555555,0.0055555555555555,False,False,False,True,False,0.5965277777777779,0.05069444444444425,0.06805555555555555,0.004166666666666652,0.009722222222222104,0.008333333333333304,both_fail
1,2400,2004,risky_assessed,refuse,edge__risky_assessed__refuse,43,42,0.5625,0.5791666666666667,-0.0166666666666667,0.0749999999999999,0.0583333333333332,0.0166666666666667,0.0666666666666666,0.0736111111111111,-0.0069444444444444,True,True,True,True,False,False,True,True,False,False,0.0,0.0,False,False,False,True,False,0.5708333333333333,0.06666666666666655,0.07013888888888885,0.01666666666666672,0.016666666666666698,0.006944444444444503,both_fail
1,2400,2005,risky_assessed,refuse,edge__risky_assessed__refuse,42,41,0.4513888888888889,0.4569444444444444,-0.0055555555555555,0.0916666666666666,0.0875,0.0041666666666665,0.0694444444444444,0.0708333333333333,-0.0013888888888888,True,True,True,True,False,False,True,True,False,False,0.0,0.0,False,False,False,True,False,0.4541666666666666,0.08958333333333329,0.07013888888888886,0.00555555555555548,0.00416666666666661,0.0013888888888888978,both_fail
1,2400,2006,risky_assessed,refuse,edge__risky_assessed__refuse,43,42,0.475,0.5097222222222222,-0.0347222222222221,0.0583333333333332,0.05,0.0083333333333332,0.0569444444444444,0.0513888888888888,0.0055555555555555,True,True,True,True,False,False,True,True,False,False,0.0055555555555555,0.0055555555555555,False,False,False,True,False,0.4923611111111111,0.0541666666666666,0.0541666666666666,0.03472222222222221,0.0083333333333332,0.005555555555555598,both_fail
1,2400,2007,risky_assessed,refuse,edge__risky_assessed__refuse,43,42,0.7277777777777777,0.775,-0.0472222222222222,0.0208333333333333,0.0972222222222222,-0.0763888888888888,0.0597222222222222,0.0555555555555555,0.0041666666666666,True,True,True,True,False,False,True,True,False,False,0.0,0.0013888888888888,False,False,False,True,False,0.7513888888888889,0.05902777777777775,0.05763888888888885,0.047222222222222276,0.0763888888888889,0.0041666666666667004,both_fail
1,2400,2008,risky_assessed,refuse,edge__risky_assessed__refuse,43,42,0.6472222222222221,0.6694444444444444,-0.0222222222222222,-0.0069444444444444,-0.0083333333333333,0.0013888888888888,0.0736111111111111,0.0861111111111111,-0.0124999999999999,True,True,True,True,False,False,True,True,False,False,0.0027777777777777,0.0027777777777777,False,False,False,True,False,0.6583333333333332,-0.00763888888888885,0.0798611111111111,0.022222222222222254,0.0013888888888889004,0.012499999999999997,both_fail
1,2400,2009,risky_assessed,refuse,edge__risky_assessed__refuse,43,42,0.5819444444444444,0.5944444444444444,-0.0125,0.0625,0.0486111111111111,0.0138888888888888,0.0652777777777777,0.0708333333333333,-0.0055555555555555,True,True,True,True,False,False,True,True,False,False,0.0027777777777777,0.0013888888888888,False,False,False,True,False,0.5881944444444445,0.05555555555555555,0.06805555555555551,0.012500000000000067,0.013888888888888902,0.005555555555555605,both_fail
1,2400,2010,risky_assessed,refuse,edge__risky_assessed__refuse,44,43,0.5833333333333333,0.5958333333333333,-0.0125,0.0652777777777778,0.0444444444444445,0.0208333333333333,0.0652777777777777,0.0694444444444444,-0.0041666666666666,True,True,True,True,False,False,True,True,False,False,0.0,0.0013888888888888,False,False,False,True,False,0.5895833333333333,0.05486111111111115,0.06736111111111105,0.012500000000000067,0.020833333333333294,0.004166666666666707,both_fail
1,2400,2011,risky_assessed,refuse,edge__risky_assessed__refuse,44,43,0.4125,0.4097222222222222,0.0027777777777778,0.0972222222222221,0.0986111111111111,-0.0013888888888889,0.0916666666666666,0.0944444444444444,-0.0027777777777777,True,True,True,True,False,False,True,True,False,False,0.0041666666666666,0.0041666666666666,False,False,False,True,False,0.4111111111111111,0.0979166666666666,0.0930555555555555,0.002777777777777768,0.001388888888888995,0.0027777777777777957,both_fail
1,2400,2012,risky_assessed,refuse,edge__risky_assessed__refuse,43,42,0.4305555555555555,0.4375,-0.0069444444444444,0.0652777777777777,0.0611111111111111,0.0041666666666666,0.0763888888888889,0.0708333333333333,0.0055555555555555,True,True,True,True,False,False,True,True,False,False,0.0013888888888888,0.0013888888888888,False,False,False,True,False,0.4340277777777778,0.0631944444444444,0.0736111111111111,0.006944444444444475,0.004166666666666596,0.005555555555555591,both_fail
1,2400,2013,risky_assessed,refuse,edge__risky_assessed__refuse,44,43,0.5833333333333333,0.5958333333333333,-0.0125,0.0652777777777778,0.0444444444444445,0.0208333333333333,0.0652777777777777,0.0694444444444444,-0.0041666666666666,True,True,True,True,False,False,True,True,False,False,0.0,0.0013888888888888,False,False,False,True,False,0.5895833333333333,0.05486111111111115,0.06736111111111105,0.012500000000000067,0.020833333333333294,0.004166666666666707,both_fail
1,2400,2014,risky_assessed,refuse,edge__risky_assessed__refuse,44,43,0.5666666666666667,0.5819444444444445,-0.0152777777777778,0.0597222222222222,0.0458333333333332,0.0138888888888889,0.0888888888888888,0.0888888888888888,0.0,True,True,True,True,False,False,True,True,False,False,0.0013888888888888,0.0013888888888888,False,False,False,True,False,0.5743055555555556,0.0527777777777777,0.0888888888888888,0.015277777777777835,0.013888888888889,0.0,both_fail
1,2400,2015,risky_assessed,refuse,edge__risky_assessed__refuse,43,42,0.5666666666666667,0.5819444444444445,-0.0152777777777778,0.0597222222222222,0.0458333333333332,0.0138888888888889,0.0888888888888888,0.0888888888888888,0.0,True,True,True,True,False,False,True,True,False,False,0.0013888888888888,0.0013888888888888,False,False,False,True,False,0.5743055555555556,0.0527777777777777,0.0888888888888888,0.015277777777777835,0.013888888888889,0.0,both_fail
2,600,2000,risky_assessed,refuse,edge__risky_assessed__refuse,42,41,0.4,0.3402777777777778,0.0597222222222222,0.0611111111111111,0.0666666666666666,-0.0055555555555555,0.0916666666666666,0.1277777777777777,-0.036111111111111,True,True,True,True,False,False,True,True,False,False,0.0013888888888888,0.0041666666666666,False,False,False,True,False,0.3701388888888889,0.06388888888888886,0.10972222222222217,0.05972222222222223,0.005555555555555494,0.03611111111111111,both_fail
2,600,2001,risky_assessed,refuse,edge__risky_assessed__refuse,43,42,0.3791666666666666,0.3430555555555555,0.036111111111111,0.0722222222222222,0.0458333333333333,0.0263888888888889,0.1027777777777777,0.1222222222222222,-0.0194444444444444,True,True,True,True,False,False,True,True,False,False,0.0,0.0027777777777777,False,False,False,True,False,0.36111111111111105,0.05902777777777775,0.11249999999999996,0.036111111111111094,0.0263888888888889,0.0194444444444445,both_fail
2,600,2002,risky_assessed,refuse,edge__risky_assessed__refuse,42,41,0.3791666666666666,0.3430555555555555,0.036111111111111,0.0722222222222222,0.0444444444444444,0.0277777777777777,0.1027777777777777,0.1222222222222222,-0.0194444444444444,True,True,True,True,False,False,True,True,False,False,0.0,0.0027777777777777,False,False,False,True,False,0.36111111111111105,0.0583333333333333,0.11249999999999996,0.036111111111111094,0.027777777777777804,0.0194444444444445,both_fail
2,600,2003,risky_assessed,refuse,edge__risky_assessed__refuse,44,43,0.375,0.3430555555555555,0.0319444444444444,0.0722222222222222,0.0458333333333333,0.0263888888888889,0.1083333333333333,0.1305555555555555,-0.0222222222222222,True,True,True,True,False,False,True,True,False,False,0.0,0.0027777777777777,False,False,False,True,False,0.3590277777777777,0.05902777777777775,0.11944444444444441,0.0319444444444445,0.0263888888888889,0.022222222222222213,both_fail
2,600,2004,risky_assessed,refuse,edge__risky_assessed__refuse,43,42,0.3611111111111111,0.3291666666666666,0.0319444444444444,0.0805555555555555,0.0458333333333333,0.0347222222222222,0.1055555555555555,0.1194444444444444,-0.0138888888888888,True,True,True,True,False,False,True,True,False,False,0.0,0.0013888888888888,False,False,False,True,False,0.3451388888888889,0.0631944444444444,0.11249999999999995,0.0319444444444445,0.0347222222222222,0.013888888888888895,both_fail
2,600,2005,risky_assessed,refuse,edge__risky_assessed__refuse,42,41,0.4652777777777778,0.4277777777777777,0.0375,0.0472222222222221,0.1,-0.0527777777777778,0.1347222222222222,0.2222222222222222,-0.0875,True,True,True,True,False,False,True,True,False,False,0.0013888888888888,0.0013888888888888,False,False,False,True,False,0.44652777777777775,0.07361111111111106,0.1784722222222222,0.03750000000000009,0.0527777777777779,0.08750000000000002,both_fail
2,600,2006,risky_assessed,refuse,edge__risky_assessed__refuse,43,42,0.3611111111111111,0.3236111111111111,0.0374999999999999,0.0791666666666666,0.0611111111111111,0.0180555555555555,0.0791666666666666,0.1208333333333333,-0.0416666666666666,True,True,True,True,False,False,True,True,False,False,0.0,0.0013888888888888,False,False,False,True,False,0.3423611111111111,0.07013888888888885,0.09999999999999995,0.03749999999999998,0.01805555555555549,0.04166666666666671,both_fail
2,600,2007,risky_assessed,refuse,edge__risky_assessed__refuse,43,42,0.3180555555555555,0.1944444444444444,0.123611111111111,0.0666666666666667,0.0347222222222222,0.0319444444444445,0.15,0.2388888888888889,-0.0888888888888888,True,True,True,True,False,False,True,True,False,False,0.0027777777777777,0.0013888888888888,False,False,False,True,False,0.2562499999999999,0.050694444444444445,0.19444444444444445,0.12361111111111109,0.03194444444444449,0.0888888888888889,both_fail
2,600,2008,risky_assessed,refuse,edge__risky_assessed__refuse,43,42,0.4097222222222222,0.3638888888888889,0.0458333333333333,0.0499999999999999,0.0305555555555555,0.0194444444444444,0.1027777777777777,0.1222222222222222,-0.0194444444444444,True,True,True,True,False,False,True,True,False,False,0.0013888888888888,0.0055555555555555,False,False,False,True,False,0.3868055555555555,0.0402777777777777,0.11249999999999996,0.04583333333333334,0.0194444444444444,0.0194444444444445,both_fail
2,600,2009,risky_assessed,refuse,edge__risky_assessed__refuse,43,42,0.3791666666666666,0.3430555555555555,0.036111111111111,0.0694444444444444,0.0444444444444444,0.025,0.1027777777777777,0.1222222222222222,-0.0194444444444444,True,True,True,True,False,False,True,True,False,False,0.0,0.0027777777777777,False,False,False,True,False,0.36111111111111105,0.0569444444444444,0.11249999999999996,0.036111111111111094,0.02500000000000001,0.0194444444444445,both_fail
2,600,2010,risky_assessed,refuse,edge__risky_assessed__refuse,44,43,0.3791666666666666,0.3430555555555555,0.036111111111111,0.0694444444444444,0.0444444444444444,0.025,0.1027777777777777,0.1222222222222222,-0.0194444444444444,True,True,True,True,False,False,True,True,False,False,0.0,0.0027777777777777,False,False,False,True,False,0.36111111111111105,0.0569444444444444,0.11249999999999996,0.036111111111111094,0.02500000000000001,0.0194444444444445,both_fail
2,600,2011,risky_assessed,refuse,edge__risky_assessed__refuse,44,43,0.4416666666666666,0.4291666666666666,0.0125,0.073611111111111,0.0888888888888889,-0.0152777777777778,0.1402777777777777,0.2111111111111111,-0.0708333333333333,True,True,True,True,False,False,True,True,False,False,0.0027777777777777,0.0027777777777777,False,False,False,True,False,0.43541666666666656,0.08124999999999996,0.1756944444444444,0.012500000000000011,0.015277777777777904,0.07083333333333341,both_fail
2,600,2012,risky_assessed,refuse,edge__risky_assessed__refuse,43,42,0.4527777777777778,0.4430555555555555,0.0097222222222222,0.0680555555555555,0.0902777777777777,-0.0222222222222222,0.1236111111111111,0.1875,-0.0638888888888889,True,True,True,True,False,False,True,True,False,False,0.0027777777777777,0.0027777777777777,False,False,False,True,False,0.44791666666666663,0.07916666666666661,0.15555555555555556,0.009722222222222299,0.022222222222222213,0.0638888888888889,both_fail
2,600,2013,risky_assessed,refuse,edge__risky_assessed__refuse,44,43,0.3791666666666666,0.3430555555555555,0.036111111111111,0.0694444444444444,0.0444444444444444,0.025,0.1027777777777777,0.1222222222222222,-0.0194444444444444,True,True,True,True,False,False,True,True,False,False,0.0,0.0027777777777777,False,False,False,True,False,0.36111111111111105,0.0569444444444444,0.11249999999999996,0.036111111111111094,0.02500000000000001,0.0194444444444445,both_fail
2,600,2014,risky_assessed,refuse,edge__risky_assessed__refuse,44,43,0.3805555555555555,0.3430555555555555,0.0374999999999999,0.0722222222222222,0.0458333333333333,0.0263888888888889,0.1027777777777777,0.1222222222222222,-0.0194444444444444,True,True,True,True,False,False,True,True,False,False,0.0,0.0027777777777777,False,False,False,True,False,0.3618055555555555,0.05902777777777775,0.11249999999999996,0.03749999999999998,0.0263888888888889,0.0194444444444445,both_fail
2,600,2015,risky_assessed,refuse,edge__risky_assessed__refuse,43,42,0.3791666666666666,0.3430555555555555,0.036111111111111,0.0722222222222222,0.0458333333333333,0.0263888888888889,0.1027777777777777,0.1222222222222222,-0.0194444444444444,True,True,True,True,False,False,True,True,False,False,0.0,0.0027777777777777,False,False,False,True,False,0.36111111111111105,0.05902777777777775,0.11249999999999996,0.036111111111111094,0.0263888888888889,0.0194444444444445,both_fail
2,1200,2000,risky_assessed,refuse,edge__risky_assessed__refuse,42,41,0.3763888888888889,0.3083333333333333,0.0680555555555555,0.0833333333333333,0.1194444444444444,-0.036111111111111,0.1430555555555555,0.1805555555555555,-0.0375,True,True,True,True,False,False,True,True,False,False,0.0013888888888888,0.0027777777777777,False,False,False,True,False,0.3423611111111111,0.10138888888888885,0.16180555555555548,0.06805555555555559,0.036111111111111094,0.037500000000000006,both_fail
2,1200,2001,risky_assessed,refuse,edge__risky_assessed__refuse,43,42,0.3736111111111111,0.3083333333333333,0.0652777777777777,0.0791666666666666,0.0833333333333333,-0.0041666666666666,0.1111111111111111,0.1513888888888889,-0.0402777777777777,True,True,True,True,False,False,True,True,False,False,0.0013888888888888,0.0027777777777777,False,False,False,True,False,0.34097222222222223,0.08124999999999995,0.13125,0.06527777777777782,0.004166666666666707,0.0402777777777778,both_fail
2,1200,2002,risky_assessed,refuse,edge__risky_assessed__refuse,42,41,0.3736111111111111,0.3083333333333333,0.0652777777777777,0.0791666666666666,0.0833333333333333,-0.0041666666666666,0.1111111111111111,0.1513888888888889,-0.0402777777777777,True,True,True,True,False,False,True,True,False,False,0.0013888888888888,0.0027777777777777,False,False,False,True,False,0.34097222222222223,0.08124999999999995,0.13125,0.06527777777777782,0.004166666666666707,0.0402777777777778,both_fail
2,1200,2003,risky_assessed,refuse,edge__risky_assessed__refuse,44,43,0.3722222222222222,0.3152777777777777,0.0569444444444444,0.0791666666666666,0.0819444444444444,-0.0027777777777778,0.1194444444444444,0.1583333333333333,-0.0388888888888889,True,True,True,True,False,False,True,True,False,False,0.0013888888888888,0.0027777777777777,False,False,False,True,False,0.34374999999999994,0.08055555555555549,0.13888888888888884,0.056944444444444464,0.0027777777777778095,0.0388888888888889,both_fail
2,1200,2004,risky_assessed,refuse,edge__risky_assessed__refuse,43,42,0.3611111111111111,0.3055555555555555,0.0555555555555555,0.0875,0.0861111111111111,0.0013888888888888,0.1097222222222222,0.1472222222222222,-0.0375,True,True,True,True,False,False,True,True,False,False,0.0013888888888888,0.0027777777777777,False,False,False,True,False,0.3333333333333333,0.08680555555555555,0.1284722222222222,0.05555555555555558,0.0013888888888888978,0.037500000000000006,both_fail
2,1200,2005,risky_assessed,refuse,edge__risky_assessed__refuse,42,41,0.475,0.4444444444444444,0.0305555555555555,0.0541666666666666,0.1041666666666667,-0.05,0.15,0.2125,-0.0625,True,True,True,True,False,False,True,True,False,False,0.0013888888888888,0.0027777777777777,False,False,False,True,False,0.4597222222222222,0.07916666666666665,0.18125,0.030555555555555558,0.0500000000000001,0.0625,both_fail
2,1200,2006,risky_assessed,refuse,edge__risky_assessed__refuse,43,42,0.3263888888888889,0.3041666666666666,0.0222222222222222,0.1180555555555555,0.0833333333333333,0.0347222222222221,0.0902777777777777,0.1277777777777778,-0.0375,True,True,True,True,False,False,True,True,False,False,0.0013888888888888,0.0027777777777777,False,False,False,True,False,0.31527777777777777,0.10069444444444439,0.10902777777777775,0.02222222222222231,0.034722222222222196,0.03750000000000009,both_fail
2,1200,2007,risky_assessed,refuse,edge__risky_assessed__refuse,43,42,0.3125,0.1944444444444444,0.1180555555555555,0.0958333333333333,0.0263888888888888,0.0694444444444444,0.1611111111111111,0.2472222222222222,-0.086111111111111,True,True,True,True,False,False,True,True,False,False,0.0013888888888888,0.0041666666666666,False,False,False,True,False,0.2534722222222222,0.06111111111111105,0.20416666666666666,0.11805555555555561,0.0694444444444445,0.08611111111111111,both_fail
2,1200,2008,risky_assessed,refuse,edge__risky_assessed__refuse,43,42,0.3999999999999999,0.3263888888888889,0.073611111111111,0.0541666666666666,0.0722222222222221,-0.0180555555555554,0.1166666666666666,0.1583333333333333,-0.0416666666666666,True,True,True,True,False,False,True,True,False,False,0.0027777777777777,0.0055555555555555,False,False,False,True,False,0.3631944444444444,0.06319444444444436,0.13749999999999996,0.07361111111111102,0.018055555555555505,0.0416666666666667,both_fail
2,1200,2009,risky_assessed,refuse,edge__risky_assessed__refuse,43,42,0.3763888888888889,0.3166666666666666,0.0597222222222222,0.0763888888888889,0.0777777777777777,-0.0013888888888888,0.1138888888888889,0.15,-0.0361111111111111,True,True,True,True,False,False,True,True,False,False,0.0013888888888888,0.0027777777777777,False,False,False,True,False,0.34652777777777777,0.0770833333333333,0.13194444444444445,0.05972222222222229,0.0013888888888888007,0.036111111111111094,both_fail
2,1200,2010,risky_assessed,refuse,edge__risky_assessed__refuse,44,43,0.375,0.3111111111111111,0.0638888888888888,0.0777777777777777,0.0833333333333333,-0.0055555555555555,0.1097222222222222,0.1486111111111111,-0.0388888888888888,True,True,True,True,False,False,True,True,False,False,0.0013888888888888,0.0027777777777777,False,False,False,True,False,0.34305555555555556,0.08055555555555549,0.12916666666666665,0.06388888888888888,0.005555555555555605,0.03888888888888892,both_fail
2,1200,2011,risky_assessed,refuse,edge__risky_assessed__refuse,44,43,0.4569444444444444,0.4305555555555556,0.0263888888888888,0.0611111111111111,0.0777777777777777,-0.0166666666666665,0.1430555555555555,0.2236111111111111,-0.0805555555555555,True,True,True,True,False,False,True,True,False,False,0.0013888888888888,0.0027777777777777,False,False,False,True,False,0.44375,0.06944444444444439,0.1833333333333333,0.026388888888888795,0.016666666666666594,0.0805555555555556,both_fail
2,1200,2012,risky_assessed,refuse,edge__risky_assessed__refuse,43,42,0.4638888888888888,0.4263888888888889,0.0374999999999999,0.0583333333333334,0.0958333333333333,-0.0374999999999999,0.1430555555555555,0.2097222222222222,-0.0666666666666666,True,True,True,True,False,False,True,True,False,False,0.0027777777777777,0.0055555555555555,False,False,False,True,False,0.44513888888888886,0.07708333333333335,0.17638888888888885,0.03749999999999992,0.0374999999999999,0.06666666666666671,both_fail
2,1200,2013,risky_assessed,refuse,edge__risky_assessed__refuse,44,43,0.375,0.3111111111111111,0.0638888888888888,0.0777777777777777,0.0833333333333333,-0.0055555555555555,0.1097222222222222,0.1486111111111111,-0.0388888888888888,True,True,True,True,False,False,True,True,False,False,0.0013888888888888,0.0027777777777777,False,False,False,True,False,0.34305555555555556,0.08055555555555549,0.12916666666666665,0.06388888888888888,0.005555555555555605,0.03888888888888892,both_fail
2,1200,2014,risky_assessed,refuse,edge__risky_assessed__refuse,44,43,0.3736111111111111,0.3083333333333333,0.0652777777777777,0.0791666666666666,0.0833333333333333,-0.0041666666666666,0.1111111111111111,0.1513888888888889,-0.0402777777777777,True,True,True,True,False,False,True,True,False,False,0.0013888888888888,0.0027777777777777,False,False,False,True,False,0.34097222222222223,0.08124999999999995,0.13125,0.06527777777777782,0.004166666666666707,0.0402777777777778,both_fail
2,1200,2015,risky_assessed,refuse,edge__risky_assessed__refuse,43,42,0.3736111111111111,0.3083333333333333,0.0652777777777777,0.0791666666666666,0.0833333333333333,-0.0041666666666666,0.1111111111111111,0.1513888888888889,-0.0402777777777777,True,True,True,True,False,False,True,True,False,False,0.0013888888888888,0.0027777777777777,False,False,False,True,False,0.34097222222222223,0.08124999999999995,0.13125,0.06527777777777782,0.004166666666666707,0.0402777777777778,both_fail
2,2400,2000,risky_assessed,refuse,edge__risky_assessed__refuse,42,41,0.3777777777777777,0.325,0.0527777777777777,0.0791666666666667,0.1111111111111111,-0.0319444444444443,0.1291666666666666,0.1680555555555555,-0.0388888888888888,True,True,True,True,False,False,True,True,False,False,0.0013888888888888,0.0027777777777777,False,False,False,True,False,0.35138888888888886,0.09513888888888891,0.14861111111111105,0.0527777777777777,0.0319444444444444,0.03888888888888892,both_fail
2,2400,2001,risky_assessed,refuse,edge__risky_assessed__refuse,43,42,0.3708333333333333,0.3125,0.0583333333333333,0.0902777777777777,0.1041666666666666,-0.0138888888888888,0.1180555555555555,0.1666666666666666,-0.0486111111111111,True,True,True,True,False,False,True,True,False,False,0.0013888888888888,0.0013888888888888,False,False,False,True,False,0.3416666666666667,0.09722222222222215,0.14236111111111105,0.05833333333333329,0.013888888888888895,0.048611111111111105,both_fail
2,2400,2002,risky_assessed,refuse,edge__risky_assessed__refuse,42,41,0.3708333333333333,0.3125,0.0583333333333333,0.0847222222222222,0.1069444444444444,-0.0222222222222222,0.1180555555555555,0.1666666666666666,-0.0486111111111111,True,True,True,True,False,False,True,True,False,False,0.0013888888888888,0.0013888888888888,False,False,False,True,False,0.3416666666666667,0.0958333333333333,0.14236111111111105,0.05833333333333329,0.0222222222222222,0.048611111111111105,both_fail
2,2400,2003,risky_assessed,refuse,edge__risky_assessed__refuse,44,43,0.386111111111111,0.3222222222222222,0.0638888888888888,0.0763888888888889,0.1013888888888888,-0.0249999999999999,0.1152777777777777,0.1680555555555555,-0.0527777777777777,True,True,True,True,False,False,True,True,False,False,0.0013888888888888,0.0013888888888888,False,False,False,True,False,0.35416666666666663,0.08888888888888885,0.1416666666666666,0.06388888888888883,0.02499999999999991,0.05277777777777781,both_fail
2,2400,2004,risky_assessed,refuse,edge__risky_assessed__refuse,43,42,0.3541666666666667,0.3,0.0541666666666666,0.0888888888888888,0.0972222222222222,-0.0083333333333333,0.1194444444444444,0.1680555555555555,-0.0486111111111111,True,True,True,True,False,False,True,True,False,False,0.0,0.0,False,False,False,True,False,0.32708333333333334,0.0930555555555555,0.14374999999999996,0.054166666666666696,0.008333333333333401,0.04861111111111112,both_fail
2,2400,2005,risky_assessed,refuse,edge__risky_assessed__refuse,42,41,0.4486111111111111,0.4333333333333333,0.0152777777777777,0.0833333333333333,0.1305555555555555,-0.0472222222222222,0.1513888888888889,0.2236111111111111,-0.0722222222222222,True,True,True,True,False,False,True,True,False,False,0.0013888888888888,0.0027777777777777,False,False,False,True,False,0.4409722222222222,0.1069444444444444,0.1875,0.015277777777777835,0.04722222222222221,0.07222222222222219,both_fail
2,2400,2006,risky_assessed,refuse,edge__risky_assessed__refuse,43,42,0.3513888888888888,0.3013888888888889,0.0499999999999999,0.1,0.1041666666666666,-0.0041666666666666,0.0972222222222222,0.15,-0.0527777777777777,True,True,True,True,False,False,True,True,False,False,0.0,0.0013888888888888,False,False,False,True,False,0.32638888888888884,0.1020833333333333,0.12361111111111109,0.04999999999999993,0.004166666666666596,0.0527777777777778,both_fail
2,2400,2007,risky_assessed,refuse,edge__risky_assessed__refuse,43,42,0.3097222222222222,0.2041666666666666,0.1055555555555555,0.0999999999999999,0.0208333333333333,0.0791666666666666,0.175,0.2472222222222222,-0.0722222222222222,True,True,True,True,False,False,True,True,False,False,0.0013888888888888,0.0027777777777777,False,False,False,True,False,0.2569444444444444,0.0604166666666666,0.21111111111111108,0.10555555555555557,0.0791666666666666,0.07222222222222222,both_fail
2,2400,2008,risky_assessed,refuse,edge__risky_assessed__refuse,43,42,0.4069444444444444,0.3416666666666667,0.0652777777777777,0.0611111111111111,0.0694444444444444,-0.0083333333333333,0.1194444444444444,0.1583333333333333,-0.0388888888888888,True,True,True,True,False,False,True,True,False,False,0.0027777777777777,0.0055555555555555,False,False,False,True,False,0.37430555555555556,0.06527777777777775,0.13888888888888884,0.06527777777777771,0.008333333333333304,0.0388888888888889,both_fail
2,2400,2009,risky_assessed,refuse,edge__risky_assessed__refuse,43,42,0.3861111111111111,0.3208333333333333,0.0652777777777778,0.0694444444444444,0.0958333333333333,-0.0263888888888889,0.1125,0.1638888888888889,-0.0513888888888888,True,True,True,True,False,False,True,True,False,False,0.0013888888888888,0.0013888888888888,False,False,False,True,False,0.3534722222222222,0.08263888888888885,0.13819444444444445,0.06527777777777782,0.026388888888888892,0.05138888888888889,both_fail
2,2400,2010,risky_assessed,refuse,edge__risky_assessed__refuse,44,43,0.3722222222222222,0.3152777777777777,0.0569444444444444,0.0847222222222222,0.1013888888888889,-0.0166666666666667,0.1166666666666666,0.1638888888888889,-0.0472222222222222,True,True,True,True,False,False,True,True,False,False,0.0013888888888888,0.0013888888888888,False,False,False,True,False,0.34374999999999994,0.09305555555555556,0.14027777777777775,0.056944444444444464,0.016666666666666705,0.04722222222222229,both_fail
2,2400,2011,risky_assessed,refuse,edge__risky_assessed__refuse,44,43,0.4277777777777777,0.4305555555555556,-0.0027777777777778,0.0777777777777777,0.0847222222222221,-0.0069444444444443,0.1458333333333333,0.2236111111111111,-0.0777777777777777,True,True,True,True,False,False,True,True,False,False,0.0027777777777777,0.0027777777777777,False,False,False,True,False,0.42916666666666664,0.0812499999999999,0.18472222222222218,0.002777777777777879,0.006944444444444406,0.0777777777777778,both_fail
2,2400,2012,risky_assessed,refuse,edge__risky_assessed__refuse,43,42,0.4541666666666666,0.4361111111111111,0.0180555555555555,0.0652777777777778,0.0958333333333333,-0.0305555555555555,0.1333333333333333,0.2138888888888889,-0.0805555555555555,True,True,True,True,False,False,True,True,False,False,0.0027777777777777,0.0027777777777777,False,False,False,True,False,0.44513888888888886,0.08055555555555555,0.1736111111111111,0.01805555555555549,0.030555555555555503,0.0805555555555556,both_fail
2,2400,2013,risky_assessed,refuse,edge__risky_assessed__refuse,44,43,0.3722222222222222,0.3152777777777777,0.0569444444444444,0.0847222222222222,0.1013888888888889,-0.0166666666666667,0.1166666666666666,0.1638888888888889,-0.0472222222222222,True,True,True,True,False,False,True,True,False,False,0.0013888888888888,0.0013888888888888,False,False,False,True,False,0.34374999999999994,0.09305555555555556,0.14027777777777775,0.056944444444444464,0.016666666666666705,0.04722222222222229,both_fail
2,2400,2014,risky_assessed,refuse,edge__risky_assessed__refuse,44,43,0.3708333333333333,0.3125,0.0583333333333333,0.0902777777777777,0.1041666666666666,-0.0138888888888888,0.1180555555555555,0.1666666666666666,-0.0486111111111111,True,True,True,True,False,False,True,True,False,False,0.0013888888888888,0.0013888888888888,False,False,False,True,False,0.3416666666666667,0.09722222222222215,0.14236111111111105,0.05833333333333329,0.013888888888888895,0.048611111111111105,both_fail
2,2400,2015,risky_assessed,refuse,edge__risky_assessed__refuse,43,42,0.3708333333333333,0.3125,0.0583333333333333,0.0902777777777777,0.1041666666666666,-0.0138888888888888,0.1180555555555555,0.1666666666666666,-0.0486111111111111,True,True,True,True,False,False,True,True,False,False,0.0013888888888888,0.0013888888888888,False,False,False,True,False,0.3416666666666667,0.09722222222222215,0.14236111111111105,0.05833333333333329,0.013888888888888895,0.048611111111111105,both_fail
3,600,2000,risky_assessed,refuse,edge__risky_assessed__refuse,42,41,0.2416666666666666,0.0736111111111111,0.1680555555555555,0.0555555555555555,-0.0138888888888888,0.0694444444444444,0.0930555555555555,0.2138888888888888,-0.1208333333333333,True,True,True,True,False,False,True,True,False,False,0.0,0.0055555555555555,False,False,False,True,False,0.15763888888888886,0.02083333333333335,0.15347222222222215,0.1680555555555555,0.0694444444444443,0.12083333333333329,both_fail
3,600,2001,risky_assessed,refuse,edge__risky_assessed__refuse,43,42,0.2611111111111111,0.0736111111111111,0.1875,0.0374999999999999,-0.0152777777777777,0.0527777777777777,0.0791666666666666,0.2222222222222222,-0.1430555555555555,True,True,True,True,False,False,True,True,False,False,0.0,0.0083333333333333,False,False,False,True,False,0.16736111111111113,0.011111111111111101,0.1506944444444444,0.18750000000000003,0.052777777777777604,0.1430555555555556,both_fail
3,600,2002,risky_assessed,refuse,edge__risky_assessed__refuse,42,41,0.2611111111111111,0.0736111111111111,0.1875,0.0374999999999999,-0.0152777777777777,0.0527777777777777,0.0791666666666666,0.2222222222222222,-0.1430555555555555,True,True,True,True,False,False,True,True,False,False,0.0,0.0083333333333333,False,False,False,True,False,0.16736111111111113,0.011111111111111101,0.1506944444444444,0.18750000000000003,0.052777777777777604,0.1430555555555556,both_fail
3,600,2003,risky_assessed,refuse,edge__risky_assessed__refuse,44,43,0.2625,0.0791666666666666,0.1833333333333333,0.0277777777777777,-0.0180555555555555,0.0458333333333333,0.0736111111111111,0.2180555555555555,-0.1444444444444444,True,True,True,True,False,False,True,True,False,False,0.0,0.0069444444444444,False,False,False,True,False,0.1708333333333333,0.004861111111111101,0.14583333333333331,0.1833333333333334,0.0458333333333332,0.1444444444444444,both_fail
3,600,2004,risky_assessed,refuse,edge__risky_assessed__refuse,43,42,0.2583333333333333,0.0638888888888888,0.1944444444444444,0.0277777777777777,0.0,0.0277777777777777,0.0861111111111111,0.2111111111111111,-0.125,True,True,True,True,False,False,True,True,False,False,0.0,0.0027777777777777,False,False,False,True,False,0.16111111111111104,0.01388888888888885,0.1486111111111111,0.1944444444444445,0.0277777777777777,0.125,both_fail
3,600,2005,risky_assessed,refuse,edge__risky_assessed__refuse,42,41,0.2861111111111111,0.0569444444444444,0.2291666666666666,0.0236111111111111,0.0097222222222222,0.0138888888888889,0.0958333333333333,0.2486111111111111,-0.1527777777777777,True,True,True,True,False,False,True,True,False,False,0.0,0.0069444444444444,False,False,False,True,False,0.17152777777777775,0.01666666666666665,0.1722222222222222,0.22916666666666669,0.0138888888888889,0.1527777777777778,both_fail
3,600,2006,risky_assessed,refuse,edge__risky_assessed__refuse,43,42,0.225,0.0513888888888888,0.1736111111111111,0.0319444444444444,6.938893903907228e-18,0.0319444444444444,0.0875,0.1847222222222222,-0.0972222222222222,True,True,True,True,False,False,True,True,False,False,0.0,0.0055555555555555,False,False,False,True,False,0.1381944444444444,0.015972222222222204,0.1361111111111111,0.17361111111111122,0.03194444444444439,0.09722222222222221,both_fail
3,600,2007,risky_assessed,refuse,edge__risky_assessed__refuse,43,42,0.3111111111111111,0.0680555555555555,0.2430555555555555,0.0291666666666666,0.0416666666666666,-0.0124999999999999,0.1027777777777777,0.4569444444444444,-0.3541666666666666,True,True,True,True,False,False,True,True,False,False,0.0,0.0291666666666666,False,False,False,True,False,0.1895833333333333,0.0354166666666666,0.27986111111111106,0.24305555555555564,0.0125,0.3541666666666667,both_fail
3,600,2008,risky_assessed,refuse,edge__risky_assessed__refuse,43,42,0.2972222222222222,0.0916666666666666,0.2055555555555555,-0.0166666666666666,-0.0208333333333333,0.0041666666666666,0.0930555555555555,0.2402777777777777,-0.1472222222222222,True,True,True,True,False,False,True,True,False,False,0.0,0.0083333333333333,False,False,False,True,False,0.19444444444444442,-0.01874999999999995,0.1666666666666666,0.2055555555555556,0.0041666666666667004,0.1472222222222222,both_fail
3,600,2009,risky_assessed,refuse,edge__risky_assessed__refuse,43,42,0.2625,0.0763888888888889,0.1861111111111111,0.036111111111111,-0.0166666666666666,0.0527777777777777,0.0736111111111111,0.2194444444444444,-0.1458333333333333,True,True,True,True,False,False,True,True,False,False,0.0,0.0083333333333333,False,False,False,True,False,0.16944444444444445,0.009722222222222198,0.14652777777777776,0.18611111111111112,0.0527777777777776,0.1458333333333333,both_fail
3,600,2010,risky_assessed,refuse,edge__risky_assessed__refuse,44,43,0.2625,0.0763888888888889,0.1861111111111111,0.036111111111111,-0.0152777777777777,0.0513888888888888,0.0736111111111111,0.2194444444444444,-0.1458333333333333,True,True,True,True,False,False,True,True,False,False,0.0,0.0083333333333333,False,False,False,True,False,0.16944444444444445,0.010416666666666649,0.14652777777777776,0.18611111111111112,0.05138888888888869,0.1458333333333333,both_fail
3,600,2011,risky_assessed,refuse,edge__risky_assessed__refuse,44,43,0.275,0.0527777777777777,0.2222222222222222,0.0222222222222222,-0.0083333333333333,0.0305555555555555,0.0930555555555555,0.2569444444444445,-0.1638888888888889,True,True,True,True,False,False,True,True,False,False,0.0,0.0069444444444444,False,False,False,True,False,0.16388888888888886,0.006944444444444449,0.175,0.22222222222222232,0.0305555555555555,0.16388888888888897,both_fail
3,600,2012,risky_assessed,refuse,edge__risky_assessed__refuse,43,42,0.275,0.0625,0.2125,0.0180555555555555,-0.0208333333333333,0.0388888888888888,0.0916666666666666,0.2569444444444444,-0.1652777777777777,True,True,True,True,False,False,True,True,False,False,0.0,0.0083333333333333,False,False,False,True,False,0.16875,-0.0013888888888889013,0.17430555555555552,0.21250000000000002,0.0388888888888888,0.1652777777777778,both_fail
3,600,2013,risky_assessed,refuse,edge__risky_assessed__refuse,44,43,0.2625,0.0763888888888889,0.1861111111111111,0.036111111111111,-0.0152777777777777,0.0513888888888888,0.0736111111111111,0.2194444444444444,-0.1458333333333333,True,True,True,True,False,False,True,True,False,False,0.0,0.0083333333333333,False,False,False,True,False,0.16944444444444445,0.010416666666666649,0.14652777777777776,0.18611111111111112,0.05138888888888869,0.1458333333333333,both_fail
3,600,2014,risky_assessed,refuse,edge__risky_assessed__refuse,44,43,0.2611111111111111,0.0736111111111111,0.1875,0.0374999999999999,-0.0166666666666666,0.0541666666666666,0.0791666666666666,0.2222222222222222,-0.1430555555555555,True,True,True,True,False,False,True,True,False,False,0.0,0.0083333333333333,False,False,False,True,False,0.16736111111111113,0.01041666666666665,0.1506944444444444,0.18750000000000003,0.0541666666666665,0.1430555555555556,both_fail
3,600,2015,risky_assessed,refuse,edge__risky_assessed__refuse,43,42,0.2611111111111111,0.0736111111111111,0.1875,0.0374999999999999,-0.0152777777777777,0.0527777777777777,0.0791666666666666,0.2222222222222222,-0.1430555555555555,True,True,True,True,False,False,True,True,False,False,0.0,0.0083333333333333,False,False,False,True,False,0.16736111111111113,0.011111111111111101,0.1506944444444444,0.18750000000000003,0.052777777777777604,0.1430555555555556,both_fail
3,1200,2000,risky_assessed,refuse,edge__risky_assessed__refuse,42,41,0.2333333333333333,0.0708333333333333,0.1625,0.0541666666666666,0.0041666666666666,0.0499999999999999,0.1013888888888888,0.2305555555555555,-0.1291666666666666,True,True,True,True,False,False,True,True,False,False,0.0,0.0055555555555555,False,False,False,True,False,0.1520833333333333,0.029166666666666598,0.16597222222222216,0.1625,0.05,0.1291666666666667,both_fail
3,1200,2001,risky_assessed,refuse,edge__risky_assessed__refuse,43,42,0.2444444444444444,0.0736111111111111,0.1708333333333333,0.0458333333333333,-0.0138888888888888,0.0597222222222222,0.0916666666666666,0.2444444444444444,-0.1527777777777778,True,True,True,True,False,False,True,True,False,False,0.0,0.0069444444444444,False,False,False,True,False,0.15902777777777777,0.015972222222222252,0.1680555555555555,0.1708333333333333,0.0597222222222221,0.1527777777777778,both_fail
3,1200,2002,risky_assessed,refuse,edge__risky_assessed__refuse,42,41,0.2458333333333333,0.0736111111111111,0.1722222222222222,0.0444444444444444,-0.0138888888888888,0.0583333333333333,0.0944444444444444,0.2444444444444444,-0.15,True,True,True,True,False,False,True,True,False,False,0.0,0.0069444444444444,False,False,False,True,False,0.1597222222222222,0.0152777777777778,0.1694444444444444,0.1722222222222222,0.058333333333333195,0.15000000000000002,both_fail
3,1200,2003,risky_assessed,refuse,edge__risky_assessed__refuse,44,43,0.2472222222222222,0.0791666666666666,0.1680555555555555,0.0361111111111111,-0.0111111111111111,0.0472222222222222,0.0916666666666666,0.2430555555555555,-0.1513888888888889,True,True,True,True,False,False,True,True,False,False,0.0,0.0041666666666666,False,False,False,True,False,0.1631944444444444,0.0125,0.16736111111111104,0.16805555555555562,0.0472222222222222,0.1513888888888889,both_fail
3,1200,2004,risky_assessed,refuse,edge__risky_assessed__refuse,43,42,0.2319444444444444,0.0694444444444444,0.1625,0.0499999999999999,0.0055555555555555,0.0444444444444444,0.0916666666666666,0.2263888888888889,-0.1347222222222222,True,True,True,True,False,False,True,True,False,False,0.0,0.0041666666666666,False,False,False,True,False,0.1506944444444444,0.0277777777777777,0.15902777777777774,0.16249999999999998,0.0444444444444444,0.1347222222222223,both_fail
3,1200,2005,risky_assessed,refuse,edge__risky_assessed__refuse,42,41,0.2541666666666666,0.0569444444444444,0.1972222222222222,0.0402777777777778,0.0097222222222222,0.0305555555555555,0.0944444444444444,0.2763888888888888,-0.1819444444444444,True,True,True,True,False,False,True,True,False,False,0.0,0.0083333333333333,False,False,False,True,False,0.1555555555555555,0.025,0.1854166666666666,0.1972222222222222,0.0305555555555556,0.1819444444444444,both_fail
3,1200,2006,risky_assessed,refuse,edge__risky_assessed__refuse,43,42,0.2166666666666666,0.0527777777777777,0.1638888888888888,0.0472222222222222,0.0083333333333333,0.0388888888888889,0.0958333333333333,0.2458333333333333,-0.1499999999999999,True,True,True,True,False,False,True,True,False,False,0.0,0.0041666666666666,False,False,False,True,False,0.13472222222222213,0.02777777777777775,0.17083333333333328,0.1638888888888889,0.0388888888888889,0.15,both_fail
3,1200,2007,risky_assessed,refuse,edge__risky_assessed__refuse,43,42,0.3111111111111111,0.0666666666666666,0.2444444444444444,0.0138888888888888,0.0680555555555555,-0.0541666666666666,0.1125,0.4777777777777777,-0.3652777777777777,True,True,True,True,False,False,True,True,False,False,0.0,0.0236111111111111,False,False,False,True,False,0.18888888888888886,0.040972222222222146,0.29513888888888884,0.24444444444444452,0.054166666666666696,0.3652777777777777,both_fail
3,1200,2008,risky_assessed,refuse,edge__risky_assessed__refuse,43,42,0.2736111111111111,0.0958333333333333,0.1777777777777777,0.0291666666666666,-0.0097222222222222,0.0388888888888888,0.0958333333333333,0.2638888888888889,-0.1680555555555555,True,True,True,True,False,False,True,True,False,False,0.0,0.0041666666666666,False,False,False,True,False,0.18472222222222218,0.009722222222222202,0.17986111111111108,0.17777777777777778,0.0388888888888888,0.1680555555555556,both_fail
3,1200,2009,risky_assessed,refuse,edge__risky_assessed__refuse,43,42,0.2458333333333333,0.075,0.1708333333333333,0.0416666666666666,-0.0166666666666666,0.0583333333333333,0.0916666666666666,0.2444444444444444,-0.1527777777777778,True,True,True,True,False,False,True,True,False,False,0.0,0.0069444444444444,False,False,False,True,False,0.16041666666666665,0.0125,0.1680555555555555,0.17083333333333328,0.0583333333333332,0.1527777777777778,both_fail
3,1200,2010,risky_assessed,refuse,edge__risky_assessed__refuse,44,43,0.2458333333333333,0.0722222222222222,0.1736111111111111,0.0416666666666666,-0.0166666666666666,0.0583333333333333,0.0916666666666666,0.2458333333333333,-0.1541666666666666,True,True,True,True,False,False,True,True,False,False,0.0,0.0069444444444444,False,False,False,True,False,0.15902777777777774,0.0125,0.16874999999999996,0.1736111111111111,0.0583333333333332,0.15416666666666667,both_fail
3,1200,2011,risky_assessed,refuse,edge__risky_assessed__refuse,44,43,0.2680555555555555,0.0611111111111111,0.2069444444444444,0.0138888888888888,-0.0208333333333333,0.0347222222222222,0.0958333333333333,0.2986111111111111,-0.2027777777777777,True,True,True,True,False,False,True,True,False,False,0.0,0.0083333333333333,False,False,False,True,False,0.1645833333333333,-0.0034722222222222507,0.1972222222222222,0.20694444444444438,0.0347222222222221,0.2027777777777778,both_fail
3,1200,2012,risky_assessed,refuse,edge__risky_assessed__refuse,43,42,0.2652777777777778,0.0625,0.2027777777777777,0.0277777777777777,-0.0069444444444444,0.0347222222222222,0.0958333333333333,0.3180555555555556,-0.2222222222222222,True,True,True,True,False,False,True,True,False,False,0.0,0.0041666666666666,False,False,False,True,False,0.1638888888888889,0.01041666666666665,0.20694444444444443,0.20277777777777778,0.0347222222222221,0.2222222222222223,both_fail
3,1200,2013,risky_assessed,refuse,edge__risky_assessed__refuse,44,43,0.2458333333333333,0.0722222222222222,0.1736111111111111,0.0416666666666666,-0.0166666666666666,0.0583333333333333,0.0916666666666666,0.2458333333333333,-0.1541666666666666,True,True,True,True,False,False,True,True,False,False,0.0,0.0069444444444444,False,False,False,True,False,0.15902777777777774,0.0125,0.16874999999999996,0.1736111111111111,0.0583333333333332,0.15416666666666667,both_fail
3,1200,2014,risky_assessed,refuse,edge__risky_assessed__refuse,44,43,0.2444444444444444,0.0736111111111111,0.1708333333333333,0.0458333333333333,-0.0138888888888888,0.0597222222222222,0.0916666666666666,0.2444444444444444,-0.1527777777777778,True,True,True,True,False,False,True,True,False,False,0.0,0.0069444444444444,False,False,False,True,False,0.15902777777777777,0.015972222222222252,0.1680555555555555,0.1708333333333333,0.0597222222222221,0.1527777777777778,both_fail
3,1200,2015,risky_assessed,refuse,edge__risky_assessed__refuse,43,42,0.2444444444444444,0.0736111111111111,0.1708333333333333,0.0458333333333333,-0.0138888888888888,0.0597222222222222,0.0916666666666666,0.2444444444444444,-0.1527777777777778,True,True,True,True,False,False,True,True,False,False,0.0,0.0069444444444444,False,False,False,True,False,0.15902777777777777,0.015972222222222252,0.1680555555555555,0.1708333333333333,0.0597222222222221,0.1527777777777778,both_fail
3,2400,2000,risky_assessed,refuse,edge__risky_assessed__refuse,42,41,0.2333333333333333,0.0763888888888889,0.1569444444444444,0.0541666666666666,-1.3877787807814457e-17,0.0541666666666666,0.0986111111111111,0.2236111111111111,-0.125,True,True,True,True,False,False,True,True,False,False,0.0,0.0083333333333333,False,False,False,True,False,0.15486111111111112,0.027083333333333293,0.1611111111111111,0.15694444444444441,0.05416666666666661,0.125,both_fail
3,2400,2001,risky_assessed,refuse,edge__risky_assessed__refuse,43,42,0.2527777777777777,0.0694444444444444,0.1833333333333333,0.0499999999999999,-0.0152777777777777,0.0652777777777777,0.0972222222222222,0.2375,-0.1402777777777777,True,True,True,True,False,False,True,True,False,False,0.0,0.0041666666666666,False,False,False,True,False,0.16111111111111107,0.017361111111111098,0.1673611111111111,0.1833333333333333,0.0652777777777776,0.14027777777777778,both_fail
3,2400,2002,risky_assessed,refuse,edge__risky_assessed__refuse,42,41,0.2527777777777777,0.0694444444444444,0.1833333333333333,0.0499999999999999,-0.0152777777777777,0.0652777777777777,0.0986111111111111,0.2375,-0.1388888888888889,True,True,True,True,False,False,True,True,False,False,0.0,0.0041666666666666,False,False,False,True,False,0.16111111111111107,0.017361111111111098,0.16805555555555554,0.1833333333333333,0.0652777777777776,0.1388888888888889,both_fail
3,2400,2003,risky_assessed,refuse,edge__risky_assessed__refuse,44,43,0.2569444444444444,0.0763888888888889,0.1805555555555555,0.0444444444444444,-0.0166666666666666,0.0611111111111111,0.0944444444444444,0.2319444444444444,-0.1374999999999999,True,True,True,True,False,False,True,True,False,False,0.0,0.0041666666666666,False,False,False,True,False,0.16666666666666666,0.013888888888888899,0.1631944444444444,0.18055555555555552,0.061111111111111,0.1375,both_fail
3,2400,2004,risky_assessed,refuse,edge__risky_assessed__refuse,43,42,0.2333333333333333,0.0680555555555555,0.1652777777777778,0.0583333333333333,0.0027777777777777,0.0555555555555555,0.0902777777777777,0.2305555555555555,-0.1402777777777777,True,True,True,True,False,False,True,True,False,False,0.0,0.0041666666666666,False,False,False,True,False,0.1506944444444444,0.0305555555555555,0.1604166666666666,0.1652777777777778,0.0555555555555556,0.1402777777777778,both_fail
3,2400,2005,risky_assessed,refuse,edge__risky_assessed__refuse,42,41,0.2555555555555555,0.0638888888888888,0.1916666666666666,0.0541666666666666,0.0013888888888888,0.0527777777777778,0.1125,0.2749999999999999,-0.1624999999999999,True,True,True,True,False,False,True,True,False,False,0.0,0.0083333333333333,False,False,False,True,False,0.15972222222222215,0.0277777777777777,0.19374999999999995,0.19166666666666668,0.0527777777777778,0.16249999999999992,both_fail
3,2400,2006,risky_assessed,refuse,edge__risky_assessed__refuse,43,42,0.2208333333333333,0.0541666666666666,0.1666666666666666,0.0611111111111111,0.0027777777777777,0.0583333333333333,0.0930555555555555,0.2291666666666666,-0.1361111111111111,True,True,True,True,False,False,True,True,False,False,0.0013888888888888,0.0055555555555555,False,False,False,True,False,0.13749999999999996,0.0319444444444444,0.16111111111111104,0.16666666666666669,0.058333333333333404,0.1361111111111111,both_fail
3,2400,2007,risky_assessed,refuse,edge__risky_assessed__refuse,43,42,0.2916666666666667,0.0736111111111111,0.2180555555555555,0.0458333333333333,0.0513888888888889,-0.0055555555555555,0.1305555555555555,0.4555555555555555,-0.3249999999999999,True,True,True,True,False,False,True,True,False,False,0.0,0.0277777777777777,False,False,False,True,False,0.1826388888888889,0.048611111111111105,0.2930555555555555,0.21805555555555559,0.005555555555555598,0.32499999999999996,both_fail
3,2400,2008,risky_assessed,refuse,edge__risky_assessed__refuse,43,42,0.3083333333333333,0.0958333333333333,0.2125,-0.0041666666666667,-0.0097222222222222,0.0055555555555555,0.1041666666666666,0.2680555555555555,-0.1638888888888888,True,True,True,True,False,False,True,True,False,False,0.0,0.0027777777777777,False,False,False,True,False,0.20208333333333328,-0.006944444444444449,0.18611111111111106,0.2125,0.0055555555555555,0.1638888888888889,both_fail
3,2400,2009,risky_assessed,refuse,edge__risky_assessed__refuse,43,42,0.2555555555555555,0.0708333333333333,0.1847222222222222,0.0458333333333333,-0.0152777777777777,0.0611111111111111,0.0916666666666666,0.2361111111111111,-0.1444444444444444,True,True,True,True,False,False,True,True,False,False,0.0,0.0041666666666666,False,False,False,True,False,0.1631944444444444,0.015277777777777802,0.16388888888888886,0.18472222222222218,0.061111111111111005,0.1444444444444445,both_fail
3,2400,2010,risky_assessed,refuse,edge__risky_assessed__refuse,44,43,0.2555555555555555,0.0680555555555555,0.1875,0.0458333333333333,-0.0124999999999999,0.0583333333333333,0.0916666666666666,0.2375,-0.1458333333333333,True,True,True,True,False,False,True,True,False,False,0.0,0.0041666666666666,False,False,False,True,False,0.16180555555555548,0.0166666666666667,0.1645833333333333,0.1875,0.0583333333333332,0.14583333333333337,both_fail
3,2400,2011,risky_assessed,refuse,edge__risky_assessed__refuse,44,43,0.2722222222222222,0.0513888888888888,0.2208333333333333,0.0291666666666666,-0.0069444444444444,0.0361111111111111,0.1069444444444444,0.2930555555555555,-0.1861111111111111,True,True,True,True,False,False,True,True,False,False,0.0,0.0055555555555555,False,False,False,True,False,0.1618055555555555,0.011111111111111101,0.19999999999999996,0.22083333333333338,0.036111111111111004,0.18611111111111112,both_fail
3,2400,2012,risky_assessed,refuse,edge__risky_assessed__refuse,43,42,0.2652777777777778,0.0569444444444444,0.2083333333333333,0.0374999999999999,-0.0041666666666666,0.0416666666666666,0.1083333333333333,0.2972222222222222,-0.1888888888888888,True,True,True,True,False,False,True,True,False,False,0.0,0.0069444444444444,False,False,False,True,False,0.1611111111111111,0.01666666666666665,0.20277777777777775,0.20833333333333337,0.041666666666666505,0.18888888888888894,both_fail
3,2400,2013,risky_assessed,refuse,edge__risky_assessed__refuse,44,43,0.2555555555555555,0.0680555555555555,0.1875,0.0458333333333333,-0.0124999999999999,0.0583333333333333,0.0916666666666666,0.2375,-0.1458333333333333,True,True,True,True,False,False,True,True,False,False,0.0,0.0041666666666666,False,False,False,True,False,0.16180555555555548,0.0166666666666667,0.1645833333333333,0.1875,0.0583333333333332,0.14583333333333337,both_fail
3,2400,2014,risky_assessed,refuse,edge__risky_assessed__refuse,44,43,0.2527777777777777,0.0694444444444444,0.1833333333333333,0.0499999999999999,-0.0152777777777777,0.0652777777777777,0.0972222222222222,0.2375,-0.1402777777777777,True,True,True,True,False,False,True,True,False,False,0.0,0.0041666666666666,False,False,False,True,False,0.16111111111111107,0.017361111111111098,0.1673611111111111,0.1833333333333333,0.0652777777777776,0.14027777777777778,both_fail
3,2400,2015,risky_assessed,refuse,edge__risky_assessed__refuse,43,42,0.2527777777777777,0.0694444444444444,0.1833333333333333,0.0499999999999999,-0.0152777777777777,0.0652777777777777,0.0972222222222222,0.2375,-0.1402777777777777,True,True,True,True,False,False,True,True,False,False,0.0,0.0041666666666666,False,False,False,True,False,0.16111111111111107,0.017361111111111098,0.1673611111111111,0.1833333333333333,0.0652777777777776,0.14027777777777778,both_fail
4,600,2000,risky_assessed,refuse,edge__risky_assessed__refuse,42,41,0.1430555555555555,0.1402777777777777,0.0027777777777777,0.3055555555555556,0.3208333333333333,-0.0152777777777777,0.4055555555555555,0.4083333333333333,-0.0027777777777777,True,True,True,True,True,True,True,True,True,True,0.0319444444444444,0.0333333333333333,False,False,True,False,False,0.1416666666666666,0.31319444444444444,0.40694444444444444,0.0027777777777777957,0.015277777777777724,0.0027777777777778234,both_pass
4,600,2001,risky_assessed,refuse,edge__risky_assessed__refuse,43,42,0.1694444444444444,0.1708333333333333,-0.0013888888888888,0.2875,0.3041666666666666,-0.0166666666666666,0.3805555555555555,0.3847222222222222,-0.0041666666666667,True,True,True,True,True,True,True,True,True,True,0.0152777777777777,0.0222222222222222,False,False,True,False,False,0.17013888888888884,0.2958333333333333,0.38263888888888886,0.0013888888888889117,0.016666666666666607,0.004166666666666707,both_pass
4,600,2002,risky_assessed,refuse,edge__risky_assessed__refuse,42,41,0.1638888888888889,0.1680555555555555,-0.0041666666666666,0.2861111111111111,0.3027777777777777,-0.0166666666666666,0.3847222222222222,0.3874999999999999,-0.0027777777777777,True,True,True,True,True,True,True,True,True,True,0.0180555555555555,0.0236111111111111,False,False,True,False,False,0.1659722222222222,0.2944444444444444,0.38611111111111107,0.004166666666666624,0.016666666666666607,0.0027777777777777124,both_pass
4,600,2003,risky_assessed,refuse,edge__risky_assessed__refuse,44,43,0.1513888888888889,0.1541666666666666,-0.0027777777777777,0.2875,0.3027777777777777,-0.0152777777777777,0.3986111111111111,0.3986111111111111,0.0,True,True,True,True,True,True,True,True,True,True,0.0236111111111111,0.0319444444444444,False,False,True,False,False,0.15277777777777773,0.29513888888888884,0.3986111111111111,0.0027777777777776846,0.015277777777777724,0.0,both_pass
4,600,2004,risky_assessed,refuse,edge__risky_assessed__refuse,43,42,0.1541666666666666,0.1597222222222222,-0.0055555555555555,0.2486111111111111,0.2458333333333333,0.0027777777777777,0.3416666666666667,0.3347222222222222,0.0069444444444444,True,True,True,True,True,True,True,True,True,True,0.0152777777777777,0.025,False,False,True,False,False,0.1569444444444444,0.24722222222222218,0.33819444444444446,0.005555555555555619,0.0027777777777777957,0.006944444444444475,both_pass
4,600,2005,risky_assessed,refuse,edge__risky_assessed__refuse,42,41,0.1847222222222222,0.1486111111111111,0.0361111111111111,0.25,0.3083333333333333,-0.0583333333333333,0.3680555555555555,0.3847222222222222,-0.0166666666666667,True,True,True,True,True,True,True,True,True,True,0.0263888888888888,0.0333333333333333,False,False,True,False,False,0.16666666666666666,0.2791666666666667,0.3763888888888889,0.036111111111111094,0.05833333333333329,0.016666666666666663,both_pass
4,600,2006,risky_assessed,refuse,edge__risky_assessed__refuse,43,42,0.1472222222222222,0.1444444444444444,0.0027777777777777,0.2444444444444444,0.2666666666666666,-0.0222222222222221,0.3430555555555555,0.3402777777777778,0.0027777777777777,True,True,True,True,True,True,True,True,True,True,0.0236111111111111,0.0305555555555555,False,False,True,False,False,0.14583333333333331,0.25555555555555554,0.3416666666666667,0.0027777777777777957,0.0222222222222222,0.0027777777777777124,both_pass
4,600,2007,risky_assessed,refuse,edge__risky_assessed__refuse,43,42,0.1611111111111111,0.1347222222222222,0.0263888888888888,0.2652777777777778,0.3069444444444444,-0.0416666666666666,0.3986111111111111,0.3972222222222222,0.0013888888888888,True,True,True,True,True,True,True,True,True,True,0.0208333333333333,0.0527777777777777,False,False,True,False,False,0.14791666666666664,0.2861111111111111,0.39791666666666664,0.026388888888888906,0.04166666666666663,0.001388888888888884,both_pass
4,600,2008,risky_assessed,refuse,edge__risky_assessed__refuse,43,42,0.3125,0.3027777777777777,0.0097222222222222,0.2347222222222222,0.2555555555555556,-0.0208333333333333,0.4402777777777777,0.4416666666666666,-0.0013888888888888,True,True,True,True,True,True,True,True,True,True,0.0277777777777777,0.0347222222222222,False,False,True,False,False,0.30763888888888885,0.2451388888888889,0.44097222222222215,0.009722222222222299,0.020833333333333398,0.001388888888888884,both_pass
4,600,2009,risky_assessed,refuse,edge__risky_assessed__refuse,43,42,0.1791666666666666,0.1805555555555555,-0.0013888888888888,0.2763888888888889,0.2944444444444444,-0.0180555555555554,0.3736111111111111,0.3791666666666667,-0.0055555555555555,True,True,True,True,True,True,True,True,True,True,0.0180555555555555,0.0208333333333333,False,False,True,False,False,0.17986111111111105,0.28541666666666665,0.3763888888888889,0.001388888888888884,0.01805555555555549,0.005555555555555591,both_pass
4,600,2010,risky_assessed,refuse,edge__risky_assessed__refuse,44,43,0.1833333333333333,0.1861111111111111,-0.0027777777777777,0.2708333333333333,0.2847222222222222,-0.0138888888888888,0.375,0.375,0.0,True,True,True,True,True,True,True,True,True,True,0.0125,0.0194444444444444,False,False,True,False,False,0.18472222222222218,0.2777777777777778,0.375,0.0027777777777777957,0.013888888888888895,0.0,both_pass
4,600,2011,risky_assessed,refuse,edge__risky_assessed__refuse,44,43,0.1722222222222222,0.1625,0.0097222222222222,0.2819444444444444,0.3027777777777778,-0.0208333333333333,0.3930555555555555,0.4,-0.0069444444444444,True,True,True,True,True,True,True,True,True,True,0.0138888888888888,0.0236111111111111,False,False,True,False,False,0.1673611111111111,0.29236111111111107,0.39652777777777776,0.009722222222222188,0.020833333333333426,0.006944444444444531,both_pass
4,600,2012,risky_assessed,refuse,edge__risky_assessed__refuse,43,42,0.1555555555555555,0.1444444444444444,0.0111111111111111,0.3069444444444444,0.3680555555555556,-0.0611111111111111,0.3777777777777777,0.3958333333333333,-0.0180555555555555,True,True,True,True,True,True,True,True,True,True,0.0152777777777777,0.0152777777777777,False,False,True,False,False,0.14999999999999997,0.3375,0.3868055555555555,0.0111111111111111,0.06111111111111117,0.018055555555555602,both_pass
4,600,2013,risky_assessed,refuse,edge__risky_assessed__refuse,44,43,0.1833333333333333,0.1861111111111111,-0.0027777777777777,0.2708333333333333,0.2847222222222222,-0.0138888888888888,0.375,0.375,0.0,True,True,True,True,True,True,True,True,True,True,0.0125,0.0194444444444444,False,False,True,False,False,0.18472222222222218,0.2777777777777778,0.375,0.0027777777777777957,0.013888888888888895,0.0,both_pass
4,600,2014,risky_assessed,refuse,edge__risky_assessed__refuse,44,43,0.1694444444444444,0.1708333333333333,-0.0013888888888888,0.2875,0.3069444444444444,-0.0194444444444444,0.3805555555555555,0.3861111111111111,-0.0055555555555555,True,True,True,True,True,True,True,True,True,True,0.0152777777777777,0.0208333333333333,False,False,True,False,False,0.17013888888888884,0.29722222222222217,0.3833333333333333,0.0013888888888889117,0.01944444444444443,0.005555555555555647,both_pass
4,600,2015,risky_assessed,refuse,edge__risky_assessed__refuse,43,42,0.1694444444444444,0.1708333333333333,-0.0013888888888888,0.2875,0.3041666666666666,-0.0166666666666666,0.3805555555555555,0.3847222222222222,-0.0041666666666667,True,True,True,True,True,True,True,True,True,True,0.0152777777777777,0.0222222222222222,False,False,True,False,False,0.17013888888888884,0.2958333333333333,0.38263888888888886,0.0013888888888889117,0.016666666666666607,0.004166666666666707,both_pass
4,1200,2000,risky_assessed,refuse,edge__risky_assessed__refuse,42,41,0.1430555555555555,0.1458333333333333,-0.0027777777777777,0.2805555555555555,0.3055555555555556,-0.025,0.4027777777777778,0.4,0.0027777777777777,True,True,True,True,True,True,True,True,True,True,0.0388888888888888,0.0375,False,False,True,False,False,0.14444444444444438,0.2930555555555555,0.4013888888888889,0.0027777777777777957,0.025000000000000078,0.002777777777777768,both_pass
4,1200,2001,risky_assessed,refuse,edge__risky_assessed__refuse,43,42,0.1805555555555555,0.1736111111111111,0.0069444444444444,0.2666666666666667,0.2805555555555555,-0.0138888888888888,0.375,0.3777777777777778,-0.0027777777777778,True,True,True,True,True,True,True,True,True,True,0.0194444444444444,0.0208333333333333,False,False,True,False,False,0.17708333333333331,0.27361111111111114,0.3763888888888889,0.006944444444444392,0.013888888888888784,0.0027777777777778234,both_pass
4,1200,2002,risky_assessed,refuse,edge__risky_assessed__refuse,42,41,0.1763888888888889,0.1708333333333333,0.0055555555555555,0.2736111111111111,0.2833333333333333,-0.0097222222222221,0.3791666666666667,0.3819444444444445,-0.0027777777777777,True,True,True,True,True,True,True,True,True,True,0.0208333333333333,0.0222222222222222,False,False,True,False,False,0.1736111111111111,0.27847222222222223,0.3805555555555556,0.005555555555555591,0.009722222222222243,0.002777777777777768,both_pass
4,1200,2003,risky_assessed,refuse,edge__risky_assessed__refuse,44,43,0.1583333333333333,0.1583333333333333,2.775557561562892e-17,0.2569444444444444,0.2791666666666667,-0.0222222222222222,0.3888888888888889,0.3888888888888888,5.551115123125783e-17,True,True,True,True,True,True,True,True,True,True,0.0375,0.0388888888888888,False,False,True,False,False,0.1583333333333333,0.26805555555555555,0.38888888888888884,0.0,0.022222222222222254,1.1102230246251565e-16,both_pass
4,1200,2004,risky_assessed,refuse,edge__risky_assessed__refuse,43,42,0.1625,0.1611111111111111,0.0013888888888888,0.2499999999999999,0.2638888888888888,-0.0138888888888888,0.3458333333333333,0.3472222222222222,-0.0013888888888889,True,True,True,True,True,True,True,True,True,True,0.0166666666666666,0.0222222222222222,False,False,True,False,False,0.16180555555555554,0.2569444444444443,0.34652777777777777,0.0013888888888889117,0.013888888888888895,0.001388888888888884,both_pass
4,1200,2005,risky_assessed,refuse,edge__risky_assessed__refuse,42,41,0.1791666666666666,0.1541666666666666,0.0249999999999999,0.2430555555555555,0.3083333333333333,-0.0652777777777777,0.3694444444444444,0.375,-0.0055555555555555,True,True,True,True,True,True,True,True,True,True,0.0277777777777777,0.0319444444444444,False,False,True,False,False,0.1666666666666666,0.2756944444444444,0.37222222222222223,0.025000000000000022,0.0652777777777778,0.005555555555555591,both_pass
4,1200,2006,risky_assessed,refuse,edge__risky_assessed__refuse,43,42,0.1388888888888889,0.1430555555555555,-0.0041666666666666,0.2305555555555555,0.2486111111111111,-0.0180555555555556,0.3513888888888888,0.35,0.0013888888888888,True,True,True,True,True,True,True,True,True,True,0.025,0.0291666666666666,False,False,True,False,False,0.1409722222222222,0.23958333333333331,0.3506944444444444,0.004166666666666596,0.018055555555555575,0.0013888888888888284,both_pass
4,1200,2007,risky_assessed,refuse,edge__risky_assessed__refuse,43,42,0.1569444444444444,0.1527777777777778,0.0041666666666666,0.2722222222222222,0.3,-0.0277777777777777,0.3958333333333333,0.3736111111111111,0.0222222222222222,True,True,True,True,True,True,True,True,True,True,0.0208333333333333,0.0611111111111111,False,False,True,False,False,0.1548611111111111,0.2861111111111111,0.3847222222222222,0.004166666666666596,0.02777777777777779,0.0222222222222222,both_pass
4,1200,2008,risky_assessed,refuse,edge__risky_assessed__refuse,43,42,0.3416666666666667,0.3347222222222222,0.0069444444444444,0.1847222222222222,0.2125,-0.0277777777777778,0.4166666666666667,0.4222222222222222,-0.0055555555555555,True,True,True,True,True,True,True,True,True,True,0.0305555555555555,0.0361111111111111,False,False,True,False,False,0.33819444444444446,0.1986111111111111,0.41944444444444445,0.006944444444444475,0.02777777777777779,0.005555555555555536,both_pass
4,1200,2009,risky_assessed,refuse,edge__risky_assessed__refuse,43,42,0.1875,0.1805555555555555,0.0069444444444444,0.25,0.2708333333333333,-0.0208333333333333,0.3680555555555556,0.3708333333333333,-0.0027777777777777,True,True,True,True,True,True,True,True,True,True,0.0194444444444444,0.0208333333333333,False,False,True,False,False,0.18402777777777773,0.26041666666666663,0.36944444444444446,0.006944444444444503,0.020833333333333315,0.0027777777777777124,both_pass
4,1200,2010,risky_assessed,refuse,edge__risky_assessed__refuse,44,43,0.1875,0.1819444444444444,0.0055555555555555,0.2569444444444444,0.2722222222222222,-0.0152777777777777,0.3694444444444444,0.3694444444444444,0.0,True,True,True,True,True,True,True,True,True,True,0.0194444444444444,0.0236111111111111,False,False,True,False,False,0.1847222222222222,0.2645833333333333,0.3694444444444444,0.005555555555555591,0.015277777777777779,0.0,both_pass
4,1200,2011,risky_assessed,refuse,edge__risky_assessed__refuse,44,43,0.1666666666666666,0.1652777777777777,0.0013888888888888,0.2638888888888888,0.2791666666666667,-0.0152777777777778,0.3847222222222222,0.3902777777777778,-0.0055555555555555,True,True,True,True,True,True,True,True,True,True,0.0222222222222222,0.0277777777777777,False,False,True,False,False,0.16597222222222213,0.2715277777777777,0.38749999999999996,0.0013888888888889117,0.01527777777777789,0.005555555555555591,both_pass
4,1200,2012,risky_assessed,refuse,edge__risky_assessed__refuse,43,42,0.175,0.1541666666666666,0.0208333333333333,0.2569444444444445,0.3236111111111111,-0.0666666666666666,0.3527777777777778,0.3944444444444445,-0.0416666666666666,True,True,True,True,True,True,True,True,True,True,0.0222222222222222,0.0222222222222222,False,False,True,False,False,0.1645833333333333,0.2902777777777778,0.3736111111111111,0.020833333333333398,0.06666666666666665,0.041666666666666685,both_pass
4,1200,2013,risky_assessed,refuse,edge__risky_assessed__refuse,44,43,0.1875,0.1819444444444444,0.0055555555555555,0.2569444444444444,0.2722222222222222,-0.0152777777777777,0.3694444444444444,0.3694444444444444,0.0,True,True,True,True,True,True,True,True,True,True,0.0194444444444444,0.0236111111111111,False,False,True,False,False,0.1847222222222222,0.2645833333333333,0.3694444444444444,0.005555555555555591,0.015277777777777779,0.0,both_pass
4,1200,2014,risky_assessed,refuse,edge__risky_assessed__refuse,44,43,0.1805555555555555,0.1736111111111111,0.0069444444444444,0.2666666666666667,0.2777777777777778,-0.011111111111111,0.3736111111111111,0.3763888888888889,-0.0027777777777778,True,True,True,True,True,True,True,True,True,True,0.0194444444444444,0.0222222222222222,False,False,True,False,False,0.17708333333333331,0.27222222222222225,0.375,0.006944444444444392,0.011111111111111072,0.002777777777777768,both_pass
4,1200,2015,risky_assessed,refuse,edge__risky_assessed__refuse,43,42,0.1805555555555555,0.1736111111111111,0.0069444444444444,0.2666666666666667,0.2805555555555555,-0.0138888888888888,0.375,0.3777777777777778,-0.0027777777777778,True,True,True,True,True,True,True,True,True,True,0.0194444444444444,0.0208333333333333,False,False,True,False,False,0.17708333333333331,0.27361111111111114,0.3763888888888889,0.006944444444444392,0.013888888888888784,0.0027777777777778234,both_pass
4,2400,2000,risky_assessed,refuse,edge__risky_assessed__refuse,42,41,0.1624999999999999,0.1694444444444444,-0.0069444444444444,0.2916666666666667,0.3069444444444444,-0.0152777777777777,0.4041666666666667,0.3875,0.0166666666666666,True,True,True,True,True,True,True,True,True,True,0.0347222222222222,0.0361111111111111,False,False,True,False,False,0.16597222222222213,0.29930555555555555,0.39583333333333337,0.006944444444444503,0.015277777777777724,0.016666666666666663,both_pass
4,2400,2001,risky_assessed,refuse,edge__risky_assessed__refuse,43,42,0.1986111111111111,0.1902777777777777,0.0083333333333333,0.2597222222222222,0.3111111111111111,-0.0513888888888889,0.3722222222222222,0.3763888888888889,-0.0041666666666666,True,True,True,True,True,True,True,True,True,True,0.0166666666666666,0.0208333333333333,False,False,True,False,False,0.19444444444444442,0.28541666666666665,0.37430555555555556,0.008333333333333387,0.05138888888888893,0.004166666666666707,both_pass
4,2400,2002,risky_assessed,refuse,edge__risky_assessed__refuse,42,41,0.1861111111111111,0.1791666666666666,0.0069444444444444,0.2722222222222222,0.3152777777777777,-0.0430555555555555,0.3833333333333333,0.3861111111111111,-0.0027777777777777,True,True,True,True,True,True,True,True,True,True,0.0194444444444444,0.0222222222222222,False,False,True,False,False,0.18263888888888885,0.29374999999999996,0.3847222222222222,0.006944444444444475,0.043055555555555514,0.0027777777777778234,both_pass
4,2400,2003,risky_assessed,refuse,edge__risky_assessed__refuse,44,43,0.1763888888888888,0.1819444444444444,-0.0055555555555555,0.2708333333333333,0.2805555555555555,-0.0097222222222221,0.3902777777777778,0.3777777777777777,0.0125,True,True,True,True,True,True,True,True,True,True,0.0402777777777777,0.0402777777777777,False,False,True,False,False,0.17916666666666659,0.2756944444444444,0.38402777777777775,0.005555555555555619,0.009722222222222188,0.012500000000000067,both_pass
4,2400,2004,risky_assessed,refuse,edge__risky_assessed__refuse,43,42,0.1708333333333333,0.1652777777777777,0.0055555555555555,0.25,0.2819444444444444,-0.0319444444444444,0.3472222222222222,0.3486111111111111,-0.0013888888888888,True,True,True,True,True,True,True,True,True,True,0.0111111111111111,0.0166666666666666,False,False,True,False,False,0.1680555555555555,0.26597222222222217,0.34791666666666665,0.005555555555555619,0.031944444444444386,0.001388888888888884,both_pass
4,2400,2005,risky_assessed,refuse,edge__risky_assessed__refuse,42,41,0.1958333333333333,0.1777777777777777,0.0180555555555555,0.2347222222222222,0.2833333333333333,-0.048611111111111,0.3611111111111111,0.3625,-0.0013888888888888,True,True,True,True,True,True,True,True,True,True,0.025,0.0333333333333333,False,False,True,False,False,0.1868055555555555,0.25902777777777775,0.36180555555555555,0.018055555555555602,0.04861111111111113,0.001388888888888884,both_pass
4,2400,2006,risky_assessed,refuse,edge__risky_assessed__refuse,43,42,0.1541666666666666,0.15,0.0041666666666666,0.2236111111111111,0.2527777777777777,-0.0291666666666666,0.3444444444444444,0.3513888888888888,-0.0069444444444444,True,True,True,True,True,True,True,True,True,True,0.025,0.0263888888888888,False,False,True,False,False,0.1520833333333333,0.2381944444444444,0.3479166666666666,0.004166666666666596,0.02916666666666662,0.00694444444444442,both_pass
4,2400,2007,risky_assessed,refuse,edge__risky_assessed__refuse,43,42,0.1611111111111111,0.1444444444444444,0.0166666666666666,0.2819444444444444,0.3305555555555555,-0.048611111111111,0.4069444444444444,0.4,0.0069444444444444,True,True,True,True,True,True,True,True,True,True,0.0208333333333333,0.0638888888888888,False,False,True,False,False,0.15277777777777773,0.3062499999999999,0.40347222222222223,0.01666666666666669,0.048611111111111105,0.006944444444444364,both_pass
4,2400,2008,risky_assessed,refuse,edge__risky_assessed__refuse,43,42,0.3222222222222222,0.3333333333333333,-0.0111111111111111,0.2319444444444445,0.2541666666666667,-0.0222222222222222,0.4291666666666666,0.4361111111111111,-0.0069444444444444,True,True,True,True,True,True,True,True,True,True,0.0263888888888888,0.0291666666666666,False,False,True,False,False,0.3277777777777777,0.2430555555555556,0.43263888888888885,0.011111111111111127,0.0222222222222222,0.006944444444444531,both_pass
4,2400,2009,risky_assessed,refuse,edge__risky_assessed__refuse,43,42,0.1930555555555555,0.1875,0.0055555555555555,0.2597222222222222,0.3055555555555556,-0.0458333333333333,0.3722222222222222,0.3777777777777777,-0.0055555555555555,True,True,True,True,True,True,True,True,True,True,0.0180555555555555,0.0180555555555555,False,False,True,False,False,0.19027777777777777,0.2826388888888889,0.37499999999999994,0.005555555555555508,0.04583333333333339,0.005555555555555536,both_pass
4,2400,2010,risky_assessed,refuse,edge__risky_assessed__refuse,44,43,0.1972222222222222,0.1888888888888888,0.0083333333333333,0.2666666666666667,0.3041666666666667,-0.0374999999999999,0.3722222222222222,0.3736111111111111,-0.0013888888888888,True,True,True,True,True,True,True,True,True,True,0.0152777777777777,0.0194444444444444,False,False,True,False,False,0.19305555555555548,0.2854166666666667,0.3729166666666667,0.008333333333333387,0.03749999999999998,0.0013888888888889395,both_pass
4,2400,2011,risky_assessed,refuse,edge__risky_assessed__refuse,44,43,0.1805555555555555,0.1791666666666666,0.0013888888888888,0.2666666666666667,0.2916666666666666,-0.0249999999999999,0.3833333333333333,0.3902777777777777,-0.0069444444444443,True,True,True,True,True,True,True,True,True,True,0.0166666666666666,0.0236111111111111,False,False,True,False,False,0.17986111111111105,0.2791666666666667,0.3868055555555555,0.001388888888888884,0.024999999999999856,0.00694444444444442,both_pass
4,2400,2012,risky_assessed,refuse,edge__risky_assessed__refuse,43,42,0.1694444444444444,0.1569444444444444,0.0124999999999999,0.2861111111111111,0.3444444444444444,-0.0583333333333333,0.3611111111111111,0.3958333333333333,-0.0347222222222222,True,True,True,True,True,True,True,True,True,True,0.0236111111111111,0.0236111111111111,False,False,True,False,False,0.1631944444444444,0.31527777777777777,0.3784722222222222,0.012500000000000011,0.05833333333333329,0.03472222222222221,both_pass
4,2400,2013,risky_assessed,refuse,edge__risky_assessed__refuse,44,43,0.1972222222222222,0.1888888888888888,0.0083333333333333,0.2666666666666667,0.3041666666666667,-0.0374999999999999,0.3722222222222222,0.3736111111111111,-0.0013888888888888,True,True,True,True,True,True,True,True,True,True,0.0152777777777777,0.0194444444444444,False,False,True,False,False,0.19305555555555548,0.2854166666666667,0.3729166666666667,0.008333333333333387,0.03749999999999998,0.0013888888888889395,both_pass
4,2400,2014,risky_assessed,refuse,edge__risky_assessed__refuse,44,43,0.1986111111111111,0.1902777777777777,0.0083333333333333,0.2597222222222222,0.3111111111111111,-0.0513888888888889,0.3722222222222222,0.3763888888888889,-0.0041666666666666,True,True,True,True,True,True,True,True,True,True,0.0166666666666666,0.0208333333333333,False,False,True,False,False,0.19444444444444442,0.28541666666666665,0.37430555555555556,0.008333333333333387,0.05138888888888893,0.004166666666666707,both_pass
4,2400,2015,risky_assessed,refuse,edge__risky_assessed__refuse,43,42,0.1986111111111111,0.1902777777777777,0.0083333333333333,0.2597222222222222,0.3111111111111111,-0.0513888888888889,0.3722222222222222,0.3763888888888889,-0.0041666666666666,True,True,True,True,True,True,True,True,True,True,0.0166666666666666,0.0208333333333333,False,False,True,False,False,0.19444444444444442,0.28541666666666665,0.37430555555555556,0.008333333333333387,0.05138888888888893,0.004166666666666707,both_pass
5,600,2000,risky_assessed,refuse,edge__risky_assessed__refuse,42,41,0.4347222222222222,0.3416666666666667,0.0930555555555555,0.1097222222222221,0.2569444444444444,-0.1472222222222222,0.2625,0.3986111111111111,-0.1361111111111111,True,True,True,True,False,True,True,True,False,True,0.0041666666666666,0.0194444444444444,False,True,False,False,True,0.3881944444444444,0.18333333333333326,0.33055555555555555,0.0930555555555555,0.1472222222222223,0.13611111111111107,absent_only
5,600,2001,risky_assessed,refuse,edge__risky_assessed__refuse,43,42,0.4361111111111111,0.3847222222222222,0.0513888888888888,0.1277777777777777,0.2430555555555555,-0.1152777777777777,0.275,0.3930555555555555,-0.1180555555555555,True,True,True,True,False,True,True,True,False,True,0.0027777777777777,0.0194444444444444,False,True,False,False,True,0.41041666666666665,0.18541666666666662,0.33402777777777776,0.05138888888888893,0.11527777777777778,0.11805555555555547,absent_only
5,600,2002,risky_assessed,refuse,edge__risky_assessed__refuse,42,41,0.4375,0.3847222222222222,0.0527777777777777,0.1138888888888889,0.2444444444444444,-0.1305555555555554,0.275,0.3916666666666666,-0.1166666666666666,True,True,True,True,False,True,True,True,False,True,0.0027777777777777,0.0208333333333333,False,True,False,False,True,0.4111111111111111,0.17916666666666664,0.3333333333333333,0.05277777777777781,0.1305555555555555,0.11666666666666659,absent_only
5,600,2003,risky_assessed,refuse,edge__risky_assessed__refuse,44,43,0.4375,0.3874999999999999,0.05,0.1208333333333333,0.2375,-0.1166666666666667,0.275,0.3902777777777778,-0.1152777777777777,True,True,True,True,False,True,True,True,False,True,0.0027777777777777,0.0194444444444444,False,True,False,False,True,0.4125,0.17916666666666664,0.33263888888888893,0.0500000000000001,0.11666666666666668,0.11527777777777776,absent_only
5,600,2004,risky_assessed,refuse,edge__risky_assessed__refuse,43,42,0.4263888888888889,0.4069444444444444,0.0194444444444444,0.1069444444444444,0.2458333333333333,-0.1388888888888889,0.2583333333333333,0.3402777777777778,-0.0819444444444444,True,True,True,True,False,True,True,True,False,True,0.0041666666666666,0.0180555555555555,False,True,False,False,True,0.41666666666666663,0.17638888888888885,0.29930555555555555,0.019444444444444486,0.1388888888888889,0.08194444444444449,absent_only
5,600,2005,risky_assessed,refuse,edge__risky_assessed__refuse,42,41,0.3888888888888889,0.2944444444444444,0.0944444444444445,0.1833333333333333,0.2541666666666666,-0.0708333333333333,0.3277777777777778,0.4972222222222222,-0.1694444444444444,True,True,True,True,True,True,True,True,True,True,0.0055555555555555,0.0152777777777777,False,False,True,False,False,0.3416666666666667,0.21874999999999994,0.4125,0.0944444444444445,0.0708333333333333,0.1694444444444444,both_pass
5,600,2006,risky_assessed,refuse,edge__risky_assessed__refuse,43,42,0.3958333333333333,0.3263888888888889,0.0694444444444444,0.1291666666666667,0.2347222222222222,-0.1055555555555555,0.2722222222222222,0.4125,-0.1402777777777777,True,True,True,True,False,True,True,True,False,True,0.0027777777777777,0.0208333333333333,False,True,False,False,True,0.3611111111111111,0.18194444444444446,0.3423611111111111,0.06944444444444442,0.10555555555555549,0.14027777777777778,absent_only
5,600,2007,risky_assessed,refuse,edge__risky_assessed__refuse,43,42,0.4013888888888889,0.3472222222222222,0.0541666666666666,0.1624999999999999,0.4805555555555555,-0.3180555555555555,0.3291666666666666,0.4888888888888889,-0.1597222222222222,True,True,True,True,True,True,True,True,True,True,0.0083333333333333,0.0402777777777777,False,False,True,False,False,0.37430555555555556,0.3215277777777777,0.40902777777777777,0.054166666666666696,0.31805555555555565,0.15972222222222227,both_pass
5,600,2008,risky_assessed,refuse,edge__risky_assessed__refuse,43,42,0.4902777777777777,0.4333333333333333,0.0569444444444444,0.1138888888888888,0.2180555555555556,-0.1041666666666667,0.2666666666666667,0.4013888888888889,-0.1347222222222222,True,True,True,True,False,True,True,True,False,True,0.0069444444444444,0.0236111111111111,False,True,False,False,True,0.46180555555555547,0.16597222222222222,0.3340277777777778,0.05694444444444441,0.10416666666666681,0.1347222222222222,absent_only
5,600,2009,risky_assessed,refuse,edge__risky_assessed__refuse,43,42,0.4361111111111111,0.3874999999999999,0.0486111111111111,0.1347222222222222,0.2527777777777777,-0.1180555555555555,0.2791666666666667,0.3944444444444444,-0.1152777777777777,True,True,True,True,False,True,True,True,False,True,0.0027777777777777,0.0180555555555555,False,True,False,False,True,0.41180555555555554,0.19374999999999995,0.3368055555555555,0.048611111111111216,0.11805555555555552,0.1152777777777777,absent_only
5,600,2010,risky_assessed,refuse,edge__risky_assessed__refuse,44,43,0.4416666666666666,0.3874999999999999,0.0541666666666666,0.1138888888888889,0.2375,-0.1236111111111111,0.2708333333333333,0.3902777777777778,-0.1194444444444444,True,True,True,True,False,True,True,True,False,True,0.0027777777777777,0.0194444444444444,False,True,False,False,True,0.41458333333333325,0.17569444444444443,0.33055555555555555,0.054166666666666696,0.12361111111111109,0.11944444444444446,absent_only
5,600,2011,risky_assessed,refuse,edge__risky_assessed__refuse,44,43,0.35,0.2805555555555555,0.0694444444444444,0.1513888888888889,0.2166666666666666,-0.0652777777777777,0.3319444444444445,0.4722222222222222,-0.1402777777777777,True,True,True,True,True,True,True,True,True,True,0.0041666666666666,0.0208333333333333,False,False,True,False,False,0.31527777777777777,0.18402777777777773,0.40208333333333335,0.06944444444444448,0.06527777777777768,0.14027777777777772,both_pass
5,600,2012,risky_assessed,refuse,edge__risky_assessed__refuse,43,42,0.3388888888888889,0.2805555555555555,0.0583333333333333,0.1638888888888888,0.2305555555555555,-0.0666666666666666,0.3402777777777778,0.4763888888888889,-0.1361111111111111,True,True,True,True,True,True,True,True,True,True,0.0027777777777777,0.0180555555555555,False,False,True,False,False,0.30972222222222223,0.19722222222222216,0.4083333333333333,0.058333333333333404,0.06666666666666671,0.13611111111111113,both_pass
5,600,2013,risky_assessed,refuse,edge__risky_assessed__refuse,44,43,0.4416666666666666,0.3874999999999999,0.0541666666666666,0.1138888888888889,0.2375,-0.1236111111111111,0.2708333333333333,0.3902777777777778,-0.1194444444444444,True,True,True,True,False,True,True,True,False,True,0.0027777777777777,0.0194444444444444,False,True,False,False,True,0.41458333333333325,0.17569444444444443,0.33055555555555555,0.054166666666666696,0.12361111111111109,0.11944444444444446,absent_only
5,600,2014,risky_assessed,refuse,edge__risky_assessed__refuse,44,43,0.4361111111111111,0.3847222222222222,0.0513888888888888,0.125,0.2430555555555555,-0.1180555555555555,0.275,0.3930555555555555,-0.1180555555555555,True,True,True,True,False,True,True,True,False,True,0.0027777777777777,0.0194444444444444,False,True,False,False,True,0.41041666666666665,0.18402777777777773,0.33402777777777776,0.05138888888888893,0.1180555555555555,0.11805555555555547,absent_only
5,600,2015,risky_assessed,refuse,edge__risky_assessed__refuse,43,42,0.4361111111111111,0.3847222222222222,0.0513888888888888,0.1277777777777777,0.2430555555555555,-0.1152777777777777,0.275,0.3930555555555555,-0.1180555555555555,True,True,True,True,False,True,True,True,False,True,0.0027777777777777,0.0194444444444444,False,True,False,False,True,0.41041666666666665,0.18541666666666662,0.33402777777777776,0.05138888888888893,0.11527777777777778,0.11805555555555547,absent_only
5,1200,2000,risky_assessed,refuse,edge__risky_assessed__refuse,42,41,0.4263888888888889,0.3513888888888888,0.075,0.1138888888888888,0.2597222222222222,-0.1458333333333333,0.275,0.3888888888888889,-0.1138888888888888,True,True,True,True,False,True,True,True,False,True,0.0027777777777777,0.0125,False,True,False,False,True,0.38888888888888884,0.1868055555555555,0.3319444444444445,0.07500000000000007,0.14583333333333337,0.11388888888888887,absent_only
5,1200,2001,risky_assessed,refuse,edge__risky_assessed__refuse,43,42,0.4375,0.3680555555555556,0.0694444444444444,0.1263888888888888,0.2680555555555555,-0.1416666666666666,0.2680555555555555,0.3944444444444444,-0.1263888888888888,True,True,True,True,False,True,True,True,False,True,0.0027777777777777,0.0152777777777777,False,True,False,False,True,0.4027777777777778,0.19722222222222213,0.33124999999999993,0.06944444444444442,0.1416666666666667,0.12638888888888888,absent_only
5,1200,2002,risky_assessed,refuse,edge__risky_assessed__refuse,42,41,0.4347222222222222,0.3638888888888889,0.0708333333333333,0.1319444444444444,0.2652777777777778,-0.1333333333333333,0.2708333333333333,0.3999999999999999,-0.1291666666666666,True,True,True,True,False,True,True,True,False,True,0.0027777777777777,0.0138888888888888,False,True,False,False,True,0.3993055555555555,0.19861111111111107,0.3354166666666666,0.0708333333333333,0.1333333333333334,0.1291666666666666,absent_only
5,1200,2003,risky_assessed,refuse,edge__risky_assessed__refuse,44,43,0.4416666666666666,0.3722222222222222,0.0694444444444444,0.125,0.2624999999999999,-0.1374999999999999,0.2652777777777778,0.3902777777777778,-0.125,True,True,True,True,False,True,True,True,False,True,0.0041666666666666,0.0152777777777777,False,True,False,False,True,0.4069444444444444,0.19374999999999995,0.3277777777777778,0.06944444444444442,0.1374999999999999,0.125,absent_only
5,1200,2004,risky_assessed,refuse,edge__risky_assessed__refuse,43,42,0.4305555555555556,0.3833333333333333,0.0472222222222222,0.1097222222222221,0.2541666666666666,-0.1444444444444445,0.2555555555555556,0.3513888888888888,-0.0958333333333332,True,True,True,True,False,True,True,True,False,True,0.0041666666666666,0.0097222222222222,False,True,False,False,True,0.40694444444444444,0.18194444444444435,0.3034722222222222,0.047222222222222276,0.1444444444444445,0.09583333333333321,absent_only
5,1200,2005,risky_assessed,refuse,edge__risky_assessed__refuse,42,41,0.3888888888888889,0.2916666666666666,0.0972222222222222,0.2152777777777777,0.3055555555555556,-0.0902777777777778,0.3361111111111111,0.4972222222222222,-0.161111111111111,True,True,True,True,True,True,True,True,True,True,0.0069444444444444,0.0125,False,False,True,False,False,0.34027777777777773,0.26041666666666663,0.41666666666666663,0.09722222222222232,0.09027777777777787,0.1611111111111111,both_pass
5,1200,2006,risky_assessed,refuse,edge__risky_assessed__refuse,43,42,0.3875,0.3069444444444444,0.0805555555555555,0.1458333333333333,0.2708333333333332,-0.1249999999999999,0.275,0.4166666666666667,-0.1416666666666666,True,True,True,True,False,True,True,True,False,True,0.0027777777777777,0.0194444444444444,False,True,False,False,True,0.3472222222222222,0.20833333333333326,0.3458333333333333,0.0805555555555556,0.12499999999999992,0.14166666666666666,absent_only
5,1200,2007,risky_assessed,refuse,edge__risky_assessed__refuse,43,42,0.4111111111111111,0.3430555555555555,0.0680555555555555,0.1680555555555555,0.4777777777777777,-0.3097222222222222,0.3305555555555556,0.5,-0.1694444444444444,True,True,True,True,True,True,True,True,True,True,0.0069444444444444,0.0347222222222222,False,False,True,False,False,0.3770833333333333,0.32291666666666663,0.4152777777777778,0.06805555555555559,0.3097222222222222,0.1694444444444444,both_pass
5,1200,2008,risky_assessed,refuse,edge__risky_assessed__refuse,43,42,0.4958333333333333,0.4375,0.0583333333333333,0.1083333333333332,0.2152777777777778,-0.1069444444444445,0.2652777777777778,0.3888888888888889,-0.1236111111111111,True,True,True,True,False,True,True,True,False,True,0.0055555555555555,0.0194444444444444,False,True,False,False,True,0.4666666666666667,0.16180555555555548,0.32708333333333334,0.05833333333333329,0.10694444444444459,0.12361111111111112,absent_only
5,1200,2009,risky_assessed,refuse,edge__risky_assessed__refuse,43,42,0.4333333333333333,0.3694444444444444,0.0638888888888888,0.1388888888888889,0.2652777777777778,-0.1263888888888888,0.2736111111111111,0.3930555555555555,-0.1194444444444444,True,True,True,True,False,True,True,True,False,True,0.0027777777777777,0.0125,False,True,False,False,True,0.40138888888888885,0.20208333333333334,0.33333333333333326,0.06388888888888888,0.12638888888888888,0.11944444444444441,absent_only
5,1200,2010,risky_assessed,refuse,edge__risky_assessed__refuse,44,43,0.4416666666666666,0.3722222222222222,0.0694444444444444,0.1263888888888888,0.2624999999999999,-0.136111111111111,0.2652777777777778,0.3902777777777778,-0.125,True,True,True,True,False,True,True,True,False,True,0.0041666666666666,0.0152777777777777,False,True,False,False,True,0.4069444444444444,0.19444444444444436,0.3277777777777778,0.06944444444444442,0.1361111111111111,0.125,absent_only
5,1200,2011,risky_assessed,refuse,edge__risky_assessed__refuse,44,43,0.3708333333333333,0.2847222222222222,0.086111111111111,0.1597222222222222,0.2430555555555555,-0.0833333333333333,0.3180555555555556,0.4763888888888888,-0.1583333333333332,True,True,True,True,True,True,True,True,True,True,0.0069444444444444,0.0138888888888888,False,False,True,False,False,0.3277777777777777,0.20138888888888884,0.3972222222222222,0.08611111111111108,0.08333333333333329,0.15833333333333321,both_pass
5,1200,2012,risky_assessed,refuse,edge__risky_assessed__refuse,43,42,0.3694444444444444,0.3,0.0694444444444444,0.1569444444444445,0.2458333333333333,-0.0888888888888888,0.3194444444444445,0.4708333333333333,-0.1513888888888888,True,True,True,True,True,True,True,True,True,True,0.0055555555555555,0.0125,False,False,True,False,False,0.3347222222222222,0.2013888888888889,0.39513888888888893,0.06944444444444442,0.0888888888888888,0.15138888888888885,both_pass
5,1200,2013,risky_assessed,refuse,edge__risky_assessed__refuse,44,43,0.4416666666666666,0.3722222222222222,0.0694444444444444,0.1263888888888888,0.2624999999999999,-0.136111111111111,0.2652777777777778,0.3902777777777778,-0.125,True,True,True,True,False,True,True,True,False,True,0.0041666666666666,0.0152777777777777,False,True,False,False,True,0.4069444444444444,0.19444444444444436,0.3277777777777778,0.06944444444444442,0.1361111111111111,0.125,absent_only
5,1200,2014,risky_assessed,refuse,edge__risky_assessed__refuse,44,43,0.4402777777777777,0.3694444444444444,0.0708333333333333,0.1236111111111111,0.2666666666666666,-0.1430555555555555,0.2666666666666666,0.3930555555555555,-0.1263888888888888,True,True,True,True,False,True,True,True,False,True,0.0027777777777777,0.0152777777777777,False,True,False,False,True,0.40486111111111106,0.19513888888888886,0.32986111111111105,0.0708333333333333,0.1430555555555555,0.12638888888888888,absent_only
5,1200,2015,risky_assessed,refuse,edge__risky_assessed__refuse,43,42,0.4375,0.3680555555555556,0.0694444444444444,0.1263888888888888,0.2680555555555555,-0.1416666666666666,0.2680555555555555,0.3944444444444444,-0.1263888888888888,True,True,True,True,False,True,True,True,False,True,0.0027777777777777,0.0152777777777777,False,True,False,False,True,0.4027777777777778,0.19722222222222213,0.33124999999999993,0.06944444444444442,0.1416666666666667,0.12638888888888888,absent_only
5,2400,2000,risky_assessed,refuse,edge__risky_assessed__refuse,42,41,0.4125,0.3430555555555555,0.0694444444444444,0.1333333333333333,0.2416666666666667,-0.1083333333333333,0.2763888888888889,0.4013888888888889,-0.125,True,True,True,True,False,True,True,True,False,True,0.0027777777777777,0.0138888888888888,False,True,False,False,True,0.37777777777777777,0.1875,0.3388888888888889,0.06944444444444448,0.10833333333333339,0.125,absent_only
5,2400,2001,risky_assessed,refuse,edge__risky_assessed__refuse,43,42,0.4416666666666666,0.3763888888888889,0.0652777777777777,0.1263888888888888,0.2486111111111111,-0.1222222222222222,0.2569444444444445,0.3875,-0.1305555555555555,True,True,True,True,False,True,True,True,False,True,0.0041666666666666,0.0138888888888888,False,True,False,False,True,0.40902777777777777,0.18749999999999994,0.32222222222222224,0.06527777777777771,0.12222222222222229,0.13055555555555554,absent_only
5,2400,2002,risky_assessed,refuse,edge__risky_assessed__refuse,42,41,0.4402777777777777,0.3736111111111111,0.0666666666666666,0.1208333333333333,0.2416666666666667,-0.1208333333333333,0.2583333333333333,0.3875,-0.1291666666666666,True,True,True,True,False,True,True,True,False,True,0.0041666666666666,0.0166666666666666,False,True,False,False,True,0.40694444444444444,0.18125,0.32291666666666663,0.0666666666666666,0.12083333333333339,0.1291666666666667,absent_only
5,2400,2003,risky_assessed,refuse,edge__risky_assessed__refuse,44,43,0.4430555555555555,0.3833333333333333,0.0597222222222222,0.125,0.2402777777777778,-0.1152777777777778,0.2569444444444445,0.3902777777777778,-0.1333333333333333,True,True,True,True,False,True,True,True,False,True,0.0041666666666666,0.0125,False,True,False,False,True,0.4131944444444444,0.1826388888888889,0.3236111111111111,0.05972222222222218,0.11527777777777781,0.1333333333333333,absent_only
5,2400,2004,risky_assessed,refuse,edge__risky_assessed__refuse,43,42,0.4180555555555555,0.3708333333333333,0.0472222222222222,0.1138888888888888,0.2597222222222222,-0.1458333333333333,0.2597222222222222,0.3513888888888888,-0.0916666666666666,True,True,True,True,False,True,True,True,False,True,0.0013888888888888,0.0125,False,True,False,False,True,0.3944444444444444,0.1868055555555555,0.30555555555555547,0.04722222222222222,0.14583333333333337,0.09166666666666662,absent_only
5,2400,2005,risky_assessed,refuse,edge__risky_assessed__refuse,42,41,0.3819444444444444,0.2916666666666666,0.0902777777777777,0.1972222222222222,0.2847222222222222,-0.0875,0.3208333333333333,0.4736111111111111,-0.1527777777777777,True,True,True,True,True,True,True,True,True,True,0.0041666666666666,0.0152777777777777,False,False,True,False,False,0.33680555555555547,0.2409722222222222,0.3972222222222222,0.09027777777777785,0.08750000000000002,0.1527777777777778,both_pass
5,2400,2006,risky_assessed,refuse,edge__risky_assessed__refuse,43,42,0.3652777777777777,0.3041666666666666,0.0611111111111111,0.1361111111111111,0.2402777777777777,-0.1041666666666666,0.2833333333333333,0.3986111111111111,-0.1152777777777778,True,True,True,True,False,True,True,True,False,True,0.0,0.0208333333333333,False,True,False,False,True,0.33472222222222214,0.1881944444444444,0.34097222222222223,0.061111111111111116,0.1041666666666666,0.11527777777777776,absent_only
5,2400,2007,risky_assessed,refuse,edge__risky_assessed__refuse,43,42,0.3958333333333333,0.3277777777777778,0.0680555555555555,0.1791666666666666,0.4819444444444444,-0.3027777777777778,0.3319444444444445,0.4958333333333333,-0.1638888888888888,True,True,True,True,True,True,True,True,True,True,0.0055555555555555,0.0416666666666666,False,False,True,False,False,0.36180555555555555,0.3305555555555555,0.41388888888888886,0.06805555555555554,0.3027777777777778,0.1638888888888888,both_pass
5,2400,2008,risky_assessed,refuse,edge__risky_assessed__refuse,43,42,0.4888888888888889,0.4111111111111111,0.0777777777777777,0.125,0.2402777777777778,-0.1152777777777777,0.2777777777777778,0.4194444444444444,-0.1416666666666666,True,True,True,True,False,True,True,True,False,True,0.0041666666666666,0.0125,False,True,False,False,True,0.44999999999999996,0.1826388888888889,0.3486111111111111,0.07777777777777778,0.11527777777777781,0.1416666666666666,absent_only
5,2400,2009,risky_assessed,refuse,edge__risky_assessed__refuse,43,42,0.4430555555555555,0.3833333333333333,0.0597222222222222,0.1222222222222222,0.2486111111111111,-0.1263888888888888,0.2583333333333333,0.3833333333333333,-0.1249999999999999,True,True,True,True,False,True,True,True,False,True,0.0027777777777777,0.0138888888888888,False,True,False,False,True,0.4131944444444444,0.18541666666666665,0.3208333333333333,0.05972222222222218,0.12638888888888888,0.125,absent_only
5,2400,2010,risky_assessed,refuse,edge__risky_assessed__refuse,44,43,0.4444444444444444,0.3847222222222222,0.0597222222222222,0.1222222222222222,0.2388888888888889,-0.1166666666666667,0.2541666666666667,0.3875,-0.1333333333333333,True,True,True,True,False,True,True,True,False,True,0.0055555555555555,0.0138888888888888,False,True,False,False,True,0.4145833333333333,0.18055555555555555,0.32083333333333336,0.05972222222222223,0.1166666666666667,0.1333333333333333,absent_only
5,2400,2011,risky_assessed,refuse,edge__risky_assessed__refuse,44,43,0.3819444444444444,0.2930555555555555,0.0888888888888888,0.1208333333333333,0.2333333333333333,-0.1124999999999999,0.3041666666666667,0.4624999999999999,-0.1583333333333332,True,True,True,True,False,True,True,True,False,True,0.0055555555555555,0.0138888888888888,False,True,False,False,True,0.33749999999999997,0.17708333333333331,0.3833333333333333,0.0888888888888889,0.1125,0.15833333333333321,absent_only
5,2400,2012,risky_assessed,refuse,edge__risky_assessed__refuse,43,42,0.3680555555555555,0.2972222222222222,0.0708333333333333,0.1430555555555555,0.2333333333333333,-0.0902777777777777,0.3125,0.4611111111111111,-0.148611111111111,True,True,True,True,False,True,True,True,False,True,0.0027777777777777,0.0138888888888888,False,True,False,False,True,0.3326388888888889,0.1881944444444444,0.3868055555555555,0.0708333333333333,0.09027777777777782,0.14861111111111108,absent_only
5,2400,2013,risky_assessed,refuse,edge__risky_assessed__refuse,44,43,0.4444444444444444,0.3847222222222222,0.0597222222222222,0.1222222222222222,0.2388888888888889,-0.1166666666666667,0.2541666666666667,0.3875,-0.1333333333333333,True,True,True,True,False,True,True,True,False,True,0.0055555555555555,0.0138888888888888,False,True,False,False,True,0.4145833333333333,0.18055555555555555,0.32083333333333336,0.05972222222222223,0.1166666666666667,0.1333333333333333,absent_only
5,2400,2014,risky_assessed,refuse,edge__risky_assessed__refuse,44,43,0.4416666666666666,0.3763888888888889,0.0652777777777777,0.1263888888888888,0.2486111111111111,-0.1222222222222222,0.2569444444444445,0.3875,-0.1305555555555555,True,True,True,True,False,True,True,True,False,True,0.0041666666666666,0.0138888888888888,False,True,False,False,True,0.40902777777777777,0.18749999999999994,0.32222222222222224,0.06527777777777771,0.12222222222222229,0.13055555555555554,absent_only
5,2400,2015,risky_assessed,refuse,edge__risky_assessed__refuse,43,42,0.4416666666666666,0.3763888888888889,0.0652777777777777,0.1263888888888888,0.2486111111111111,-0.1222222222222222,0.2569444444444445,0.3875,-0.1305555555555555,True,True,True,True,False,True,True,True,False,True,0.0041666666666666,0.0138888888888888,False,True,False,False,True,0.40902777777777777,0.18749999999999994,0.32222222222222224,0.06527777777777771,0.12222222222222229,0.13055555555555554,absent_only
6,600,2000,risky_assessed,refuse,edge__risky_assessed__refuse,42,41,0.5249999999999999,0.5055555555555555,0.0194444444444443,0.1194444444444445,0.1375,-0.0180555555555554,0.0486111111111111,0.0513888888888888,-0.0027777777777777,True,True,True,True,False,False,False,False,False,False,0.0013888888888888,0.0013888888888888,False,False,False,True,False,0.5152777777777777,0.12847222222222227,0.04999999999999995,0.019444444444444375,0.018055555555555505,0.0027777777777777055,both_fail
6,600,2001,risky_assessed,refuse,edge__risky_assessed__refuse,43,42,0.5444444444444444,0.5236111111111111,0.0208333333333332,0.0972222222222223,0.1041666666666666,-0.0069444444444443,0.0472222222222222,0.0555555555555555,-0.0083333333333333,True,True,True,True,False,False,False,False,False,False,0.0027777777777777,0.0027777777777777,False,False,False,True,False,0.5340277777777778,0.10069444444444445,0.051388888888888845,0.02083333333333326,0.006944444444444309,0.008333333333333297,both_fail
6,600,2002,risky_assessed,refuse,edge__risky_assessed__refuse,42,41,0.5430555555555555,0.5208333333333334,0.0222222222222221,0.1,0.1097222222222221,-0.009722222222222,0.0486111111111111,0.0583333333333333,-0.0097222222222222,True,True,True,True,False,False,False,False,False,False,0.0027777777777777,0.0027777777777777,False,False,False,True,False,0.5319444444444444,0.10486111111111104,0.0534722222222222,0.022222222222222143,0.00972222222222209,0.009722222222222202,both_fail
6,600,2003,risky_assessed,refuse,edge__risky_assessed__refuse,44,43,0.5347222222222222,0.5263888888888889,0.0083333333333333,0.1069444444444444,0.1097222222222221,-0.0027777777777777,0.0513888888888888,0.0555555555555555,-0.0041666666666666,True,True,True,True,False,False,False,False,False,False,0.0041666666666666,0.0027777777777777,False,False,False,True,False,0.5305555555555556,0.10833333333333325,0.05347222222222215,0.008333333333333304,0.0027777777777776985,0.0041666666666666935,both_fail
6,600,2004,risky_assessed,refuse,edge__risky_assessed__refuse,43,42,0.375,0.3680555555555555,0.0069444444444444,0.0694444444444444,0.0916666666666666,-0.0222222222222222,0.0361111111111111,0.0444444444444444,-0.0083333333333333,True,True,True,True,False,False,True,True,False,False,0.0013888888888888,0.0013888888888888,False,False,False,True,False,0.3715277777777778,0.0805555555555555,0.040277777777777746,0.006944444444444475,0.0222222222222222,0.008333333333333297,both_fail
6,600,2005,risky_assessed,refuse,edge__risky_assessed__refuse,42,41,0.4902777777777777,0.4375,0.0527777777777777,0.1055555555555555,0.1458333333333333,-0.0402777777777778,0.0736111111111111,0.0958333333333333,-0.0222222222222222,True,True,True,True,False,False,False,False,False,False,0.0027777777777777,0.0013888888888888,False,False,False,True,False,0.46388888888888885,0.1256944444444444,0.0847222222222222,0.0527777777777777,0.04027777777777779,0.0222222222222222,both_fail
6,600,2006,risky_assessed,refuse,edge__risky_assessed__refuse,43,42,0.5375,0.5138888888888888,0.0236111111111111,0.0944444444444445,0.1041666666666667,-0.0097222222222221,0.0458333333333333,0.0555555555555555,-0.0097222222222222,True,True,True,True,False,False,False,False,False,False,0.0,0.0,False,False,False,True,False,0.5256944444444445,0.09930555555555559,0.0506944444444444,0.023611111111111138,0.009722222222222202,0.009722222222222195,both_fail
6,600,2007,risky_assessed,refuse,edge__risky_assessed__refuse,43,42,0.5277777777777778,0.5041666666666667,0.0236111111111111,0.1611111111111111,0.1930555555555556,-0.0319444444444445,0.0722222222222222,0.0986111111111111,-0.0263888888888888,True,True,True,True,True,True,False,False,False,False,0.0013888888888888,0.0013888888888888,False,False,True,False,False,0.5159722222222223,0.17708333333333334,0.08541666666666664,0.023611111111111138,0.0319444444444445,0.026388888888888892,both_pass
6,600,2008,risky_assessed,refuse,edge__risky_assessed__refuse,43,42,0.8097222222222221,0.7791666666666666,0.0305555555555555,0.0402777777777779,0.0569444444444445,-0.0166666666666666,0.0569444444444444,0.075,-0.0180555555555555,True,True,True,True,False,False,True,True,False,False,0.0,0.0,False,False,False,True,False,0.7944444444444443,0.0486111111111112,0.0659722222222222,0.030555555555555558,0.0166666666666666,0.018055555555555595,both_fail
6,600,2009,risky_assessed,refuse,edge__risky_assessed__refuse,43,42,0.5527777777777777,0.5333333333333333,0.0194444444444443,0.0902777777777779,0.1,-0.0097222222222221,0.0430555555555555,0.0499999999999999,-0.0069444444444444,True,True,True,True,False,False,False,False,False,False,0.0013888888888888,0.0013888888888888,False,False,False,True,False,0.5430555555555555,0.09513888888888895,0.046527777777777696,0.019444444444444375,0.009722222222222104,0.006944444444444399,both_fail
6,600,2010,risky_assessed,refuse,edge__risky_assessed__refuse,44,43,0.5541666666666666,0.5361111111111111,0.0180555555555554,0.0902777777777779,0.0972222222222223,-0.0069444444444444,0.0430555555555555,0.0472222222222222,-0.0041666666666666,True,True,True,True,False,False,False,False,False,False,0.0,0.0013888888888888,False,False,False,True,False,0.5451388888888888,0.0937500000000001,0.04513888888888885,0.01805555555555549,0.006944444444444392,0.0041666666666667004,both_fail
6,600,2011,risky_assessed,refuse,edge__risky_assessed__refuse,44,43,0.5055555555555555,0.4388888888888889,0.0666666666666666,0.1069444444444444,0.1583333333333332,-0.0513888888888888,0.0722222222222222,0.1041666666666666,-0.0319444444444444,True,True,True,True,False,True,False,False,False,False,0.0,0.0013888888888888,False,True,False,False,True,0.4722222222222222,0.1326388888888888,0.08819444444444441,0.06666666666666665,0.05138888888888879,0.0319444444444444,absent_only
6,600,2012,risky_assessed,refuse,edge__risky_assessed__refuse,43,42,0.5152777777777777,0.4569444444444445,0.0583333333333332,0.1055555555555556,0.1305555555555555,-0.0249999999999999,0.0736111111111111,0.1041666666666666,-0.0305555555555555,True,True,True,True,False,False,False,False,False,False,0.0013888888888888,0.0027777777777777,False,False,False,True,False,0.4861111111111111,0.11805555555555555,0.08888888888888885,0.05833333333333324,0.02499999999999991,0.030555555555555503,both_fail
6,600,2013,risky_assessed,refuse,edge__risky_assessed__refuse,44,43,0.5541666666666666,0.5361111111111111,0.0180555555555554,0.0902777777777779,0.0972222222222223,-0.0069444444444444,0.0430555555555555,0.0472222222222222,-0.0041666666666666,True,True,True,True,False,False,False,False,False,False,0.0,0.0013888888888888,False,False,False,True,False,0.5451388888888888,0.0937500000000001,0.04513888888888885,0.01805555555555549,0.006944444444444392,0.0041666666666667004,both_fail
6,600,2014,risky_assessed,refuse,edge__risky_assessed__refuse,44,43,0.5444444444444444,0.5236111111111111,0.0208333333333332,0.0972222222222223,0.1041666666666666,-0.0069444444444443,0.0472222222222222,0.0555555555555555,-0.0083333333333333,True,True,True,True,False,False,False,False,False,False,0.0027777777777777,0.0027777777777777,False,False,False,True,False,0.5340277777777778,0.10069444444444445,0.051388888888888845,0.02083333333333326,0.006944444444444309,0.008333333333333297,both_fail
6,600,2015,risky_assessed,refuse,edge__risky_assessed__refuse,43,42,0.5444444444444444,0.5236111111111111,0.0208333333333332,0.0972222222222223,0.1041666666666666,-0.0069444444444443,0.0472222222222222,0.0555555555555555,-0.0083333333333333,True,True,True,True,False,False,False,False,False,False,0.0027777777777777,0.0027777777777777,False,False,False,True,False,0.5340277777777778,0.10069444444444445,0.051388888888888845,0.02083333333333326,0.006944444444444309,0.008333333333333297,both_fail
6,1200,2000,risky_assessed,refuse,edge__risky_assessed__refuse,42,41,0.5166666666666666,0.5069444444444444,0.0097222222222221,0.1138888888888889,0.1236111111111111,-0.0097222222222221,0.0513888888888888,0.0569444444444444,-0.0055555555555555,True,True,True,True,False,False,False,False,False,False,0.0,0.0,False,False,False,True,False,0.5118055555555555,0.11875,0.0541666666666666,0.009722222222222188,0.009722222222222202,0.005555555555555598,both_fail
6,1200,2001,risky_assessed,refuse,edge__risky_assessed__refuse,43,42,0.5333333333333333,0.5083333333333333,0.025,0.0916666666666666,0.1097222222222222,-0.0180555555555556,0.0458333333333333,0.0555555555555555,-0.0097222222222222,True,True,True,True,False,False,False,False,False,False,0.0027777777777777,0.0027777777777777,False,False,False,True,False,0.5208333333333333,0.10069444444444439,0.0506944444444444,0.025000000000000022,0.01805555555555559,0.009722222222222195,both_fail
6,1200,2002,risky_assessed,refuse,edge__risky_assessed__refuse,42,41,0.5319444444444444,0.5069444444444444,0.025,0.0930555555555555,0.1125,-0.0194444444444444,0.0472222222222222,0.0555555555555555,-0.0083333333333333,True,True,True,True,False,False,False,False,False,False,0.0027777777777777,0.0027777777777777,False,False,False,True,False,0.5194444444444444,0.10277777777777775,0.051388888888888845,0.025000000000000022,0.0194444444444445,0.008333333333333297,both_fail
6,1200,2003,risky_assessed,refuse,edge__risky_assessed__refuse,44,43,0.5361111111111112,0.5125,0.0236111111111112,0.084722222222222,0.1125,-0.027777777777778,0.0486111111111111,0.0569444444444444,-0.0083333333333333,True,True,True,True,False,False,False,False,False,False,0.0,0.0,False,False,False,True,False,0.5243055555555556,0.09861111111111101,0.05277777777777775,0.02361111111111125,0.027777777777778,0.008333333333333304,both_fail
6,1200,2004,risky_assessed,refuse,edge__risky_assessed__refuse,43,42,0.3805555555555556,0.3874999999999999,-0.0069444444444443,0.0666666666666666,0.0541666666666667,0.0124999999999999,0.0375,0.0347222222222222,0.0027777777777777,True,True,True,True,False,False,True,True,False,False,0.0,0.0,False,False,False,True,False,0.38402777777777775,0.060416666666666646,0.0361111111111111,0.006944444444444309,0.012499999999999893,0.0027777777777777957,both_fail
6,1200,2005,risky_assessed,refuse,edge__risky_assessed__refuse,42,41,0.4583333333333333,0.4319444444444444,0.0263888888888889,0.1472222222222222,0.1333333333333333,0.0138888888888889,0.0736111111111111,0.0833333333333333,-0.0097222222222222,True,True,True,True,False,False,False,False,False,False,0.0013888888888888,0.0013888888888888,False,False,False,True,False,0.44513888888888886,0.14027777777777775,0.0784722222222222,0.026388888888888906,0.013888888888888895,0.009722222222222202,both_fail
6,1200,2006,risky_assessed,refuse,edge__risky_assessed__refuse,43,42,0.5138888888888888,0.5069444444444444,0.0069444444444444,0.1027777777777778,0.1125,-0.0097222222222221,0.0444444444444444,0.0569444444444444,-0.0124999999999999,True,True,True,True,False,False,False,False,False,False,0.0,0.0,False,False,False,True,False,0.5104166666666666,0.1076388888888889,0.0506944444444444,0.00694444444444442,0.009722222222222202,0.012500000000000004,both_fail
6,1200,2007,risky_assessed,refuse,edge__risky_assessed__refuse,43,42,0.5319444444444444,0.5111111111111111,0.0208333333333333,0.1208333333333333,0.1444444444444445,-0.0236111111111111,0.0597222222222222,0.0763888888888889,-0.0166666666666666,True,True,True,True,False,False,False,False,False,False,0.0013888888888888,0.0013888888888888,False,False,False,True,False,0.5215277777777778,0.1326388888888889,0.06805555555555555,0.02083333333333337,0.02361111111111118,0.016666666666666698,both_fail
6,1200,2008,risky_assessed,refuse,edge__risky_assessed__refuse,43,42,0.8027777777777777,0.7861111111111111,0.0166666666666666,0.0555555555555555,0.0625,-0.0069444444444444,0.0583333333333333,0.0652777777777777,-0.0069444444444444,True,True,True,True,False,False,True,True,False,False,0.0,0.0,False,False,False,True,False,0.7944444444444444,0.05902777777777775,0.0618055555555555,0.016666666666666607,0.006944444444444503,0.006944444444444399,both_fail
6,1200,2009,risky_assessed,refuse,edge__risky_assessed__refuse,43,42,0.5416666666666666,0.5166666666666666,0.025,0.0791666666666667,0.1069444444444445,-0.0277777777777777,0.0388888888888888,0.0541666666666666,-0.0152777777777777,True,True,True,True,False,False,False,False,False,False,0.0013888888888888,0.0,False,False,False,True,False,0.5291666666666666,0.0930555555555556,0.046527777777777696,0.025000000000000022,0.02777777777777779,0.0152777777777778,both_fail
6,1200,2010,risky_assessed,refuse,edge__risky_assessed__refuse,44,43,0.5444444444444444,0.5208333333333333,0.0236111111111111,0.0763888888888889,0.1013888888888889,-0.025,0.0361111111111111,0.0486111111111111,-0.0125,True,True,True,True,False,False,False,False,False,False,0.0013888888888888,0.0013888888888888,False,False,False,True,False,0.5326388888888889,0.0888888888888889,0.0423611111111111,0.023611111111111138,0.02500000000000001,0.012499999999999997,both_fail
6,1200,2011,risky_assessed,refuse,edge__risky_assessed__refuse,44,43,0.4833333333333333,0.4361111111111111,0.0472222222222222,0.0986111111111111,0.1416666666666666,-0.0430555555555554,0.0763888888888889,0.1013888888888888,-0.0249999999999999,True,True,True,True,False,False,False,False,False,False,0.0013888888888888,0.0,False,False,False,True,False,0.4597222222222222,0.12013888888888885,0.08888888888888885,0.047222222222222165,0.043055555555555514,0.02499999999999991,both_fail
6,1200,2012,risky_assessed,refuse,edge__risky_assessed__refuse,43,42,0.4847222222222222,0.4625,0.0222222222222222,0.1055555555555555,0.1055555555555555,5.551115123125783e-17,0.075,0.0916666666666666,-0.0166666666666666,True,True,True,True,False,False,False,False,False,False,0.0013888888888888,0.0013888888888888,False,False,False,True,False,0.4736111111111111,0.1055555555555555,0.0833333333333333,0.0222222222222222,0.0,0.016666666666666607,both_fail
6,1200,2013,risky_assessed,refuse,edge__risky_assessed__refuse,44,43,0.5444444444444444,0.5208333333333333,0.0236111111111111,0.0763888888888889,0.1013888888888889,-0.025,0.0361111111111111,0.0486111111111111,-0.0125,True,True,True,True,False,False,False,False,False,False,0.0013888888888888,0.0013888888888888,False,False,False,True,False,0.5326388888888889,0.0888888888888889,0.0423611111111111,0.023611111111111138,0.02500000000000001,0.012499999999999997,both_fail
6,1200,2014,risky_assessed,refuse,edge__risky_assessed__refuse,44,43,0.5333333333333333,0.5083333333333333,0.025,0.0916666666666666,0.1097222222222222,-0.0180555555555556,0.0458333333333333,0.0555555555555555,-0.0097222222222222,True,True,True,True,False,False,False,False,False,False,0.0027777777777777,0.0027777777777777,False,False,False,True,False,0.5208333333333333,0.10069444444444439,0.0506944444444444,0.025000000000000022,0.01805555555555559,0.009722222222222195,both_fail
6,1200,2015,risky_assessed,refuse,edge__risky_assessed__refuse,43,42,0.5333333333333333,0.5083333333333333,0.025,0.0916666666666666,0.1097222222222222,-0.0180555555555556,0.0458333333333333,0.0555555555555555,-0.0097222222222222,True,True,True,True,False,False,False,False,False,False,0.0027777777777777,0.0027777777777777,False,False,False,True,False,0.5208333333333333,0.10069444444444439,0.0506944444444444,0.025000000000000022,0.01805555555555559,0.009722222222222195,both_fail
6,2400,2000,risky_assessed,refuse,edge__risky_assessed__refuse,42,41,0.4944444444444444,0.4916666666666667,0.0027777777777777,0.1430555555555556,0.1347222222222222,0.0083333333333334,0.0527777777777777,0.0527777777777777,0.0,True,True,True,True,False,False,False,False,False,False,0.0,0.0,False,False,False,True,False,0.4930555555555556,0.1388888888888889,0.0527777777777777,0.0027777777777777124,0.008333333333333415,0.0,both_fail
6,2400,2001,risky_assessed,refuse,edge__risky_assessed__refuse,43,42,0.5138888888888888,0.5111111111111111,0.0027777777777777,0.1083333333333333,0.1083333333333333,0.0,0.0472222222222222,0.0555555555555555,-0.0083333333333333,True,True,True,True,False,False,False,False,False,False,0.0013888888888888,0.0013888888888888,False,False,False,True,False,0.5125,0.1083333333333333,0.051388888888888845,0.002777777777777768,0.0,0.008333333333333297,both_fail
6,2400,2002,risky_assessed,refuse,edge__risky_assessed__refuse,42,41,0.5125,0.5083333333333333,0.0041666666666666,0.1111111111111111,0.1111111111111111,0.0,0.0486111111111111,0.0597222222222222,-0.0111111111111111,True,True,True,True,False,False,False,False,False,False,0.0013888888888888,0.0013888888888888,False,False,False,True,False,0.5104166666666666,0.1111111111111111,0.05416666666666665,0.004166666666666652,0.0,0.0111111111111111,both_fail
6,2400,2003,risky_assessed,refuse,edge__risky_assessed__refuse,44,43,0.5083333333333333,0.5111111111111111,-0.0027777777777777,0.1125,0.1138888888888889,-0.0013888888888888,0.05,0.0555555555555555,-0.0055555555555555,True,True,True,True,False,False,False,False,False,False,0.0,0.0,False,False,False,True,False,0.5097222222222222,0.11319444444444446,0.05277777777777775,0.002777777777777768,0.0013888888888888978,0.005555555555555494,both_fail
6,2400,2004,risky_assessed,refuse,edge__risky_assessed__refuse,43,42,0.3777777777777777,0.3652777777777777,0.0125,0.0763888888888889,0.0875,-0.011111111111111,0.0305555555555555,0.0458333333333333,-0.0152777777777777,True,True,True,True,False,False,True,True,False,False,0.0013888888888888,0.0013888888888888,False,False,False,True,False,0.3715277777777777,0.08194444444444444,0.0381944444444444,0.012500000000000011,0.0111111111111111,0.015277777777777803,both_fail
6,2400,2005,risky_assessed,refuse,edge__risky_assessed__refuse,42,41,0.4736111111111111,0.4347222222222222,0.0388888888888889,0.1208333333333333,0.1416666666666667,-0.0208333333333334,0.0680555555555555,0.0902777777777777,-0.0222222222222222,True,True,True,True,False,False,False,False,False,False,0.0013888888888888,0.0013888888888888,False,False,False,True,False,0.4541666666666666,0.13125,0.07916666666666661,0.03888888888888892,0.020833333333333384,0.022222222222222213,both_fail
6,2400,2006,risky_assessed,refuse,edge__risky_assessed__refuse,43,42,0.5027777777777778,0.5027777777777778,0.0,0.1069444444444445,0.1125,-0.0055555555555555,0.0416666666666666,0.0513888888888888,-0.0097222222222222,True,True,True,True,False,False,False,False,False,False,0.0,0.0,False,False,False,True,False,0.5027777777777778,0.10972222222222225,0.0465277777777777,0.0,0.005555555555555508,0.009722222222222202,both_fail
6,2400,2007,risky_assessed,refuse,edge__risky_assessed__refuse,43,42,0.523611111111111,0.4930555555555556,0.0305555555555554,0.1402777777777779,0.1666666666666666,-0.0263888888888886,0.0624999999999999,0.0763888888888889,-0.0138888888888889,True,True,True,True,False,True,False,False,False,False,0.0013888888888888,0.0013888888888888,False,True,False,False,True,0.5083333333333333,0.15347222222222223,0.06944444444444439,0.030555555555555447,0.026388888888888712,0.013888888888888992,absent_only
6,2400,2008,risky_assessed,refuse,edge__risky_assessed__refuse,43,42,0.798611111111111,0.7833333333333333,0.0152777777777777,0.05,0.0638888888888888,-0.0138888888888888,0.0583333333333333,0.0638888888888889,-0.0055555555555555,True,True,True,True,False,False,True,True,False,False,0.0013888888888888,0.0013888888888888,False,False,False,True,False,0.7909722222222222,0.0569444444444444,0.0611111111111111,0.015277777777777724,0.013888888888888798,0.005555555555555598,both_fail
6,2400,2009,risky_assessed,refuse,edge__risky_assessed__refuse,43,42,0.5194444444444444,0.5152777777777777,0.0041666666666666,0.1,0.1013888888888889,-0.0013888888888888,0.0402777777777777,0.0513888888888888,-0.0111111111111111,True,True,True,True,False,False,False,False,False,False,0.0013888888888888,0.0013888888888888,False,False,False,True,False,0.517361111111111,0.10069444444444445,0.045833333333333254,0.004166666666666652,0.0013888888888888978,0.011111111111111106,both_fail
6,2400,2010,risky_assessed,refuse,edge__risky_assessed__refuse,44,43,0.523611111111111,0.5152777777777777,0.0083333333333333,0.0972222222222223,0.1027777777777778,-0.0055555555555555,0.0375,0.0527777777777777,-0.0152777777777777,True,True,True,True,False,False,False,False,False,False,0.0013888888888888,0.0013888888888888,False,False,False,True,False,0.5194444444444444,0.10000000000000005,0.04513888888888885,0.008333333333333304,0.005555555555555508,0.015277777777777703,both_fail
6,2400,2011,risky_assessed,refuse,edge__risky_assessed__refuse,44,43,0.5013888888888889,0.4402777777777778,0.061111111111111,0.1055555555555555,0.1499999999999998,-0.0444444444444443,0.0638888888888889,0.1013888888888888,-0.0374999999999999,True,True,True,True,False,False,False,False,False,False,0.0013888888888888,0.0013888888888888,False,False,False,True,False,0.4708333333333333,0.12777777777777766,0.08263888888888885,0.06111111111111106,0.0444444444444443,0.03749999999999991,both_fail
6,2400,2012,risky_assessed,refuse,edge__risky_assessed__refuse,43,42,0.5055555555555555,0.4708333333333334,0.0347222222222221,0.1041666666666667,0.1083333333333333,-0.0041666666666665,0.0680555555555555,0.0986111111111111,-0.0305555555555555,True,True,True,True,False,False,False,False,False,False,0.0013888888888888,0.0013888888888888,False,False,False,True,False,0.4881944444444445,0.10625,0.08333333333333329,0.034722222222222154,0.004166666666666596,0.0305555555555556,both_fail
6,2400,2013,risky_assessed,refuse,edge__risky_assessed__refuse,44,43,0.523611111111111,0.5152777777777777,0.0083333333333333,0.0972222222222223,0.1027777777777778,-0.0055555555555555,0.0375,0.0527777777777777,-0.0152777777777777,True,True,True,True,False,False,False,False,False,False,0.0013888888888888,0.0013888888888888,False,False,False,True,False,0.5194444444444444,0.10000000000000005,0.04513888888888885,0.008333333333333304,0.005555555555555508,0.015277777777777703,both_fail
6,2400,2014,risky_assessed,refuse,edge__risky_assessed__refuse,44,43,0.5138888888888888,0.5111111111111111,0.0027777777777777,0.1083333333333333,0.1083333333333333,0.0,0.0472222222222222,0.0555555555555555,-0.0083333333333333,True,True,True,True,False,False,False,False,False,False,0.0013888888888888,0.0013888888888888,False,False,False,True,False,0.5125,0.1083333333333333,0.051388888888888845,0.002777777777777768,0.0,0.008333333333333297,both_fail
6,2400,2015,risky_assessed,refuse,edge__risky_assessed__refuse,43,42,0.5138888888888888,0.5111111111111111,0.0027777777777777,0.1083333333333333,0.1083333333333333,0.0,0.0472222222222222,0.0555555555555555,-0.0083333333333333,True,True,True,True,False,False,False,False,False,False,0.0013888888888888,0.0013888888888888,False,False,False,True,False,0.5125,0.1083333333333333,0.051388888888888845,0.002777777777777768,0.0,0.008333333333333297,both_fail
7,600,2000,risky_assessed,refuse,edge__risky_assessed__refuse,42,41,0.2958333333333333,0.2444444444444444,0.0513888888888888,0.2944444444444444,0.2152777777777778,0.0791666666666666,0.2833333333333333,0.3388888888888888,-0.0555555555555555,True,True,True,True,True,True,True,True,True,True,0.0055555555555555,0.0111111111111111,False,False,True,False,False,0.2701388888888888,0.2548611111111111,0.31111111111111106,0.05138888888888887,0.07916666666666661,0.05555555555555547,both_pass
7,600,2001,risky_assessed,refuse,edge__risky_assessed__refuse,43,42,0.2944444444444444,0.25,0.0444444444444444,0.3277777777777778,0.2569444444444444,0.0708333333333333,0.2902777777777778,0.3319444444444445,-0.0416666666666666,True,True,True,True,True,True,True,True,True,True,0.0041666666666666,0.0069444444444444,False,False,True,False,False,0.2722222222222222,0.29236111111111107,0.3111111111111111,0.0444444444444444,0.07083333333333336,0.041666666666666685,both_pass
7,600,2002,risky_assessed,refuse,edge__risky_assessed__refuse,42,41,0.2958333333333333,0.2666666666666666,0.0291666666666666,0.3305555555555555,0.2708333333333333,0.0597222222222222,0.2916666666666667,0.3388888888888888,-0.0472222222222221,True,True,True,True,True,True,True,True,True,True,0.0069444444444444,0.0097222222222222,False,False,True,False,False,0.28124999999999994,0.3006944444444444,0.31527777777777777,0.029166666666666674,0.05972222222222218,0.04722222222222211,both_pass
7,600,2003,risky_assessed,refuse,edge__risky_assessed__refuse,44,43,0.2958333333333333,0.2597222222222222,0.0361111111111111,0.3166666666666667,0.225,0.0916666666666666,0.2833333333333333,0.3208333333333333,-0.0374999999999999,True,True,True,True,True,True,True,True,True,True,0.0041666666666666,0.0111111111111111,False,False,True,False,False,0.27777777777777773,0.27083333333333337,0.3020833333333333,0.036111111111111094,0.0916666666666667,0.03749999999999998,both_pass
7,600,2004,risky_assessed,refuse,edge__risky_assessed__refuse,43,42,0.2388888888888889,0.1791666666666666,0.0597222222222222,0.273611111111111,0.1999999999999999,0.073611111111111,0.2624999999999999,0.3027777777777777,-0.0402777777777778,True,True,True,True,True,True,True,True,True,True,0.0083333333333333,0.0125,False,False,True,False,False,0.20902777777777776,0.23680555555555546,0.2826388888888888,0.05972222222222229,0.07361111111111113,0.0402777777777778,both_pass
7,600,2005,risky_assessed,refuse,edge__risky_assessed__refuse,42,41,0.3652777777777778,0.2527777777777777,0.1125,0.3458333333333333,0.4055555555555555,-0.0597222222222222,0.2944444444444444,0.375,-0.0805555555555555,True,True,True,True,True,True,True,True,True,True,0.0111111111111111,0.0319444444444444,False,False,True,False,False,0.3090277777777778,0.37569444444444444,0.3347222222222222,0.1125000000000001,0.05972222222222218,0.0805555555555556,both_pass
7,600,2006,risky_assessed,refuse,edge__risky_assessed__refuse,43,42,0.3333333333333333,0.2958333333333333,0.0374999999999999,0.2583333333333333,0.1972222222222222,0.0611111111111111,0.2666666666666666,0.2972222222222222,-0.0305555555555555,True,True,True,True,True,True,True,True,True,True,0.0,0.0069444444444444,False,False,True,False,False,0.3145833333333333,0.22777777777777775,0.28194444444444444,0.03750000000000003,0.061111111111111116,0.030555555555555614,both_pass
7,600,2007,risky_assessed,refuse,edge__risky_assessed__refuse,43,42,0.3083333333333333,0.2319444444444444,0.0763888888888889,0.2763888888888888,0.175,0.1013888888888888,0.2777777777777778,0.3472222222222222,-0.0694444444444444,True,True,True,True,True,True,True,True,True,True,0.0041666666666666,0.0097222222222222,False,False,True,False,False,0.2701388888888888,0.2256944444444444,0.3125,0.0763888888888889,0.1013888888888888,0.06944444444444442,both_pass
7,600,2008,risky_assessed,refuse,edge__risky_assessed__refuse,43,42,0.5305555555555556,0.4069444444444444,0.1236111111111111,0.2138888888888889,0.2083333333333333,0.0055555555555555,0.2833333333333333,0.3791666666666666,-0.0958333333333333,True,True,True,True,True,True,True,True,True,True,0.0055555555555555,0.0097222222222222,False,False,True,False,False,0.46875,0.21111111111111108,0.33124999999999993,0.12361111111111117,0.005555555555555619,0.09583333333333327,both_pass
7,600,2009,risky_assessed,refuse,edge__risky_assessed__refuse,43,42,0.3,0.2472222222222222,0.0527777777777777,0.2930555555555555,0.2083333333333334,0.0847222222222221,0.2749999999999999,0.325,-0.05,True,True,True,True,True,True,True,True,True,True,0.0083333333333333,0.0138888888888888,False,False,True,False,False,0.2736111111111111,0.25069444444444444,0.29999999999999993,0.052777777777777785,0.08472222222222212,0.0500000000000001,both_pass
7,600,2010,risky_assessed,refuse,edge__risky_assessed__refuse,44,43,0.2930555555555555,0.2625,0.0305555555555555,0.3138888888888888,0.2236111111111111,0.0902777777777776,0.2791666666666667,0.3277777777777778,-0.0486111111111111,True,True,True,True,True,True,True,True,True,True,0.0041666666666666,0.0097222222222222,False,False,True,False,False,0.2777777777777778,0.26874999999999993,0.30347222222222225,0.030555555555555503,0.09027777777777768,0.048611111111111105,both_pass
7,600,2011,risky_assessed,refuse,edge__risky_assessed__refuse,44,43,0.3569444444444444,0.2416666666666666,0.1152777777777777,0.3236111111111111,0.3902777777777777,-0.0666666666666666,0.2875,0.3958333333333333,-0.1083333333333333,True,True,True,True,True,True,True,False,True,False,0.0138888888888888,0.0347222222222222,False,False,True,False,False,0.2993055555555555,0.3569444444444444,0.3416666666666667,0.11527777777777778,0.0666666666666666,0.10833333333333334,both_pass
7,600,2012,risky_assessed,refuse,edge__risky_assessed__refuse,43,42,0.3555555555555555,0.2208333333333333,0.1347222222222222,0.3319444444444444,0.4166666666666666,-0.0847222222222222,0.2847222222222222,0.4125,-0.1277777777777777,True,True,True,True,True,True,True,True,True,True,0.0138888888888888,0.0319444444444444,False,False,True,False,False,0.2881944444444444,0.37430555555555545,0.3486111111111111,0.13472222222222222,0.0847222222222222,0.12777777777777777,both_pass
7,600,2013,risky_assessed,refuse,edge__risky_assessed__refuse,44,43,0.2930555555555555,0.2625,0.0305555555555555,0.3138888888888888,0.2236111111111111,0.0902777777777776,0.2791666666666667,0.3277777777777778,-0.0486111111111111,True,True,True,True,True,True,True,True,True,True,0.0041666666666666,0.0097222222222222,False,False,True,False,False,0.2777777777777778,0.26874999999999993,0.30347222222222225,0.030555555555555503,0.09027777777777768,0.048611111111111105,both_pass
7,600,2014,risky_assessed,refuse,edge__risky_assessed__refuse,44,43,0.2944444444444444,0.2444444444444444,0.05,0.3277777777777778,0.2638888888888888,0.0638888888888889,0.2902777777777778,0.3347222222222222,-0.0444444444444444,True,True,True,True,True,True,True,True,True,True,0.0041666666666666,0.0069444444444444,False,False,True,False,False,0.2694444444444444,0.2958333333333333,0.3125,0.04999999999999999,0.063888888888889,0.0444444444444444,both_pass
7,600,2015,risky_assessed,refuse,edge__risky_assessed__refuse,43,42,0.2944444444444444,0.25,0.0444444444444444,0.3277777777777778,0.2569444444444444,0.0708333333333333,0.2902777777777778,0.3319444444444445,-0.0416666666666666,True,True,True,True,True,True,True,True,True,True,0.0041666666666666,0.0069444444444444,False,False,True,False,False,0.2722222222222222,0.29236111111111107,0.3111111111111111,0.0444444444444444,0.07083333333333336,0.041666666666666685,both_pass
7,1200,2000,risky_assessed,refuse,edge__risky_assessed__refuse,42,41,0.3111111111111111,0.2361111111111111,0.075,0.2666666666666666,0.2083333333333333,0.0583333333333332,0.2805555555555555,0.3069444444444444,-0.0263888888888889,True,True,True,True,True,True,True,True,True,True,0.0055555555555555,0.0138888888888888,False,False,True,False,False,0.27361111111111114,0.23749999999999993,0.29374999999999996,0.07500000000000001,0.05833333333333332,0.026388888888888906,both_pass
7,1200,2001,risky_assessed,refuse,edge__risky_assessed__refuse,43,42,0.3138888888888889,0.2388888888888889,0.0749999999999999,0.3097222222222222,0.2569444444444444,0.0527777777777778,0.2777777777777778,0.3166666666666666,-0.0388888888888888,True,True,True,True,True,True,True,True,True,True,0.0027777777777777,0.0111111111111111,False,False,True,False,False,0.2763888888888889,0.2833333333333333,0.29722222222222217,0.07499999999999998,0.05277777777777776,0.038888888888888806,both_pass
7,1200,2002,risky_assessed,refuse,edge__risky_assessed__refuse,42,41,0.3291666666666666,0.2625,0.0666666666666666,0.2986111111111111,0.2513888888888888,0.0472222222222222,0.2847222222222222,0.3069444444444444,-0.0222222222222221,True,True,True,True,True,True,True,True,True,True,0.0069444444444444,0.0125,False,False,True,False,False,0.2958333333333333,0.2749999999999999,0.2958333333333333,0.0666666666666666,0.04722222222222233,0.0222222222222222,both_pass
7,1200,2003,risky_assessed,refuse,edge__risky_assessed__refuse,44,43,0.3111111111111111,0.2597222222222222,0.0513888888888888,0.298611111111111,0.2180555555555555,0.0805555555555554,0.275,0.2958333333333333,-0.0208333333333333,True,True,True,True,True,True,True,True,True,True,0.0041666666666666,0.0125,False,False,True,False,False,0.28541666666666665,0.25833333333333325,0.28541666666666665,0.05138888888888893,0.08055555555555549,0.02083333333333326,both_pass
7,1200,2004,risky_assessed,refuse,edge__risky_assessed__refuse,43,42,0.275,0.175,0.1,0.2249999999999999,0.1958333333333333,0.0291666666666666,0.2347222222222222,0.2888888888888888,-0.0541666666666666,True,True,True,True,True,True,True,True,True,True,0.0041666666666666,0.0125,False,False,True,False,False,0.225,0.21041666666666659,0.2618055555555555,0.10000000000000003,0.02916666666666659,0.05416666666666661,both_pass
7,1200,2005,risky_assessed,refuse,edge__risky_assessed__refuse,42,41,0.3708333333333333,0.2652777777777778,0.1055555555555555,0.3458333333333334,0.3652777777777777,-0.0194444444444443,0.3013888888888889,0.375,-0.0736111111111111,True,True,True,True,True,True,True,True,True,True,0.0138888888888888,0.0402777777777777,False,False,True,False,False,0.31805555555555554,0.3555555555555555,0.33819444444444446,0.10555555555555551,0.01944444444444432,0.07361111111111113,both_pass
7,1200,2006,risky_assessed,refuse,edge__risky_assessed__refuse,43,42,0.3111111111111111,0.2319444444444444,0.0791666666666666,0.2402777777777777,0.2069444444444444,0.0333333333333332,0.2597222222222222,0.2930555555555555,-0.0333333333333333,True,True,True,True,True,True,True,True,True,True,0.0069444444444444,0.0152777777777777,False,False,True,False,False,0.27152777777777776,0.22361111111111104,0.27638888888888885,0.07916666666666672,0.0333333333333333,0.033333333333333326,both_pass
7,1200,2007,risky_assessed,refuse,edge__risky_assessed__refuse,43,42,0.3194444444444445,0.25,0.0694444444444444,0.2791666666666667,0.1388888888888889,0.1402777777777778,0.2611111111111111,0.3138888888888889,-0.0527777777777777,True,True,True,True,True,False,True,True,True,False,0.0027777777777777,0.0111111111111111,True,False,False,False,True,0.2847222222222222,0.20902777777777778,0.2875,0.06944444444444448,0.14027777777777778,0.05277777777777776,present_only
7,1200,2008,risky_assessed,refuse,edge__risky_assessed__refuse,43,42,0.5013888888888889,0.3902777777777778,0.1111111111111111,0.2152777777777778,0.1583333333333332,0.0569444444444445,0.2805555555555555,0.3513888888888889,-0.0708333333333334,True,True,True,True,True,True,True,True,True,True,0.0083333333333333,0.0208333333333333,False,False,True,False,False,0.4458333333333333,0.1868055555555555,0.3159722222222222,0.1111111111111111,0.0569444444444446,0.07083333333333341,both_pass
7,1200,2009,risky_assessed,refuse,edge__risky_assessed__refuse,43,42,0.3055555555555556,0.2375,0.0680555555555555,0.288888888888889,0.2152777777777778,0.0736111111111111,0.2819444444444444,0.3013888888888889,-0.0194444444444444,True,True,True,True,True,True,True,True,True,True,0.0027777777777777,0.0152777777777777,False,False,True,False,False,0.2715277777777778,0.2520833333333334,0.29166666666666663,0.06805555555555559,0.07361111111111118,0.019444444444444486,both_pass
7,1200,2010,risky_assessed,refuse,edge__risky_assessed__refuse,44,43,0.3125,0.2611111111111111,0.0513888888888888,0.2888888888888888,0.2138888888888888,0.075,0.2625,0.2861111111111111,-0.023611111111111,True,True,True,True,True,True,True,True,True,True,0.0041666666666666,0.0125,False,False,True,False,False,0.28680555555555554,0.2513888888888888,0.2743055555555556,0.05138888888888887,0.07500000000000001,0.023611111111111083,both_pass
7,1200,2011,risky_assessed,refuse,edge__risky_assessed__refuse,44,43,0.3333333333333333,0.2263888888888889,0.1069444444444444,0.3347222222222221,0.3569444444444445,-0.0222222222222223,0.3027777777777777,0.3986111111111111,-0.0958333333333333,True,True,True,True,True,True,True,True,True,True,0.0111111111111111,0.0416666666666666,False,False,True,False,False,0.2798611111111111,0.3458333333333333,0.3506944444444444,0.10694444444444443,0.02222222222222242,0.09583333333333338,both_pass
7,1200,2012,risky_assessed,refuse,edge__risky_assessed__refuse,43,42,0.3708333333333333,0.2416666666666666,0.1291666666666667,0.3291666666666666,0.3749999999999999,-0.0458333333333333,0.3041666666666666,0.3888888888888889,-0.0847222222222222,True,True,True,True,True,True,True,True,True,True,0.0125,0.0458333333333333,False,False,True,False,False,0.30624999999999997,0.35208333333333325,0.34652777777777777,0.12916666666666668,0.04583333333333328,0.08472222222222231,both_pass
7,1200,2013,risky_assessed,refuse,edge__risky_assessed__refuse,44,43,0.3125,0.2611111111111111,0.0513888888888888,0.2888888888888888,0.2138888888888888,0.075,0.2625,0.2861111111111111,-0.023611111111111,True,True,True,True,True,True,True,True,True,True,0.0041666666666666,0.0125,False,False,True,False,False,0.28680555555555554,0.2513888888888888,0.2743055555555556,0.05138888888888887,0.07500000000000001,0.023611111111111083,both_pass
7,1200,2014,risky_assessed,refuse,edge__risky_assessed__refuse,44,43,0.3138888888888889,0.2388888888888889,0.0749999999999999,0.3097222222222222,0.2569444444444444,0.0527777777777778,0.2777777777777778,0.3166666666666666,-0.0388888888888888,True,True,True,True,True,True,True,True,True,True,0.0027777777777777,0.0111111111111111,False,False,True,False,False,0.2763888888888889,0.2833333333333333,0.29722222222222217,0.07499999999999998,0.05277777777777776,0.038888888888888806,both_pass
7,1200,2015,risky_assessed,refuse,edge__risky_assessed__refuse,43,42,0.3138888888888889,0.2388888888888889,0.0749999999999999,0.3097222222222222,0.2569444444444444,0.0527777777777778,0.2777777777777778,0.3166666666666666,-0.0388888888888888,True,True,True,True,True,True,True,True,True,True,0.0027777777777777,0.0111111111111111,False,False,True,False,False,0.2763888888888889,0.2833333333333333,0.29722222222222217,0.07499999999999998,0.05277777777777776,0.038888888888888806,both_pass
7,2400,2000,risky_assessed,refuse,edge__risky_assessed__refuse,42,41,0.325,0.2388888888888889,0.0861111111111111,0.2736111111111111,0.2208333333333333,0.0527777777777777,0.2708333333333333,0.3194444444444444,-0.0486111111111111,True,True,True,True,True,True,True,True,True,True,0.0097222222222222,0.0111111111111111,False,False,True,False,False,0.28194444444444444,0.24722222222222218,0.29513888888888884,0.08611111111111111,0.052777777777777785,0.048611111111111105,both_pass
7,2400,2001,risky_assessed,refuse,edge__risky_assessed__refuse,43,42,0.3291666666666666,0.2458333333333333,0.0833333333333333,0.2902777777777778,0.261111111111111,0.0291666666666667,0.2736111111111111,0.3263888888888889,-0.0527777777777777,True,True,True,True,True,True,True,True,True,True,0.0027777777777777,0.0111111111111111,False,False,True,False,False,0.2875,0.2756944444444444,0.3,0.08333333333333331,0.029166666666666785,0.05277777777777781,both_pass
7,2400,2002,risky_assessed,refuse,edge__risky_assessed__refuse,42,41,0.3263888888888889,0.2430555555555555,0.0833333333333333,0.3041666666666666,0.2791666666666667,0.0249999999999999,0.2861111111111111,0.3527777777777777,-0.0666666666666666,True,True,True,True,True,True,True,True,True,True,0.0055555555555555,0.0125,False,False,True,False,False,0.2847222222222222,0.29166666666666663,0.3194444444444444,0.0833333333333334,0.02499999999999991,0.0666666666666666,both_pass
7,2400,2003,risky_assessed,refuse,edge__risky_assessed__refuse,44,43,0.3277777777777778,0.2583333333333333,0.0694444444444444,0.2888888888888888,0.2319444444444444,0.0569444444444443,0.2652777777777778,0.3152777777777778,-0.05,True,True,True,True,True,True,True,True,True,True,0.0055555555555555,0.0055555555555555,False,False,True,False,False,0.2930555555555555,0.26041666666666663,0.2902777777777778,0.06944444444444448,0.05694444444444441,0.050000000000000044,both_pass
7,2400,2004,risky_assessed,refuse,edge__risky_assessed__refuse,43,42,0.2638888888888889,0.1666666666666666,0.0972222222222222,0.2194444444444444,0.2069444444444444,0.0124999999999999,0.2416666666666666,0.3069444444444444,-0.0652777777777777,True,True,True,True,True,True,True,True,True,True,0.0097222222222222,0.0097222222222222,False,False,True,False,False,0.21527777777777773,0.2131944444444444,0.2743055555555555,0.0972222222222223,0.012499999999999983,0.0652777777777778,both_pass
7,2400,2005,risky_assessed,refuse,edge__risky_assessed__refuse,42,41,0.375,0.2694444444444444,0.1055555555555555,0.3597222222222223,0.3972222222222222,-0.0374999999999999,0.2847222222222222,0.386111111111111,-0.1013888888888888,True,True,True,True,True,True,True,True,True,True,0.0111111111111111,0.0388888888888888,False,False,True,False,False,0.3222222222222222,0.3784722222222222,0.3354166666666666,0.10555555555555562,0.03749999999999992,0.1013888888888888,both_pass
7,2400,2006,risky_assessed,refuse,edge__risky_assessed__refuse,43,42,0.3333333333333333,0.2638888888888889,0.0694444444444444,0.2388888888888888,0.2180555555555555,0.0208333333333333,0.2375,0.2972222222222222,-0.0597222222222222,True,True,True,True,True,True,True,True,True,True,0.0069444444444444,0.0083333333333333,False,False,True,False,False,0.2986111111111111,0.22847222222222213,0.2673611111111111,0.06944444444444442,0.020833333333333287,0.05972222222222223,both_pass
7,2400,2007,risky_assessed,refuse,edge__risky_assessed__refuse,43,42,0.3097222222222222,0.2458333333333333,0.0638888888888889,0.2888888888888888,0.1458333333333333,0.1430555555555555,0.2611111111111111,0.3319444444444444,-0.0708333333333333,True,True,True,True,True,False,True,True,True,False,0.0041666666666666,0.0138888888888888,True,False,False,False,True,0.27777777777777773,0.21736111111111106,0.2965277777777777,0.06388888888888888,0.14305555555555552,0.07083333333333325,present_only
7,2400,2008,risky_assessed,refuse,edge__risky_assessed__refuse,43,42,0.525,0.3930555555555555,0.1319444444444444,0.2111111111111111,0.1680555555555555,0.0430555555555555,0.2819444444444444,0.3513888888888888,-0.0694444444444444,True,True,True,True,True,True,True,True,True,True,0.0041666666666666,0.0236111111111111,False,False,True,False,False,0.45902777777777776,0.18958333333333333,0.3166666666666666,0.13194444444444453,0.0430555555555556,0.06944444444444442,both_pass
7,2400,2009,risky_assessed,refuse,edge__risky_assessed__refuse,43,42,0.3222222222222222,0.2361111111111111,0.0861111111111111,0.2819444444444444,0.2124999999999999,0.0694444444444444,0.2763888888888889,0.3194444444444444,-0.0430555555555555,True,True,True,True,True,True,True,True,True,True,0.0055555555555555,0.0111111111111111,False,False,True,False,False,0.2791666666666667,0.24722222222222215,0.29791666666666666,0.08611111111111108,0.06944444444444448,0.043055555555555514,both_pass
7,2400,2010,risky_assessed,refuse,edge__risky_assessed__refuse,44,43,0.325,0.2569444444444444,0.0680555555555555,0.2847222222222221,0.2291666666666666,0.0555555555555554,0.2638888888888889,0.3138888888888889,-0.0499999999999999,True,True,True,True,True,True,True,True,True,True,0.0055555555555555,0.0083333333333333,False,False,True,False,False,0.2909722222222222,0.25694444444444436,0.28888888888888886,0.06805555555555559,0.0555555555555555,0.04999999999999999,both_pass
7,2400,2011,risky_assessed,refuse,edge__risky_assessed__refuse,44,43,0.3388888888888889,0.2194444444444444,0.1194444444444444,0.3597222222222223,0.4013888888888889,-0.0416666666666666,0.3125,0.4194444444444444,-0.1069444444444444,True,True,True,True,True,True,True,True,True,True,0.0083333333333333,0.0444444444444444,False,False,True,False,False,0.2791666666666667,0.3805555555555556,0.3659722222222222,0.11944444444444452,0.04166666666666663,0.1069444444444444,both_pass
7,2400,2012,risky_assessed,refuse,edge__risky_assessed__refuse,43,42,0.3875,0.2555555555555555,0.1319444444444444,0.323611111111111,0.3930555555555555,-0.0694444444444444,0.2986111111111111,0.3986111111111111,-0.0999999999999999,True,True,True,True,True,True,True,True,True,True,0.0097222222222222,0.0402777777777777,False,False,True,False,False,0.32152777777777775,0.3583333333333333,0.3486111111111111,0.13194444444444453,0.06944444444444448,0.09999999999999998,both_pass
7,2400,2013,risky_assessed,refuse,edge__risky_assessed__refuse,44,43,0.325,0.2569444444444444,0.0680555555555555,0.2847222222222221,0.2291666666666666,0.0555555555555554,0.2638888888888889,0.3138888888888889,-0.0499999999999999,True,True,True,True,True,True,True,True,True,True,0.0055555555555555,0.0083333333333333,False,False,True,False,False,0.2909722222222222,0.25694444444444436,0.28888888888888886,0.06805555555555559,0.0555555555555555,0.04999999999999999,both_pass
7,2400,2014,risky_assessed,refuse,edge__risky_assessed__refuse,44,43,0.3291666666666666,0.2458333333333333,0.0833333333333333,0.2902777777777778,0.261111111111111,0.0291666666666667,0.2736111111111111,0.3263888888888889,-0.0527777777777777,True,True,True,True,True,True,True,True,True,True,0.0027777777777777,0.0111111111111111,False,False,True,False,False,0.2875,0.2756944444444444,0.3,0.08333333333333331,0.029166666666666785,0.05277777777777781,both_pass
7,2400,2015,risky_assessed,refuse,edge__risky_assessed__refuse,43,42,0.3291666666666666,0.2458333333333333,0.0833333333333333,0.2902777777777778,0.261111111111111,0.0291666666666667,0.2736111111111111,0.3263888888888889,-0.0527777777777777,True,True,True,True,True,True,True,True,True,True,0.0027777777777777,0.0111111111111111,False,False,True,False,False,0.2875,0.2756944444444444,0.3,0.08333333333333331,0.029166666666666785,0.05277777777777781,both_pass
